frame,time_s,time_h,mechanism,frequency_hz,sigma_real_s_m,sigma_imag_s_m,residual_norm,solve_height_px,solve_width_px,downsample,water_sigma_real_s_m,water_sigma_imag_s_m,solid_sigma_real_s_m,solid_sigma_imag_s_m
1,1.0,0.0002777777777777778,maxwell,1.0,0.0066356195244329464,2.859375813463055e-09,2.1953872224657584e-15,53,144,8,0.013,4.448495197483147e-09,1e-08,4.726526147325844e-10
1,1.0,0.0002777777777777778,maxwell,2.5,0.006635619524455996,7.148439533672675e-09,2.007932513291969e-15,53,144,8,0.013,1.112123799370787e-08,1e-08,1.1816315368314611e-09
1,1.0,0.0002777777777777778,maxwell,10.0,0.006635619524451981,2.8593758134661907e-08,1.972733812549763e-15,53,144,8,0.013,4.448495197483148e-08,1e-08,4.7265261473258444e-09
1,1.0,0.0002777777777777778,maxwell,100.0,0.0066356195248494475,2.8593758133124805e-07,2.3734281301444254e-15,53,144,8,0.013,4.4484951974831477e-07,1e-08,4.7265261473258444e-08
1,1.0,0.0002777777777777778,maxwell,1000.0,0.0066356195616825145,2.859375797763e-06,2.103828501715696e-15,53,144,8,0.013,4.448495197483147e-06,1e-08,4.726526147325844e-07
1,1.0,0.0002777777777777778,maxwell,10000.0,0.006635623248863431,2.859374243144979e-05,2.157435587071717e-15,53,144,8,0.013,4.448495197483148e-05,1e-08,4.726526147325844e-06
1,1.0,0.0002777777777777778,pore,1.0,0.007125840682761402,1.1756777558633664e-05,2.1674103756010526e-15,53,144,8,0.013960405731091325,2.3033025717120292e-05,1e-08,0.0
1,1.0,0.0002777777777777778,pore,2.5,0.007126905397901128,4.8428016795190045e-06,2.0243192417434957e-15,53,144,8,0.013962491643681926,9.487665737608071e-06,1e-08,0.0
1,1.0,0.0002777777777777778,pore,10.0,0.007127130391600648,1.2194020727042798e-06,2.0900967603087657e-15,53,144,8,0.013962932435049355,2.3889640813663582e-06,1e-08,0.0
1,1.0,0.0002777777777777778,pore,100.0,0.007127145817770761,1.220019707693084e-07,2.0129845808111247e-15,53,144,8,0.01396296265690752,2.390174107033581e-07,1e-08,0.0
1,1.0,0.0002777777777777778,pore,1000.0,0.007127145972414662,1.2200259142282257e-08,1.8693100189651715e-15,53,144,8,0.01396296295990233,2.3901862664254305e-08,1e-08,0.0
1,1.0,0.0002777777777777778,pore,10000.0,0.007127145973967502,1.2200259762970334e-09,1.8425159050422602e-15,53,144,8,0.013962962962932358,2.390186388025306e-09,1e-08,0.0
1,1.0,0.0002777777777777778,membrane,1.0,0.20767216791843693,0.1732121911046898,2.145132159246678e-15,53,144,8,0.4068562217567122,0.33934475942673387,1e-08,0.0
1,1.0,0.0002777777777777778,membrane,2.5,0.31848575313625327,0.25184192753869405,2.2964766533516653e-15,53,144,8,0.6239541591261051,0.4933904349856972,1e-08,0.0
1,1.0,0.0002777777777777778,membrane,10.0,0.5984698636799216,0.4088395845326083,2.185566170301654e-15,53,144,8,1.1724787175330968,0.8009688554355231,1e-08,0.0
1,1.0,0.0002777777777777778,membrane,100.0,1.4462396820739543,0.540463616230141,2.1183468314235638e-15,53,144,8,2.8333678456942364,1.0588371098905618,1e-08,0.0
1,1.0,0.0002777777777777778,membrane,1000.0,2.015687303512939,0.2028483670374801,1.8407158987003252e-15,53,144,8,3.9489883160082537,0.3974058054066444,1e-08,0.0
1,1.0,0.0002777777777777778,membrane,10000.0,2.1533007018731993,0.06419191475719462,1.9747402481399024e-15,53,144,8,4.218590503135301,0.12576014269798896,1e-08,0.0
1,1.0,0.0002777777777777778,grain,1.0,0.006635623961884865,4.437424809984853e-08,1.9739762094329846e-15,53,144,8,0.013000008693480782,8.693480782186744e-08,1e-08,0.0
1,1.0,0.0002777777777777778,grain,2.5,0.006635645888009192,1.0545409548504971e-07,1.9999356612215064e-15,53,144,8,0.01300005164950347,2.065980138825556e-07,1e-08,0.0
1,1.0,0.0002777777777777778,grain,10.0,0.006635843614369144,2.2408995290290525e-07,1.9749051464107883e-15,53,144,8,0.0130004390207795,4.3902077950043066e-07,1e-08,0.0
1,1.0,0.0002777777777777778,grain,100.0,0.006636063266933166,4.437424810002245e-08,2.0908066214840016e-15,53,144,8,0.013000869348078217,8.693480782186747e-08,1e-08,0.0
1,1.0,0.0002777777777777778,grain,1000.0,0.006636067659556649,4.48135092299912e-09,1.9160035395158147e-15,53,144,8,0.013000877953763625,8.77953763624499e-09,1e-08,0.0
1,1.0,0.0002777777777777778,grain,10000.0,0.006636067703911772,4.4817945763121185e-10,2.0718818373861277e-15,53,144,8,0.013000878040680959,8.780406809601803e-10,1e-08,0.0
1,1.0,0.0002777777777777778,all,1.0,0.2081623935139494,0.17322399511617814,2.193041360279251e-15,53,144,8,0.4078166361812843,0.339367883835754,1e-08,4.726526147325844e-10
1,1.0,0.0002777777777777778,all,2.5,0.31897706537185405,0.25184688294390206,2.209286453885305e-15,53,144,8,0.6249167024192904,0.49340014037068664,1e-08,1.1816315368314611e-09
1,1.0,0.0002777777777777778,all,10.0,0.5989615986399881,0.40884105661902204,2.324862323648717e-15,53,144,8,1.1734420889889259,0.800971727905336,1e-08,4.7265261473258444e-09
1,1.0,0.0002777777777777778,all,100.0,1.4467316521099438,0.5404640685421626,2.19959096787478e-15,53,144,8,2.8343316776992222,1.0588378806923,1e-08,4.7265261473258444e-08
1,1.0,0.0002777777777777778,all,1000.0,2.0161792780969776,0.20285124309529406,2.1347411133212782e-15,53,144,8,3.9499521569219196,0.3974102865832422,1e-08,4.726526147325844e-07
1,1.0,0.0002777777777777778,all,10000.0,2.1537926765135422,0.0642205101994975,2.236119929448053e-15,53,144,8,4.219554344138915,0.12580463091819086,1e-08,4.726526147325844e-06
2,2.0,0.0005555555555555556,maxwell,1.0,0.0066356195244329464,2.859375813463055e-09,2.1953872224657584e-15,53,144,8,0.013,4.448495197483147e-09,1e-08,4.726526147325844e-10
2,2.0,0.0005555555555555556,maxwell,2.5,0.006635619524455996,7.148439533672675e-09,2.007932513291969e-15,53,144,8,0.013,1.112123799370787e-08,1e-08,1.1816315368314611e-09
2,2.0,0.0005555555555555556,maxwell,10.0,0.006635619524451981,2.8593758134661907e-08,1.972733812549763e-15,53,144,8,0.013,4.448495197483148e-08,1e-08,4.7265261473258444e-09
2,2.0,0.0005555555555555556,maxwell,100.0,0.0066356195248494475,2.8593758133124805e-07,2.3734281301444254e-15,53,144,8,0.013,4.4484951974831477e-07,1e-08,4.7265261473258444e-08
2,2.0,0.0005555555555555556,maxwell,1000.0,0.0066356195616825145,2.859375797763e-06,2.103828501715696e-15,53,144,8,0.013,4.448495197483147e-06,1e-08,4.726526147325844e-07
2,2.0,0.0005555555555555556,maxwell,10000.0,0.006635623248863431,2.859374243144979e-05,2.157435587071717e-15,53,144,8,0.013,4.448495197483148e-05,1e-08,4.726526147325844e-06
2,2.0,0.0005555555555555556,pore,1.0,0.007125840682761402,1.1756777558633664e-05,2.1674103756010526e-15,53,144,8,0.013960405731091325,2.3033025717120292e-05,1e-08,0.0
2,2.0,0.0005555555555555556,pore,2.5,0.007126905397901128,4.8428016795190045e-06,2.0243192417434957e-15,53,144,8,0.013962491643681926,9.487665737608071e-06,1e-08,0.0
2,2.0,0.0005555555555555556,pore,10.0,0.007127130391600648,1.2194020727042798e-06,2.0900967603087657e-15,53,144,8,0.013962932435049355,2.3889640813663582e-06,1e-08,0.0
2,2.0,0.0005555555555555556,pore,100.0,0.007127145817770761,1.220019707693084e-07,2.0129845808111247e-15,53,144,8,0.01396296265690752,2.390174107033581e-07,1e-08,0.0
2,2.0,0.0005555555555555556,pore,1000.0,0.007127145972414662,1.2200259142282257e-08,1.8693100189651715e-15,53,144,8,0.01396296295990233,2.3901862664254305e-08,1e-08,0.0
2,2.0,0.0005555555555555556,pore,10000.0,0.007127145973967502,1.2200259762970334e-09,1.8425159050422602e-15,53,144,8,0.013962962962932358,2.390186388025306e-09,1e-08,0.0
2,2.0,0.0005555555555555556,membrane,1.0,0.20767216791843693,0.1732121911046898,2.145132159246678e-15,53,144,8,0.4068562217567122,0.33934475942673387,1e-08,0.0
2,2.0,0.0005555555555555556,membrane,2.5,0.31848575313625327,0.25184192753869405,2.2964766533516653e-15,53,144,8,0.6239541591261051,0.4933904349856972,1e-08,0.0
2,2.0,0.0005555555555555556,membrane,10.0,0.5984698636799216,0.4088395845326083,2.185566170301654e-15,53,144,8,1.1724787175330968,0.8009688554355231,1e-08,0.0
2,2.0,0.0005555555555555556,membrane,100.0,1.4462396820739543,0.540463616230141,2.1183468314235638e-15,53,144,8,2.8333678456942364,1.0588371098905618,1e-08,0.0
2,2.0,0.0005555555555555556,membrane,1000.0,2.015687303512939,0.2028483670374801,1.8407158987003252e-15,53,144,8,3.9489883160082537,0.3974058054066444,1e-08,0.0
2,2.0,0.0005555555555555556,membrane,10000.0,2.1533007018731993,0.06419191475719462,1.9747402481399024e-15,53,144,8,4.218590503135301,0.12576014269798896,1e-08,0.0
2,2.0,0.0005555555555555556,grain,1.0,0.006635623961884865,4.437424809984853e-08,1.9739762094329846e-15,53,144,8,0.013000008693480782,8.693480782186744e-08,1e-08,0.0
2,2.0,0.0005555555555555556,grain,2.5,0.006635645888009192,1.0545409548504971e-07,1.9999356612215064e-15,53,144,8,0.01300005164950347,2.065980138825556e-07,1e-08,0.0
2,2.0,0.0005555555555555556,grain,10.0,0.006635843614369144,2.2408995290290525e-07,1.9749051464107883e-15,53,144,8,0.0130004390207795,4.3902077950043066e-07,1e-08,0.0
2,2.0,0.0005555555555555556,grain,100.0,0.006636063266933166,4.437424810002245e-08,2.0908066214840016e-15,53,144,8,0.013000869348078217,8.693480782186747e-08,1e-08,0.0
2,2.0,0.0005555555555555556,grain,1000.0,0.006636067659556649,4.48135092299912e-09,1.9160035395158147e-15,53,144,8,0.013000877953763625,8.77953763624499e-09,1e-08,0.0
2,2.0,0.0005555555555555556,grain,10000.0,0.006636067703911772,4.4817945763121185e-10,2.0718818373861277e-15,53,144,8,0.013000878040680959,8.780406809601803e-10,1e-08,0.0
2,2.0,0.0005555555555555556,all,1.0,0.2081623935139494,0.17322399511617814,2.193041360279251e-15,53,144,8,0.4078166361812843,0.339367883835754,1e-08,4.726526147325844e-10
2,2.0,0.0005555555555555556,all,2.5,0.31897706537185405,0.25184688294390206,2.209286453885305e-15,53,144,8,0.6249167024192904,0.49340014037068664,1e-08,1.1816315368314611e-09
2,2.0,0.0005555555555555556,all,10.0,0.5989615986399881,0.40884105661902204,2.324862323648717e-15,53,144,8,1.1734420889889259,0.800971727905336,1e-08,4.7265261473258444e-09
2,2.0,0.0005555555555555556,all,100.0,1.4467316521099438,0.5404640685421626,2.19959096787478e-15,53,144,8,2.8343316776992222,1.0588378806923,1e-08,4.7265261473258444e-08
2,2.0,0.0005555555555555556,all,1000.0,2.0161792780969776,0.20285124309529406,2.1347411133212782e-15,53,144,8,3.9499521569219196,0.3974102865832422,1e-08,4.726526147325844e-07
2,2.0,0.0005555555555555556,all,10000.0,2.1537926765135422,0.0642205101994975,2.236119929448053e-15,53,144,8,4.219554344138915,0.12580463091819086,1e-08,4.726526147325844e-06
3,4.0,0.0011111111111111111,maxwell,1.0,0.0066356195244329464,2.859375813463055e-09,2.1953872224657584e-15,53,144,8,0.013,4.448495197483147e-09,1e-08,4.726526147325844e-10
3,4.0,0.0011111111111111111,maxwell,2.5,0.006635619524455996,7.148439533672675e-09,2.007932513291969e-15,53,144,8,0.013,1.112123799370787e-08,1e-08,1.1816315368314611e-09
3,4.0,0.0011111111111111111,maxwell,10.0,0.006635619524451981,2.8593758134661907e-08,1.972733812549763e-15,53,144,8,0.013,4.448495197483148e-08,1e-08,4.7265261473258444e-09
3,4.0,0.0011111111111111111,maxwell,100.0,0.0066356195248494475,2.8593758133124805e-07,2.3734281301444254e-15,53,144,8,0.013,4.4484951974831477e-07,1e-08,4.7265261473258444e-08
3,4.0,0.0011111111111111111,maxwell,1000.0,0.0066356195616825145,2.859375797763e-06,2.103828501715696e-15,53,144,8,0.013,4.448495197483147e-06,1e-08,4.726526147325844e-07
3,4.0,0.0011111111111111111,maxwell,10000.0,0.006635623248863431,2.859374243144979e-05,2.157435587071717e-15,53,144,8,0.013,4.448495197483148e-05,1e-08,4.726526147325844e-06
3,4.0,0.0011111111111111111,pore,1.0,0.007125840682761402,1.1756777558633664e-05,2.1674103756010526e-15,53,144,8,0.013960405731091325,2.3033025717120292e-05,1e-08,0.0
3,4.0,0.0011111111111111111,pore,2.5,0.007126905397901128,4.8428016795190045e-06,2.0243192417434957e-15,53,144,8,0.013962491643681926,9.487665737608071e-06,1e-08,0.0
3,4.0,0.0011111111111111111,pore,10.0,0.007127130391600648,1.2194020727042798e-06,2.0900967603087657e-15,53,144,8,0.013962932435049355,2.3889640813663582e-06,1e-08,0.0
3,4.0,0.0011111111111111111,pore,100.0,0.007127145817770761,1.220019707693084e-07,2.0129845808111247e-15,53,144,8,0.01396296265690752,2.390174107033581e-07,1e-08,0.0
3,4.0,0.0011111111111111111,pore,1000.0,0.007127145972414662,1.2200259142282257e-08,1.8693100189651715e-15,53,144,8,0.01396296295990233,2.3901862664254305e-08,1e-08,0.0
3,4.0,0.0011111111111111111,pore,10000.0,0.007127145973967502,1.2200259762970334e-09,1.8425159050422602e-15,53,144,8,0.013962962962932358,2.390186388025306e-09,1e-08,0.0
3,4.0,0.0011111111111111111,membrane,1.0,0.20767216791843693,0.1732121911046898,2.145132159246678e-15,53,144,8,0.4068562217567122,0.33934475942673387,1e-08,0.0
3,4.0,0.0011111111111111111,membrane,2.5,0.31848575313625327,0.25184192753869405,2.2964766533516653e-15,53,144,8,0.6239541591261051,0.4933904349856972,1e-08,0.0
3,4.0,0.0011111111111111111,membrane,10.0,0.5984698636799216,0.4088395845326083,2.185566170301654e-15,53,144,8,1.1724787175330968,0.8009688554355231,1e-08,0.0
3,4.0,0.0011111111111111111,membrane,100.0,1.4462396820739543,0.540463616230141,2.1183468314235638e-15,53,144,8,2.8333678456942364,1.0588371098905618,1e-08,0.0
3,4.0,0.0011111111111111111,membrane,1000.0,2.015687303512939,0.2028483670374801,1.8407158987003252e-15,53,144,8,3.9489883160082537,0.3974058054066444,1e-08,0.0
3,4.0,0.0011111111111111111,membrane,10000.0,2.1533007018731993,0.06419191475719462,1.9747402481399024e-15,53,144,8,4.218590503135301,0.12576014269798896,1e-08,0.0
3,4.0,0.0011111111111111111,grain,1.0,0.006635623961884865,4.437424809984853e-08,1.9739762094329846e-15,53,144,8,0.013000008693480782,8.693480782186744e-08,1e-08,0.0
3,4.0,0.0011111111111111111,grain,2.5,0.006635645888009192,1.0545409548504971e-07,1.9999356612215064e-15,53,144,8,0.01300005164950347,2.065980138825556e-07,1e-08,0.0
3,4.0,0.0011111111111111111,grain,10.0,0.006635843614369144,2.2408995290290525e-07,1.9749051464107883e-15,53,144,8,0.0130004390207795,4.3902077950043066e-07,1e-08,0.0
3,4.0,0.0011111111111111111,grain,100.0,0.006636063266933166,4.437424810002245e-08,2.0908066214840016e-15,53,144,8,0.013000869348078217,8.693480782186747e-08,1e-08,0.0
3,4.0,0.0011111111111111111,grain,1000.0,0.006636067659556649,4.48135092299912e-09,1.9160035395158147e-15,53,144,8,0.013000877953763625,8.77953763624499e-09,1e-08,0.0
3,4.0,0.0011111111111111111,grain,10000.0,0.006636067703911772,4.4817945763121185e-10,2.0718818373861277e-15,53,144,8,0.013000878040680959,8.780406809601803e-10,1e-08,0.0
3,4.0,0.0011111111111111111,all,1.0,0.2081623935139494,0.17322399511617814,2.193041360279251e-15,53,144,8,0.4078166361812843,0.339367883835754,1e-08,4.726526147325844e-10
3,4.0,0.0011111111111111111,all,2.5,0.31897706537185405,0.25184688294390206,2.209286453885305e-15,53,144,8,0.6249167024192904,0.49340014037068664,1e-08,1.1816315368314611e-09
3,4.0,0.0011111111111111111,all,10.0,0.5989615986399881,0.40884105661902204,2.324862323648717e-15,53,144,8,1.1734420889889259,0.800971727905336,1e-08,4.7265261473258444e-09
3,4.0,0.0011111111111111111,all,100.0,1.4467316521099438,0.5404640685421626,2.19959096787478e-15,53,144,8,2.8343316776992222,1.0588378806923,1e-08,4.7265261473258444e-08
3,4.0,0.0011111111111111111,all,1000.0,2.0161792780969776,0.20285124309529406,2.1347411133212782e-15,53,144,8,3.9499521569219196,0.3974102865832422,1e-08,4.726526147325844e-07
3,4.0,0.0011111111111111111,all,10000.0,2.1537926765135422,0.0642205101994975,2.236119929448053e-15,53,144,8,4.219554344138915,0.12580463091819086,1e-08,4.726526147325844e-06
4,8.0,0.0022222222222222222,maxwell,1.0,0.0066356195244329464,2.859375813463055e-09,2.1953872224657584e-15,53,144,8,0.013,4.448495197483147e-09,1e-08,4.726526147325844e-10
4,8.0,0.0022222222222222222,maxwell,2.5,0.006635619524455996,7.148439533672675e-09,2.007932513291969e-15,53,144,8,0.013,1.112123799370787e-08,1e-08,1.1816315368314611e-09
4,8.0,0.0022222222222222222,maxwell,10.0,0.006635619524451981,2.8593758134661907e-08,1.972733812549763e-15,53,144,8,0.013,4.448495197483148e-08,1e-08,4.7265261473258444e-09
4,8.0,0.0022222222222222222,maxwell,100.0,0.0066356195248494475,2.8593758133124805e-07,2.3734281301444254e-15,53,144,8,0.013,4.4484951974831477e-07,1e-08,4.7265261473258444e-08
4,8.0,0.0022222222222222222,maxwell,1000.0,0.0066356195616825145,2.859375797763e-06,2.103828501715696e-15,53,144,8,0.013,4.448495197483147e-06,1e-08,4.726526147325844e-07
4,8.0,0.0022222222222222222,maxwell,10000.0,0.006635623248863431,2.859374243144979e-05,2.157435587071717e-15,53,144,8,0.013,4.448495197483148e-05,1e-08,4.726526147325844e-06
4,8.0,0.0022222222222222222,pore,1.0,0.007125840682761402,1.1756777558633664e-05,2.1674103756010526e-15,53,144,8,0.013960405731091325,2.3033025717120292e-05,1e-08,0.0
4,8.0,0.0022222222222222222,pore,2.5,0.007126905397901128,4.8428016795190045e-06,2.0243192417434957e-15,53,144,8,0.013962491643681926,9.487665737608071e-06,1e-08,0.0
4,8.0,0.0022222222222222222,pore,10.0,0.007127130391600648,1.2194020727042798e-06,2.0900967603087657e-15,53,144,8,0.013962932435049355,2.3889640813663582e-06,1e-08,0.0
4,8.0,0.0022222222222222222,pore,100.0,0.007127145817770761,1.220019707693084e-07,2.0129845808111247e-15,53,144,8,0.01396296265690752,2.390174107033581e-07,1e-08,0.0
4,8.0,0.0022222222222222222,pore,1000.0,0.007127145972414662,1.2200259142282257e-08,1.8693100189651715e-15,53,144,8,0.01396296295990233,2.3901862664254305e-08,1e-08,0.0
4,8.0,0.0022222222222222222,pore,10000.0,0.007127145973967502,1.2200259762970334e-09,1.8425159050422602e-15,53,144,8,0.013962962962932358,2.390186388025306e-09,1e-08,0.0
4,8.0,0.0022222222222222222,membrane,1.0,0.20767216791843693,0.1732121911046898,2.145132159246678e-15,53,144,8,0.4068562217567122,0.33934475942673387,1e-08,0.0
4,8.0,0.0022222222222222222,membrane,2.5,0.31848575313625327,0.25184192753869405,2.2964766533516653e-15,53,144,8,0.6239541591261051,0.4933904349856972,1e-08,0.0
4,8.0,0.0022222222222222222,membrane,10.0,0.5984698636799216,0.4088395845326083,2.185566170301654e-15,53,144,8,1.1724787175330968,0.8009688554355231,1e-08,0.0
4,8.0,0.0022222222222222222,membrane,100.0,1.4462396820739543,0.540463616230141,2.1183468314235638e-15,53,144,8,2.8333678456942364,1.0588371098905618,1e-08,0.0
4,8.0,0.0022222222222222222,membrane,1000.0,2.015687303512939,0.2028483670374801,1.8407158987003252e-15,53,144,8,3.9489883160082537,0.3974058054066444,1e-08,0.0
4,8.0,0.0022222222222222222,membrane,10000.0,2.1533007018731993,0.06419191475719462,1.9747402481399024e-15,53,144,8,4.218590503135301,0.12576014269798896,1e-08,0.0
4,8.0,0.0022222222222222222,grain,1.0,0.006635623961884865,4.437424809984853e-08,1.9739762094329846e-15,53,144,8,0.013000008693480782,8.693480782186744e-08,1e-08,0.0
4,8.0,0.0022222222222222222,grain,2.5,0.006635645888009192,1.0545409548504971e-07,1.9999356612215064e-15,53,144,8,0.01300005164950347,2.065980138825556e-07,1e-08,0.0
4,8.0,0.0022222222222222222,grain,10.0,0.006635843614369144,2.2408995290290525e-07,1.9749051464107883e-15,53,144,8,0.0130004390207795,4.3902077950043066e-07,1e-08,0.0
4,8.0,0.0022222222222222222,grain,100.0,0.006636063266933166,4.437424810002245e-08,2.0908066214840016e-15,53,144,8,0.013000869348078217,8.693480782186747e-08,1e-08,0.0
4,8.0,0.0022222222222222222,grain,1000.0,0.006636067659556649,4.48135092299912e-09,1.9160035395158147e-15,53,144,8,0.013000877953763625,8.77953763624499e-09,1e-08,0.0
4,8.0,0.0022222222222222222,grain,10000.0,0.006636067703911772,4.4817945763121185e-10,2.0718818373861277e-15,53,144,8,0.013000878040680959,8.780406809601803e-10,1e-08,0.0
4,8.0,0.0022222222222222222,all,1.0,0.2081623935139494,0.17322399511617814,2.193041360279251e-15,53,144,8,0.4078166361812843,0.339367883835754,1e-08,4.726526147325844e-10
4,8.0,0.0022222222222222222,all,2.5,0.31897706537185405,0.25184688294390206,2.209286453885305e-15,53,144,8,0.6249167024192904,0.49340014037068664,1e-08,1.1816315368314611e-09
4,8.0,0.0022222222222222222,all,10.0,0.5989615986399881,0.40884105661902204,2.324862323648717e-15,53,144,8,1.1734420889889259,0.800971727905336,1e-08,4.7265261473258444e-09
4,8.0,0.0022222222222222222,all,100.0,1.4467316521099438,0.5404640685421626,2.19959096787478e-15,53,144,8,2.8343316776992222,1.0588378806923,1e-08,4.7265261473258444e-08
4,8.0,0.0022222222222222222,all,1000.0,2.0161792780969776,0.20285124309529406,2.1347411133212782e-15,53,144,8,3.9499521569219196,0.3974102865832422,1e-08,4.726526147325844e-07
4,8.0,0.0022222222222222222,all,10000.0,2.1537926765135422,0.0642205101994975,2.236119929448053e-15,53,144,8,4.219554344138915,0.12580463091819086,1e-08,4.726526147325844e-06
5,16.0,0.0044444444444444444,maxwell,1.0,0.0066356195244329464,2.859375813463055e-09,2.1953872224657584e-15,53,144,8,0.013,4.448495197483147e-09,1e-08,4.726526147325844e-10
5,16.0,0.0044444444444444444,maxwell,2.5,0.006635619524455996,7.148439533672675e-09,2.007932513291969e-15,53,144,8,0.013,1.112123799370787e-08,1e-08,1.1816315368314611e-09
5,16.0,0.0044444444444444444,maxwell,10.0,0.006635619524451981,2.8593758134661907e-08,1.972733812549763e-15,53,144,8,0.013,4.448495197483148e-08,1e-08,4.7265261473258444e-09
5,16.0,0.0044444444444444444,maxwell,100.0,0.0066356195248494475,2.8593758133124805e-07,2.3734281301444254e-15,53,144,8,0.013,4.4484951974831477e-07,1e-08,4.7265261473258444e-08
5,16.0,0.0044444444444444444,maxwell,1000.0,0.0066356195616825145,2.859375797763e-06,2.103828501715696e-15,53,144,8,0.013,4.448495197483147e-06,1e-08,4.726526147325844e-07
5,16.0,0.0044444444444444444,maxwell,10000.0,0.006635623248863431,2.859374243144979e-05,2.157435587071717e-15,53,144,8,0.013,4.448495197483148e-05,1e-08,4.726526147325844e-06
5,16.0,0.0044444444444444444,pore,1.0,0.007125840682761402,1.1756777558633664e-05,2.1674103756010526e-15,53,144,8,0.013960405731091325,2.3033025717120292e-05,1e-08,0.0
5,16.0,0.0044444444444444444,pore,2.5,0.007126905397901128,4.8428016795190045e-06,2.0243192417434957e-15,53,144,8,0.013962491643681926,9.487665737608071e-06,1e-08,0.0
5,16.0,0.0044444444444444444,pore,10.0,0.007127130391600648,1.2194020727042798e-06,2.0900967603087657e-15,53,144,8,0.013962932435049355,2.3889640813663582e-06,1e-08,0.0
5,16.0,0.0044444444444444444,pore,100.0,0.007127145817770761,1.220019707693084e-07,2.0129845808111247e-15,53,144,8,0.01396296265690752,2.390174107033581e-07,1e-08,0.0
5,16.0,0.0044444444444444444,pore,1000.0,0.007127145972414662,1.2200259142282257e-08,1.8693100189651715e-15,53,144,8,0.01396296295990233,2.3901862664254305e-08,1e-08,0.0
5,16.0,0.0044444444444444444,pore,10000.0,0.007127145973967502,1.2200259762970334e-09,1.8425159050422602e-15,53,144,8,0.013962962962932358,2.390186388025306e-09,1e-08,0.0
5,16.0,0.0044444444444444444,membrane,1.0,0.20767216791843693,0.1732121911046898,2.145132159246678e-15,53,144,8,0.4068562217567122,0.33934475942673387,1e-08,0.0
5,16.0,0.0044444444444444444,membrane,2.5,0.31848575313625327,0.25184192753869405,2.2964766533516653e-15,53,144,8,0.6239541591261051,0.4933904349856972,1e-08,0.0
5,16.0,0.0044444444444444444,membrane,10.0,0.5984698636799216,0.4088395845326083,2.185566170301654e-15,53,144,8,1.1724787175330968,0.8009688554355231,1e-08,0.0
5,16.0,0.0044444444444444444,membrane,100.0,1.4462396820739543,0.540463616230141,2.1183468314235638e-15,53,144,8,2.8333678456942364,1.0588371098905618,1e-08,0.0
5,16.0,0.0044444444444444444,membrane,1000.0,2.015687303512939,0.2028483670374801,1.8407158987003252e-15,53,144,8,3.9489883160082537,0.3974058054066444,1e-08,0.0
5,16.0,0.0044444444444444444,membrane,10000.0,2.1533007018731993,0.06419191475719462,1.9747402481399024e-15,53,144,8,4.218590503135301,0.12576014269798896,1e-08,0.0
5,16.0,0.0044444444444444444,grain,1.0,0.006635623961884865,4.437424809984853e-08,1.9739762094329846e-15,53,144,8,0.013000008693480782,8.693480782186744e-08,1e-08,0.0
5,16.0,0.0044444444444444444,grain,2.5,0.006635645888009192,1.0545409548504971e-07,1.9999356612215064e-15,53,144,8,0.01300005164950347,2.065980138825556e-07,1e-08,0.0
5,16.0,0.0044444444444444444,grain,10.0,0.006635843614369144,2.2408995290290525e-07,1.9749051464107883e-15,53,144,8,0.0130004390207795,4.3902077950043066e-07,1e-08,0.0
5,16.0,0.0044444444444444444,grain,100.0,0.006636063266933166,4.437424810002245e-08,2.0908066214840016e-15,53,144,8,0.013000869348078217,8.693480782186747e-08,1e-08,0.0
5,16.0,0.0044444444444444444,grain,1000.0,0.006636067659556649,4.48135092299912e-09,1.9160035395158147e-15,53,144,8,0.013000877953763625,8.77953763624499e-09,1e-08,0.0
5,16.0,0.0044444444444444444,grain,10000.0,0.006636067703911772,4.4817945763121185e-10,2.0718818373861277e-15,53,144,8,0.013000878040680959,8.780406809601803e-10,1e-08,0.0
5,16.0,0.0044444444444444444,all,1.0,0.2081623935139494,0.17322399511617814,2.193041360279251e-15,53,144,8,0.4078166361812843,0.339367883835754,1e-08,4.726526147325844e-10
5,16.0,0.0044444444444444444,all,2.5,0.31897706537185405,0.25184688294390206,2.209286453885305e-15,53,144,8,0.6249167024192904,0.49340014037068664,1e-08,1.1816315368314611e-09
5,16.0,0.0044444444444444444,all,10.0,0.5989615986399881,0.40884105661902204,2.324862323648717e-15,53,144,8,1.1734420889889259,0.800971727905336,1e-08,4.7265261473258444e-09
5,16.0,0.0044444444444444444,all,100.0,1.4467316521099438,0.5404640685421626,2.19959096787478e-15,53,144,8,2.8343316776992222,1.0588378806923,1e-08,4.7265261473258444e-08
5,16.0,0.0044444444444444444,all,1000.0,2.0161792780969776,0.20285124309529406,2.1347411133212782e-15,53,144,8,3.9499521569219196,0.3974102865832422,1e-08,4.726526147325844e-07
5,16.0,0.0044444444444444444,all,10000.0,2.1537926765135422,0.0642205101994975,2.236119929448053e-15,53,144,8,4.219554344138915,0.12580463091819086,1e-08,4.726526147325844e-06
6,32.0,0.008888888888888889,maxwell,1.0,0.0066356195244329464,2.859375813463055e-09,2.1953872224657584e-15,53,144,8,0.013,4.448495197483147e-09,1e-08,4.726526147325844e-10
6,32.0,0.008888888888888889,maxwell,2.5,0.006635619524455996,7.148439533672675e-09,2.007932513291969e-15,53,144,8,0.013,1.112123799370787e-08,1e-08,1.1816315368314611e-09
6,32.0,0.008888888888888889,maxwell,10.0,0.006635619524451981,2.8593758134661907e-08,1.972733812549763e-15,53,144,8,0.013,4.448495197483148e-08,1e-08,4.7265261473258444e-09
6,32.0,0.008888888888888889,maxwell,100.0,0.0066356195248494475,2.8593758133124805e-07,2.3734281301444254e-15,53,144,8,0.013,4.4484951974831477e-07,1e-08,4.7265261473258444e-08
6,32.0,0.008888888888888889,maxwell,1000.0,0.0066356195616825145,2.859375797763e-06,2.103828501715696e-15,53,144,8,0.013,4.448495197483147e-06,1e-08,4.726526147325844e-07
6,32.0,0.008888888888888889,maxwell,10000.0,0.006635623248863431,2.859374243144979e-05,2.157435587071717e-15,53,144,8,0.013,4.448495197483148e-05,1e-08,4.726526147325844e-06
6,32.0,0.008888888888888889,pore,1.0,0.007125840682761402,1.1756777558633664e-05,2.1674103756010526e-15,53,144,8,0.013960405731091325,2.3033025717120292e-05,1e-08,0.0
6,32.0,0.008888888888888889,pore,2.5,0.007126905397901128,4.8428016795190045e-06,2.0243192417434957e-15,53,144,8,0.013962491643681926,9.487665737608071e-06,1e-08,0.0
6,32.0,0.008888888888888889,pore,10.0,0.007127130391600648,1.2194020727042798e-06,2.0900967603087657e-15,53,144,8,0.013962932435049355,2.3889640813663582e-06,1e-08,0.0
6,32.0,0.008888888888888889,pore,100.0,0.007127145817770761,1.220019707693084e-07,2.0129845808111247e-15,53,144,8,0.01396296265690752,2.390174107033581e-07,1e-08,0.0
6,32.0,0.008888888888888889,pore,1000.0,0.007127145972414662,1.2200259142282257e-08,1.8693100189651715e-15,53,144,8,0.01396296295990233,2.3901862664254305e-08,1e-08,0.0
6,32.0,0.008888888888888889,pore,10000.0,0.007127145973967502,1.2200259762970334e-09,1.8425159050422602e-15,53,144,8,0.013962962962932358,2.390186388025306e-09,1e-08,0.0
6,32.0,0.008888888888888889,membrane,1.0,0.20767216791843693,0.1732121911046898,2.145132159246678e-15,53,144,8,0.4068562217567122,0.33934475942673387,1e-08,0.0
6,32.0,0.008888888888888889,membrane,2.5,0.31848575313625327,0.25184192753869405,2.2964766533516653e-15,53,144,8,0.6239541591261051,0.4933904349856972,1e-08,0.0
6,32.0,0.008888888888888889,membrane,10.0,0.5984698636799216,0.4088395845326083,2.185566170301654e-15,53,144,8,1.1724787175330968,0.8009688554355231,1e-08,0.0
6,32.0,0.008888888888888889,membrane,100.0,1.4462396820739543,0.540463616230141,2.1183468314235638e-15,53,144,8,2.8333678456942364,1.0588371098905618,1e-08,0.0
6,32.0,0.008888888888888889,membrane,1000.0,2.015687303512939,0.2028483670374801,1.8407158987003252e-15,53,144,8,3.9489883160082537,0.3974058054066444,1e-08,0.0
6,32.0,0.008888888888888889,membrane,10000.0,2.1533007018731993,0.06419191475719462,1.9747402481399024e-15,53,144,8,4.218590503135301,0.12576014269798896,1e-08,0.0
6,32.0,0.008888888888888889,grain,1.0,0.006635623961884865,4.437424809984853e-08,1.9739762094329846e-15,53,144,8,0.013000008693480782,8.693480782186744e-08,1e-08,0.0
6,32.0,0.008888888888888889,grain,2.5,0.006635645888009192,1.0545409548504971e-07,1.9999356612215064e-15,53,144,8,0.01300005164950347,2.065980138825556e-07,1e-08,0.0
6,32.0,0.008888888888888889,grain,10.0,0.006635843614369144,2.2408995290290525e-07,1.9749051464107883e-15,53,144,8,0.0130004390207795,4.3902077950043066e-07,1e-08,0.0
6,32.0,0.008888888888888889,grain,100.0,0.006636063266933166,4.437424810002245e-08,2.0908066214840016e-15,53,144,8,0.013000869348078217,8.693480782186747e-08,1e-08,0.0
6,32.0,0.008888888888888889,grain,1000.0,0.006636067659556649,4.48135092299912e-09,1.9160035395158147e-15,53,144,8,0.013000877953763625,8.77953763624499e-09,1e-08,0.0
6,32.0,0.008888888888888889,grain,10000.0,0.006636067703911772,4.4817945763121185e-10,2.0718818373861277e-15,53,144,8,0.013000878040680959,8.780406809601803e-10,1e-08,0.0
6,32.0,0.008888888888888889,all,1.0,0.2081623935139494,0.17322399511617814,2.193041360279251e-15,53,144,8,0.4078166361812843,0.339367883835754,1e-08,4.726526147325844e-10
6,32.0,0.008888888888888889,all,2.5,0.31897706537185405,0.25184688294390206,2.209286453885305e-15,53,144,8,0.6249167024192904,0.49340014037068664,1e-08,1.1816315368314611e-09
6,32.0,0.008888888888888889,all,10.0,0.5989615986399881,0.40884105661902204,2.324862323648717e-15,53,144,8,1.1734420889889259,0.800971727905336,1e-08,4.7265261473258444e-09
6,32.0,0.008888888888888889,all,100.0,1.4467316521099438,0.5404640685421626,2.19959096787478e-15,53,144,8,2.8343316776992222,1.0588378806923,1e-08,4.7265261473258444e-08
6,32.0,0.008888888888888889,all,1000.0,2.0161792780969776,0.20285124309529406,2.1347411133212782e-15,53,144,8,3.9499521569219196,0.3974102865832422,1e-08,4.726526147325844e-07
6,32.0,0.008888888888888889,all,10000.0,2.1537926765135422,0.0642205101994975,2.236119929448053e-15,53,144,8,4.219554344138915,0.12580463091819086,1e-08,4.726526147325844e-06
7,64.0,0.017777777777777778,maxwell,1.0,0.0066356195244329464,2.859375813463055e-09,2.1953872224657584e-15,53,144,8,0.013,4.448495197483147e-09,1e-08,4.726526147325844e-10
7,64.0,0.017777777777777778,maxwell,2.5,0.006635619524455996,7.148439533672675e-09,2.007932513291969e-15,53,144,8,0.013,1.112123799370787e-08,1e-08,1.1816315368314611e-09
7,64.0,0.017777777777777778,maxwell,10.0,0.006635619524451981,2.8593758134661907e-08,1.972733812549763e-15,53,144,8,0.013,4.448495197483148e-08,1e-08,4.7265261473258444e-09
7,64.0,0.017777777777777778,maxwell,100.0,0.0066356195248494475,2.8593758133124805e-07,2.3734281301444254e-15,53,144,8,0.013,4.4484951974831477e-07,1e-08,4.7265261473258444e-08
7,64.0,0.017777777777777778,maxwell,1000.0,0.0066356195616825145,2.859375797763e-06,2.103828501715696e-15,53,144,8,0.013,4.448495197483147e-06,1e-08,4.726526147325844e-07
7,64.0,0.017777777777777778,maxwell,10000.0,0.006635623248863431,2.859374243144979e-05,2.157435587071717e-15,53,144,8,0.013,4.448495197483148e-05,1e-08,4.726526147325844e-06
7,64.0,0.017777777777777778,pore,1.0,0.007125840682761402,1.1756777558633664e-05,2.1674103756010526e-15,53,144,8,0.013960405731091325,2.3033025717120292e-05,1e-08,0.0
7,64.0,0.017777777777777778,pore,2.5,0.007126905397901128,4.8428016795190045e-06,2.0243192417434957e-15,53,144,8,0.013962491643681926,9.487665737608071e-06,1e-08,0.0
7,64.0,0.017777777777777778,pore,10.0,0.007127130391600648,1.2194020727042798e-06,2.0900967603087657e-15,53,144,8,0.013962932435049355,2.3889640813663582e-06,1e-08,0.0
7,64.0,0.017777777777777778,pore,100.0,0.007127145817770761,1.220019707693084e-07,2.0129845808111247e-15,53,144,8,0.01396296265690752,2.390174107033581e-07,1e-08,0.0
7,64.0,0.017777777777777778,pore,1000.0,0.007127145972414662,1.2200259142282257e-08,1.8693100189651715e-15,53,144,8,0.01396296295990233,2.3901862664254305e-08,1e-08,0.0
7,64.0,0.017777777777777778,pore,10000.0,0.007127145973967502,1.2200259762970334e-09,1.8425159050422602e-15,53,144,8,0.013962962962932358,2.390186388025306e-09,1e-08,0.0
7,64.0,0.017777777777777778,membrane,1.0,0.20767216791843693,0.1732121911046898,2.145132159246678e-15,53,144,8,0.4068562217567122,0.33934475942673387,1e-08,0.0
7,64.0,0.017777777777777778,membrane,2.5,0.31848575313625327,0.25184192753869405,2.2964766533516653e-15,53,144,8,0.6239541591261051,0.4933904349856972,1e-08,0.0
7,64.0,0.017777777777777778,membrane,10.0,0.5984698636799216,0.4088395845326083,2.185566170301654e-15,53,144,8,1.1724787175330968,0.8009688554355231,1e-08,0.0
7,64.0,0.017777777777777778,membrane,100.0,1.4462396820739543,0.540463616230141,2.1183468314235638e-15,53,144,8,2.8333678456942364,1.0588371098905618,1e-08,0.0
7,64.0,0.017777777777777778,membrane,1000.0,2.015687303512939,0.2028483670374801,1.8407158987003252e-15,53,144,8,3.9489883160082537,0.3974058054066444,1e-08,0.0
7,64.0,0.017777777777777778,membrane,10000.0,2.1533007018731993,0.06419191475719462,1.9747402481399024e-15,53,144,8,4.218590503135301,0.12576014269798896,1e-08,0.0
7,64.0,0.017777777777777778,grain,1.0,0.006635623961884865,4.437424809984853e-08,1.9739762094329846e-15,53,144,8,0.013000008693480782,8.693480782186744e-08,1e-08,0.0
7,64.0,0.017777777777777778,grain,2.5,0.006635645888009192,1.0545409548504971e-07,1.9999356612215064e-15,53,144,8,0.01300005164950347,2.065980138825556e-07,1e-08,0.0
7,64.0,0.017777777777777778,grain,10.0,0.006635843614369144,2.2408995290290525e-07,1.9749051464107883e-15,53,144,8,0.0130004390207795,4.3902077950043066e-07,1e-08,0.0
7,64.0,0.017777777777777778,grain,100.0,0.006636063266933166,4.437424810002245e-08,2.0908066214840016e-15,53,144,8,0.013000869348078217,8.693480782186747e-08,1e-08,0.0
7,64.0,0.017777777777777778,grain,1000.0,0.006636067659556649,4.48135092299912e-09,1.9160035395158147e-15,53,144,8,0.013000877953763625,8.77953763624499e-09,1e-08,0.0
7,64.0,0.017777777777777778,grain,10000.0,0.006636067703911772,4.4817945763121185e-10,2.0718818373861277e-15,53,144,8,0.013000878040680959,8.780406809601803e-10,1e-08,0.0
7,64.0,0.017777777777777778,all,1.0,0.2081623935139494,0.17322399511617814,2.193041360279251e-15,53,144,8,0.4078166361812843,0.339367883835754,1e-08,4.726526147325844e-10
7,64.0,0.017777777777777778,all,2.5,0.31897706537185405,0.25184688294390206,2.209286453885305e-15,53,144,8,0.6249167024192904,0.49340014037068664,1e-08,1.1816315368314611e-09
7,64.0,0.017777777777777778,all,10.0,0.5989615986399881,0.40884105661902204,2.324862323648717e-15,53,144,8,1.1734420889889259,0.800971727905336,1e-08,4.7265261473258444e-09
7,64.0,0.017777777777777778,all,100.0,1.4467316521099438,0.5404640685421626,2.19959096787478e-15,53,144,8,2.8343316776992222,1.0588378806923,1e-08,4.7265261473258444e-08
7,64.0,0.017777777777777778,all,1000.0,2.0161792780969776,0.20285124309529406,2.1347411133212782e-15,53,144,8,3.9499521569219196,0.3974102865832422,1e-08,4.726526147325844e-07
7,64.0,0.017777777777777778,all,10000.0,2.1537926765135422,0.0642205101994975,2.236119929448053e-15,53,144,8,4.219554344138915,0.12580463091819086,1e-08,4.726526147325844e-06
8,128.0,0.035555555555555556,maxwell,1.0,0.0066356195244329464,2.859375813463055e-09,2.1953872224657584e-15,53,144,8,0.013,4.448495197483147e-09,1e-08,4.726526147325844e-10
8,128.0,0.035555555555555556,maxwell,2.5,0.006635619524455996,7.148439533672675e-09,2.007932513291969e-15,53,144,8,0.013,1.112123799370787e-08,1e-08,1.1816315368314611e-09
8,128.0,0.035555555555555556,maxwell,10.0,0.006635619524451981,2.8593758134661907e-08,1.972733812549763e-15,53,144,8,0.013,4.448495197483148e-08,1e-08,4.7265261473258444e-09
8,128.0,0.035555555555555556,maxwell,100.0,0.0066356195248494475,2.8593758133124805e-07,2.3734281301444254e-15,53,144,8,0.013,4.4484951974831477e-07,1e-08,4.7265261473258444e-08
8,128.0,0.035555555555555556,maxwell,1000.0,0.0066356195616825145,2.859375797763e-06,2.103828501715696e-15,53,144,8,0.013,4.448495197483147e-06,1e-08,4.726526147325844e-07
8,128.0,0.035555555555555556,maxwell,10000.0,0.006635623248863431,2.859374243144979e-05,2.157435587071717e-15,53,144,8,0.013,4.448495197483148e-05,1e-08,4.726526147325844e-06
8,128.0,0.035555555555555556,pore,1.0,0.007125842978212568,1.1728763714909417e-05,2.119409088847686e-15,53,144,8,0.013960410228081992,2.2978143026744798e-05,1e-08,0.0
8,128.0,0.035555555555555556,pore,2.5,0.007126905766248263,4.831547288704881e-06,2.0710810598179206e-15,53,144,8,0.01396249236538268,9.465616951553369e-06,1e-08,0.0
8,128.0,0.035555555555555556,pore,10.0,0.007127130414636475,1.216586287398457e-06,2.0759442550917528e-15,53,144,8,0.013962932480180077,2.383447599054139e-06,1e-08,0.0
8,128.0,0.035555555555555556,pore,100.0,0.007127145817980233,1.2172037779224495e-07,2.0138859017898272e-15,53,144,8,0.013962962657358843,2.384657341719329e-07,1e-08,0.0
8,128.0,0.035555555555555556,pore,1000.0,0.00712714597244864,1.2172099830234828e-08,1.9035431091433215e-15,53,144,8,0.013962962959906844,2.38466949828107e-08,1e-08,0.0
8,128.0,0.035555555555555556,pore,10000.0,0.007127145973928213,1.2172100450720562e-09,2.063601696968013e-15,53,144,8,0.013962962962932403,2.384669619852644e-09,1e-08,0.0
8,128.0,0.035555555555555556,membrane,1.0,0.20762083418795615,0.17313890860605693,2.1911567840770786e-15,53,144,8,0.40675565243194634,0.33920118967250434,1e-08,0.0
8,128.0,0.035555555555555556,membrane,2.5,0.3183727940893506,0.2517469764753018,2.207847456339717e-15,53,144,8,0.6237328579587196,0.493204413748622,1e-08,0.0
8,128.0,0.035555555555555556,membrane,10.0,0.5982608205502217,0.4087710263931316,2.1582421968732466e-15,53,144,8,1.1720691753989674,0.8008345413045644,1e-08,0.0
8,128.0,0.035555555555555556,membrane,100.0,1.4459831155610137,0.5404430634692865,2.281850684529387e-15,53,144,8,2.8328651991719846,1.058796844414485,1e-08,0.0
8,128.0,0.035555555555555556,membrane,1000.0,2.0154166684441597,0.20284186300393245,2.2946845059483793e-15,53,144,8,3.9484581074054796,0.3973930631769815,1e-08,0.0
8,128.0,0.035555555555555556,membrane,10000.0,2.153025617917324,0.06418985749085403,2.1956458088517712e-15,53,144,8,4.2180515785854,0.1257561122503504,1e-08,0.0
8,128.0,0.035555555555555556,grain,1.0,0.006635623961884865,4.437424809984853e-08,1.9739762094329846e-15,53,144,8,0.013000008693480782,8.693480782186744e-08,1e-08,0.0
8,128.0,0.035555555555555556,grain,2.5,0.006635645888009192,1.0545409548504971e-07,1.9999356612215064e-15,53,144,8,0.01300005164950347,2.065980138825556e-07,1e-08,0.0
8,128.0,0.035555555555555556,grain,10.0,0.006635843614369144,2.2408995290290525e-07,1.9749051464107883e-15,53,144,8,0.0130004390207795,4.3902077950043066e-07,1e-08,0.0
8,128.0,0.035555555555555556,grain,100.0,0.006636063266933166,4.437424810002245e-08,2.0908066214840016e-15,53,144,8,0.013000869348078217,8.693480782186747e-08,1e-08,0.0
8,128.0,0.035555555555555556,grain,1000.0,0.006636067659556649,4.48135092299912e-09,1.9160035395158147e-15,53,144,8,0.013000877953763625,8.77953763624499e-09,1e-08,0.0
8,128.0,0.035555555555555556,grain,10000.0,0.006636067703911772,4.4817945763121185e-10,2.0718818373861277e-15,53,144,8,0.013000878040680959,8.780406809601803e-10,1e-08,0.0
8,128.0,0.035555555555555556,all,1.0,0.20811106207777055,0.1731506846039375,2.113600344231833e-15,53,144,8,0.40771607135350907,0.3392242591988341,1e-08,4.726526147325844e-10
8,128.0,0.035555555555555556,all,2.5,0.31886410669474985,0.251751920623438,2.151640440594192e-15,53,144,8,0.6246954019736057,0.49321409708482544,1e-08,1.1816315368314611e-09
8,128.0,0.035555555555555556,all,10.0,0.5987525555309046,0.40877249566584967,2.1947642117049203e-15,53,144,8,1.173032546899927,0.800837408257895,1e-08,4.7265261473258444e-09
8,128.0,0.035555555555555556,all,100.0,1.44647508559338,0.5404435155041253,2.178059435118873e-15,53,144,8,2.833829031177422,1.0587976146645468,1e-08,4.7265261473258444e-08
8,128.0,0.035555555555555556,all,1000.0,2.0159086430273536,0.20284473903465206,1.895010943143459e-15,53,144,8,3.94942194831915,0.3973975442984116,1e-08,4.726526147325844e-07
8,128.0,0.035555555555555556,all,10000.0,2.1535175925371814,0.06421845292974854,2.1906936533351973e-15,53,144,8,4.219015419589014,0.12580060046503552,1e-08,4.726526147325844e-06
9,256.0,0.07111111111111111,maxwell,1.0,0.0066468421610972475,2.863472085702652e-09,2.1915184021218813e-15,53,144,8,0.013,4.448495197483147e-09,1e-08,4.726526147325844e-10
9,256.0,0.07111111111111111,maxwell,2.5,0.006646842161119992,7.158680214271248e-09,1.9995163848426156e-15,53,144,8,0.013,1.112123799370787e-08,1e-08,1.1816315368314611e-09
9,256.0,0.07111111111111111,maxwell,10.0,0.0066468421611159435,2.8634720857056932e-08,1.9960582437786038e-15,53,144,8,0.013,4.448495197483148e-08,1e-08,4.7265261473258444e-09
9,256.0,0.07111111111111111,maxwell,100.0,0.006646842161515644,2.8634720855511194e-07,2.3529270895311724e-15,53,144,8,0.013,4.4484951974831477e-07,1e-08,4.7265261473258444e-08
9,256.0,0.07111111111111111,maxwell,1000.0,0.006646842198497622,2.863472069933052e-06,2.132872113888355e-15,53,144,8,0.013,4.448495197483147e-06,1e-08,4.726526147325844e-07
9,256.0,0.07111111111111111,maxwell,10000.0,0.006646845900561219,2.8634705084153214e-05,2.1563318119969392e-15,53,144,8,0.013,4.448495197483148e-05,1e-08,4.726526147325844e-06
9,256.0,0.07111111111111111,pore,1.0,0.007137913691286154,1.1475161572559749e-05,2.0719071668735445e-15,53,144,8,0.013960447338095096,2.2443346253471765e-05,1e-08,0.0
9,256.0,0.07111111111111111,pore,2.5,0.007138961948050376,4.731101502240557e-06,2.0470927137418227e-15,53,144,8,0.013962497539242016,9.25318118648451e-06,1e-08,0.0
9,256.0,0.07111111111111111,pore,10.0,0.007139184489299827,1.1915568530100338e-06,1.961482819125218e-15,53,144,8,0.013962932789794096,2.3304702825921713e-06,1e-08,0.0
9,256.0,0.07111111111111111,pore,100.0,0.007139199761930879,1.1921804264942497e-07,2.1081725163655017e-15,53,144,8,0.013962962660444937,2.3316898798487615e-07,1e-08,0.0
9,256.0,0.07111111111111111,pore,1000.0,0.007139199915109295,1.1921866928827742e-08,1.8450693595914895e-15,53,144,8,0.013962962959937703,2.331702135770711e-08,1e-08,0.0
9,256.0,0.07111111111111111,pore,10000.0,0.007139199916679568,1.192186755557365e-09,2.0562409648978274e-15,53,144,8,0.013962962962932706,2.331702258335967e-09,1e-08,0.0
9,256.0,0.07111111111111111,membrane,1.0,0.21221306793673736,0.17703653337695924,2.042320234817666e-15,53,144,8,0.4150504595025046,0.3462515270888472,1e-08,0.0
9,256.0,0.07111111111111111,membrane,2.5,0.3255390068993924,0.25718665741977903,2.129828800833247e-15,53,144,8,0.6366955554379367,0.5030107129856193,1e-08,0.0
9,256.0,0.07111111111111111,membrane,10.0,0.6113325178080533,0.4169089382121829,2.2882089849882365e-15,53,144,8,1.1956561140072666,0.815398685001169,1e-08,0.0
9,256.0,0.07111111111111111,membrane,100.0,1.4751731753079926,0.5505163465305627,2.119858829343815e-15,53,144,8,2.885172628571455,1.0767106768118553,1e-08,0.0
9,256.0,0.07111111111111111,membrane,1000.0,2.0550763780502663,0.20659649464025312,1.9901785350698365e-15,53,144,8,4.019358695609391,0.40406547956996597,1e-08,0.0
9,256.0,0.07111111111111111,membrane,10000.0,2.1952331869261794,0.06537801279691458,1.9879811869888522e-15,53,144,8,4.293480133602281,0.12786760075511497,1e-08,0.0
9,256.0,0.07111111111111111,grain,1.0,0.006646846547322699,4.386201754598071e-08,2.025281634250841e-15,53,144,8,0.01300000857861949,8.578619489855962e-08,1e-08,0.0
9,256.0,0.07111111111111111,grain,2.5,0.0066468682202966,1.0423679463825042e-07,2.182248384450294e-15,53,144,8,0.013000050967092263,2.0386836905304758e-07,1e-08,0.0
9,256.0,0.07111111111111111,grain,10.0,0.006647063664330484,2.2150318860633365e-07,1.9520944134445767e-15,53,144,8,0.013000433220284238,4.3322028423772613e-07,1e-08,0.0
9,256.0,0.07111111111111111,grain,100.0,0.0066472807813035585,4.386201754615475e-08,1.937795516861452e-15,53,144,8,0.013000857861948985,8.578619489855964e-08,1e-08,0.0
9,256.0,0.07111111111111111,grain,1000.0,0.006647285123186977,4.429620810079374e-09,1.953161050539866e-15,53,144,8,0.013000866353933082,8.663539330821442e-09,1e-08,0.0
9,256.0,0.07111111111111111,grain,10000.0,0.006647285167055335,4.4300593420767413e-10,1.9942854571155265e-15,53,144,8,0.013000866439702035,8.664397020357502e-10,1e-08,0.0
9,256.0,0.07111111111111111,all,1.0,0.21270414385371061,0.17704805526544962,2.1819563441162998e-15,53,144,8,0.41601091541921914,0.34627406066979083,1e-08,4.726526147325844e-10
9,256.0,0.07111111111111111,all,2.5,0.3260311527454844,0.2571914999175451,2.2507178786660484e-15,53,144,8,0.6376581039442709,0.5030201811564128,1e-08,1.1816315368314611e-09
9,256.0,0.07111111111111111,all,10.0,0.6118250816371656,0.4169103799070716,2.2234652432903655e-15,53,144,8,1.196619480017345,0.8154014931766878,1e-08,4.7265261473258444e-09
9,256.0,0.07111111111111111,all,100.0,1.475665971529255,0.550516795955077,2.177373532991601e-15,53,144,8,2.8861364490938493,1.0767114406165579,1e-08,4.7265261473258444e-08
9,256.0,0.07111111111111111,all,1000.0,2.0555691787672195,0.20659937446441828,2.370535297639883e-15,53,144,8,4.020322524923262,0.40406996004572415,1e-08,4.726526147325844e-07
9,256.0,0.07111111111111111,all,10000.0,2.195725987706544,0.06540664916806313,2.160844613730741e-15,53,144,8,4.294443963004916,0.12791208890523176,1e-08,4.726526147325844e-06
10,512.0,0.14222222222222222,maxwell,1.0,0.0067615377166544526,2.8990926608808473e-09,2.1992882841023364e-15,53,144,8,0.013,4.448495197483147e-09,1e-08,4.726526147325844e-10
10,512.0,0.14222222222222222,maxwell,2.5,0.006761537716677259,7.247731652216734e-09,1.9452736793754145e-15,53,144,8,0.013,1.112123799370787e-08,1e-08,1.1816315368314611e-09
10,512.0,0.14222222222222222,maxwell,10.0,0.006761537716673156,2.8990926608838396e-08,1.9747158374618316e-15,53,144,8,0.013,4.448495197483148e-08,1e-08,4.7265261473258444e-09
10,512.0,0.14222222222222222,maxwell,100.0,0.006761537717079001,2.899092660726876e-07,2.4154425742794347e-15,53,144,8,0.013,4.4484951974831477e-07,1e-08,4.7265261473258444e-08
10,512.0,0.14222222222222222,maxwell,1000.0,0.0067615377545628425,2.8990926448423937e-06,2.183537717869716e-15,53,144,8,0.013,4.448495197483147e-06,1e-08,4.726526147325844e-07
10,512.0,0.14222222222222222,maxwell,10000.0,0.00676154150696848,2.899091056732844e-05,2.174960794621698e-15,53,144,8,0.013,4.448495197483148e-05,1e-08,4.726526147325844e-06
10,512.0,0.14222222222222222,pore,1.0,0.007261284136849166,1.1181310469189376e-05,2.0034936952216607e-15,53,144,8,0.013960834004553429,2.1497669380347183e-05,1e-08,0.0
10,512.0,0.14222222222222222,pore,2.5,0.007262200468442654,4.56456211078987e-06,2.077445908375998e-15,53,144,8,0.013962595783119078,8.776023829589496e-06,1e-08,0.0
10,512.0,0.14222222222222222,pore,10.0,0.007262379325444159,1.1459000702620633e-06,1.9514444139845037e-15,53,144,8,0.013962939661393375,2.203156859064083e-06,1e-08,0.0
10,512.0,0.14222222222222222,pore,100.0,0.007262391323662098,1.1462226028714348e-07,1.9174782273558357e-15,53,144,8,0.01396296272970702,2.2037769741581753e-07,1e-08,0.0
10,512.0,0.14222222222222222,pore,1000.0,0.007262391443786125,1.146225833640663e-08,1.8680627616205658e-15,53,144,8,0.013962962960630378,2.203783185759929e-08,1e-08,0.0
10,512.0,0.14222222222222222,pore,10000.0,0.007262391444945758,1.14622586593813e-09,1.8998917392517144e-15,53,144,8,0.013962962962939635,2.2037832478769944e-09,1e-08,0.0
10,512.0,0.14222222222222222,membrane,1.0,0.2204429435694793,0.18426236400510362,2.1612801736623233e-15,53,144,8,0.423833079754319,0.3542707620483076,1e-08,0.0
10,512.0,0.14222222222222222,membrane,2.5,0.33834100364649206,0.2679210370948021,2.1312047675334366e-15,53,144,8,0.6505089710223888,0.51511653230605,1e-08,0.0
10,512.0,0.14222222222222222,membrane,10.0,0.6361984622343758,0.43490202749185125,2.292896281649455e-15,53,144,8,1.2231825574320012,0.8361613806916687,1e-08,0.0
10,512.0,0.14222222222222222,membrane,100.0,1.537999589605579,0.5749292210123533,2.133467167518858e-15,53,144,8,2.957024269154,1.1053836976050944,1e-08,0.0
10,512.0,0.14222222222222222,membrane,1000.0,2.143770877833265,0.2157860140323381,1.971981533509769e-15,53,144,8,4.121706254367943,0.41487949014277725,1e-08,0.0
10,512.0,0.14222222222222222,membrane,10000.0,2.2901611959209043,0.06828606810754612,2.435612057114375e-15,53,144,8,4.40316258877854,0.13128973741612734,1e-08,0.0
10,512.0,0.14222222222222222,grain,1.0,0.006761542077117014,4.3604254263714456e-08,2.0301431405223065e-15,53,144,8,0.013000008383541843,8.38354184255635e-08,1e-08,0.0
10,512.0,0.14222222222222222,grain,2.5,0.006761563622718504,1.0362422777870501e-07,1.891116325770036e-15,53,144,8,0.013000049808101535,1.9923240614075092e-07,1e-08,0.0
10,512.0,0.14222222222222222,grain,10.0,0.006761757918145598,2.2020148402949015e-07,1.9671596635081755e-15,53,144,8,0.013000423368863048,4.233688630490957e-07,1e-08,0.0
10,512.0,0.14222222222222222,grain,100.0,0.006761973759254696,4.360425426367673e-08,2.0924679886113317e-15,53,144,8,0.013000838354184256,8.38354184255635e-08,1e-08,0.0
10,512.0,0.14222222222222222,grain,1000.0,0.006761978075628104,4.403589321673316e-09,1.9885482267874265e-15,53,144,8,0.013000846653060791,8.466530607921123e-09,1e-08,0.0
10,512.0,0.14222222222222222,grain,10000.0,0.006761978119199346,4.404025276571527e-10,1.988357073393502e-15,53,144,8,0.013000846736879361,8.467368793613121e-10,1e-08,0.0
10,512.0,0.14222222222222222,all,1.0,0.22094269434989758,0.18427359181833422,2.1647254406190894e-15,53,144,8,0.4247939221424143,0.3542923480016016,1e-08,4.726526147325844e-10
10,512.0,0.14222222222222222,all,2.5,0.3388416923062663,0.26792571253007125,2.389854005258758e-15,53,144,8,0.6514716166136094,0.5151255186835237,1e-08,1.1816315368314611e-09
10,512.0,0.14222222222222222,all,10.0,0.6366995240447163,0.43490342258416365,2.2881035319174164e-15,53,144,8,1.2241459204622578,0.8361640517023428,1e-08,4.7265261473258444e-09
10,512.0,0.14222222222222222,all,100.0,1.5385008792591255,0.5749296691536314,2.115883788778157e-15,53,144,8,2.9579880702378913,1.1053844466677298,1e-08,4.7265261473258444e-08
10,512.0,0.14222222222222222,all,1000.0,2.144272171920096,0.2157889289918391,2.145772095676783e-15,53,144,8,4.1226700639816345,0.41488396914233716,1e-08,4.726526147325844e-07
10,512.0,0.14222222222222222,all,10000.0,2.2906624900764765,0.06831506063653346,2.241090800794404e-15,53,144,8,4.404126398478359,0.1313342254186223,1e-08,4.726526147325844e-06
11,1024.0,0.28444444444444444,maxwell,1.0,0.007232341152726693,3.0238054544010144e-09,2.3088487447504705e-15,53,144,8,0.013,4.448495197483147e-09,1e-08,4.726526147325844e-10
11,1024.0,0.28444444444444444,maxwell,2.5,0.007232341152750279,7.559513636018569e-09,2.077747141046705e-15,53,144,8,0.013,1.112123799370787e-08,1e-08,1.1816315368314611e-09
11,1024.0,0.28444444444444444,maxwell,10.0,0.007232341152745704,3.0238054544045384e-08,2.046516068416578e-15,53,144,8,0.013,4.448495197483148e-08,1e-08,4.7265261473258444e-09
11,1024.0,0.28444444444444444,maxwell,100.0,0.007232341153138057,3.0238054542549245e-07,2.4246251717373504e-15,53,144,8,0.013,4.4484951974831477e-07,1e-08,4.7265261473258444e-08
11,1024.0,0.28444444444444444,maxwell,1000.0,0.007232341189072359,3.023805439073105e-06,2.152164651055672e-15,53,144,8,0.013,4.448495197483147e-06,1e-08,4.726526147325844e-07
11,1024.0,0.28444444444444444,maxwell,10000.0,0.007232344786844281,3.02380392130908e-05,2.2240465072086734e-15,53,144,8,0.013,4.448495197483148e-05,1e-08,4.726526147325844e-06
11,1024.0,0.28444444444444444,pore,1.0,0.00776223552874939,1.315819299131113e-05,2.257068812308625e-15,53,144,8,0.013952476909550073,2.3651647506067296e-05,1e-08,0.0
11,1024.0,0.28444444444444444,pore,2.5,0.007764783811313654,6.811987428756883e-06,2.1080052695835637e-15,53,144,8,0.013957057407988284,1.2244441587646578e-05,1e-08,0.0
11,1024.0,0.28444444444444444,pore,10.0,0.007767161420954151,2.782571927913828e-06,2.1562805350866638e-15,53,144,8,0.013961331124337499,5.001629816695019e-06,1e-08,0.0
11,1024.0,0.28444444444444444,pore,100.0,0.007768055339556714,3.404729452557204e-07,2.0812096235455572e-15,53,144,8,0.013962937929186696,6.119948302834824e-07,1e-08,0.0
11,1024.0,0.28444444444444444,pore,1000.0,0.007768069126613016,3.414892291578433e-08,1.8559377665282665e-15,53,144,8,0.013962962711166467,6.138215848091312e-08,1e-08,0.0
11,1024.0,0.28444444444444444,pore,10000.0,0.007768069265268068,3.4149945875034597e-09,2.145814251791937e-15,53,144,8,0.01396296296044485,6.138399723449619e-09,1e-08,0.0
11,1024.0,0.28444444444444444,membrane,1.0,0.2578153837209505,0.21768290798552897,2.1224471648148545e-15,53,144,8,0.46341912652843786,0.3912816456784777,1e-08,0.0
11,1024.0,0.28444444444444444,membrane,2.5,0.39691014278883696,0.31764381383005036,2.3819296648164314e-15,53,144,8,0.7134397952898768,0.5709598211676424,1e-08,0.0
11,1024.0,0.28444444444444444,membrane,10.0,0.7506147721665734,0.5183483386645523,2.3097916793001637e-15,53,144,8,1.3492183722522704,0.931723086862712,1e-08,0.0
11,1024.0,0.28444444444444444,membrane,100.0,1.8287646985900434,0.6884027235810222,2.0955791345280606e-15,53,144,8,3.287176117293168,1.2373932021791545,1e-08,0.0
11,1024.0,0.28444444444444444,membrane,1000.0,2.5548060329640845,0.25850527578083304,2.3080193539824595e-15,53,144,8,4.59222413770617,0.4646592176630274,1e-08,0.0
11,1024.0,0.28444444444444444,membrane,10000.0,2.730173868254105,0.08180472966957052,2.2400569610179427e-15,53,144,8,4.907445097532272,0.14704273084908795,1e-08,0.0
11,1024.0,0.28444444444444444,grain,1.0,0.00723234572756208,4.5748466185123706e-08,2.3491003256073233e-15,53,144,8,0.013000008223215731,8.223215732425954e-08,1e-08,0.0
11,1024.0,0.28444444444444444,grain,2.5,0.0072323683327202865,1.087198843474442e-07,1.98292511212319e-15,53,144,8,0.013000048855575822,1.9542230328824036e-07,1e-08,0.0
11,1024.0,0.28444444444444444,grain,10.0,0.007232572182500053,2.310297542359875e-07,2.2955846913463703e-15,53,144,8,0.013000415272394487,4.1527239448751075e-07,1e-08,0.0
11,1024.0,0.28444444444444444,grain,100.0,0.007232798637452894,4.574846618565268e-08,1.871469426732923e-15,53,144,8,0.013000822321573242,8.223215732425956e-08,1e-08,0.0
11,1024.0,0.28444444444444444,grain,1000.0,0.007232803166075579,4.620133071445741e-09,2.133909078749076e-15,53,144,8,0.0130008304617428,8.304617428007415e-09,1e-08,0.0
11,1024.0,0.28444444444444444,grain,10000.0,0.007232803211790672,4.620590464120797e-10,2.2481893746808195e-15,53,144,8,0.01300083054395843,8.30543958431063e-10,1e-08,0.0
11,1024.0,0.28444444444444444,all,1.0,0.25834528267138906,0.21769611495242772,2.123822523220932e-15,53,144,8,0.46437161166120366,0.3913053840066362,1e-08,4.726526147325844e-10
11,1024.0,0.28444444444444444,all,2.5,0.3974426126252928,0.31765074209732214,2.3123057717107647e-15,53,144,8,0.7143969015534408,0.5709722721527715,1e-08,1.1816315368314611e-09
11,1024.0,0.28444444444444444,all,10.0,0.7511498234681911,0.5183513825011545,2.2360132056198913e-15,53,144,8,1.3501801186490023,0.9317285482498752,1e-08,4.7265261473258444e-09
11,1024.0,0.28444444444444444,all,100.0,1.8293008702469489,0.6884034121818671,2.137175568995324e-15,53,144,8,3.288139877543928,1.2373943412556618,1e-08,4.7265261473258444e-08
11,1024.0,0.28444444444444444,all,1000.0,2.555342222949479,0.2585083383554016,2.3856485022232943e-15,53,144,8,4.593187930879079,0.4646637358450008,1e-08,4.726526147325844e-07
11,1024.0,0.28444444444444444,all,10000.0,2.7307100584332074,0.08183497161645248,2.5480937773875827e-15,53,144,8,4.908408891036675,0.14708722277000646,1e-08,4.726526147325844e-06
12,1924.0,0.5344444444444445,maxwell,1.0,0.007978602749971395,3.202908019701688e-09,2.3307471155315688e-15,53,144,8,0.013,4.448495197483147e-09,1e-08,4.726526147325844e-10
12,1924.0,0.5344444444444445,maxwell,2.5,0.007978602749995706,8.007270049270413e-09,2.017330701870043e-15,53,144,8,0.013,1.112123799370787e-08,1e-08,1.1816315368314611e-09
12,1924.0,0.5344444444444445,maxwell,10.0,0.007978602749990224,3.202908019705427e-08,2.09587962078027e-15,53,144,8,0.013,4.448495197483148e-08,1e-08,4.7265261473258444e-09
12,1924.0,0.5344444444444445,maxwell,100.0,0.007978602750324696,3.2029080195813255e-07,2.4687402602213906e-15,53,144,8,0.013,4.4484951974831477e-07,1e-08,4.7265261473258444e-08
12,1924.0,0.5344444444444445,maxwell,1000.0,0.007978602780424176,3.2029080069537806e-06,2.179556066965789e-15,53,144,8,0.013,4.448495197483147e-06,1e-08,4.726526147325844e-07
12,1924.0,0.5344444444444445,maxwell,10000.0,0.007978605794767085,3.2029067446141474e-05,2.2155233908706125e-15,53,144,8,0.013,4.448495197483148e-05,1e-08,4.726526147325844e-06
12,1924.0,0.5344444444444445,pore,1.0,0.008557355536293285,2.059525878486261e-05,2.020372986916085e-15,53,144,8,0.013942996648447385,3.355709115928185e-05,1e-08,0.0
12,1924.0,0.5344444444444445,pore,2.5,0.008563603778183418,1.1896021763551958e-05,2.1416940302120324e-15,53,144,8,0.01395317728391735,1.9382902197326766e-05,1e-08,0.0
12,1924.0,0.5344444444444445,pore,10.0,0.00856860546438138,4.50922314550316e-06,2.1323241377938932e-15,53,144,8,0.01396132683140266,7.347147891294037e-06,1e-08,0.0
12,1924.0,0.5344444444444445,pore,100.0,0.008569597157675725,4.941853016391399e-07,2.2092460518854743e-15,53,144,8,0.013962942656881241,8.052057704195054e-07,1e-08,0.0
12,1924.0,0.5344444444444445,pore,1000.0,0.00856960949534475,4.9478009771076863e-08,2.162554104566383e-15,53,144,8,0.013962962759308408,8.061749073461176e-08,1e-08,0.0
12,1924.0,0.5344444444444445,pore,10000.0,0.008569609619018398,4.9478607173036044e-09,2.137357209580923e-15,53,144,8,0.013962962960926356,8.061846411811316e-09,1e-08,0.0
12,1924.0,0.5344444444444445,membrane,1.0,0.25149630699941383,0.21202590182640987,2.2756427297806367e-15,53,144,8,0.40977801021136434,0.34546652654763066,1e-08,0.0
12,1924.0,0.5344444444444445,membrane,2.5,0.3869538943518717,0.3097797327878068,2.3643536860968397e-15,53,144,8,0.630487186750442,0.5047427100139932,1e-08,0.0
12,1924.0,0.5344444444444445,membrane,10.0,0.7323312174339582,0.5060363642443383,2.2228277215947236e-15,53,144,8,1.1932311870169234,0.8245154179608692,1e-08,0.0
12,1924.0,0.5344444444444445,membrane,100.0,1.7840859121000028,0.6706387201215833,2.2683738708106176e-15,53,144,8,2.9069182319246885,1.0927119149745852,1e-08,0.0
12,1924.0,0.5344444444444445,membrane,1000.0,2.4908372692290954,0.2517278508597385,2.0802263391654934e-15,53,144,8,4.05847063367974,0.41015529481500473,1e-08,0.0
12,1924.0,0.5344444444444445,membrane,10000.0,2.66161007064229,0.07965998741893741,2.4263588396576167e-15,53,144,8,4.336721007939043,0.12979479828356097,1e-08,0.0
12,1924.0,0.5344444444444445,grain,1.0,0.007978607888743588,5.138722250232423e-08,1.967066845742892e-15,53,144,8,0.013000008372828562,8.372828561925959e-08,1e-08,0.0
12,1924.0,0.5344444444444445,grain,2.5,0.007978633280067541,1.2212022288866363e-07,2.254568432211421e-15,53,144,8,0.013000049744452043,1.9897780817753457e-07,1e-08,0.0
12,1924.0,0.5344444444444445,grain,10.0,0.007978862255443158,2.595054736355498e-07,2.340625084586255e-15,53,144,8,0.013000422827842377,4.22827842377261e-07,1e-08,0.0
12,1924.0,0.5344444444444445,grain,100.0,0.00797911662217917,5.138722250229983e-08,2.140585683318705e-15,53,144,8,0.013000837282856193,8.372828561925962e-08,1e-08,0.0
12,1924.0,0.5344444444444445,grain,1000.0,0.00797912170902472,5.189590513671038e-09,2.0124893275161967e-15,53,144,8,0.01300084557112764,8.455711276417579e-09,1e-08,0.0
12,1924.0,0.5344444444444445,grain,10000.0,0.007979121760418999,5.190104282641639e-10,2.0577727515194465e-15,53,144,8,0.013000845654839098,8.456548390996829e-10,1e-08,0.0
12,1924.0,0.5344444444444445,all,1.0,0.25207506492448034,0.2120465516745358,2.2526339480615417e-15,53,144,8,0.41072101523264026,0.3455001718155708,1e-08,4.726526147325844e-10
12,1924.0,0.5344444444444445,all,2.5,0.3875389259094649,0.30979175893660293,2.3050313360517327e-15,53,144,8,0.6314404137788113,0.5047623030152367,1e-08,1.1816315368314611e-09
12,1924.0,0.5344444444444445,all,10.0,0.7329214796567111,0.5060411650004472,2.2604844704267465e-15,53,144,8,1.1941929366761685,0.8245232324215549,1e-08,4.7265261473258444e-09
12,1924.0,0.5344444444444445,all,100.0,1.7846774203764648,0.6706395859862585,2.271401447719305e-15,53,144,8,2.907882011864426,1.092713248758161,1e-08,4.7265261473258444e-08
12,1924.0,0.5344444444444445,all,1000.0,2.491428794923129,0.2517311084369174,2.0295542940087604e-15,53,144,8,4.059434442010176,0.41015983238340425,1e-08,4.726526147325844e-07
12,1924.0,0.5344444444444445,all,10000.0,2.6622015965511614,0.07969202197881914,2.1640812437308565e-15,53,144,8,4.337684816554809,0.12983929214303708,1e-08,4.726526147325844e-06
13,2824.0,0.7844444444444445,maxwell,1.0,0.008468457027837053,3.3265760938354252e-09,2.3745494209801956e-15,53,144,8,0.013,4.448495197483147e-09,1e-08,4.726526147325844e-10
13,2824.0,0.7844444444444445,maxwell,2.5,0.008468457027861278,8.316440234604503e-09,2.049515738915855e-15,53,144,8,0.013,1.112123799370787e-08,1e-08,1.1816315368314611e-09
13,2824.0,0.7844444444444445,maxwell,10.0,0.00846845702785644,3.3265760938393555e-08,2.1800425079844755e-15,53,144,8,0.013,4.448495197483148e-08,1e-08,4.7265261473258444e-09
13,2824.0,0.7844444444444445,maxwell,100.0,0.008468457028175901,3.326576093718389e-07,2.4931646250971155e-15,53,144,8,0.013,4.4484951974831477e-07,1e-08,4.7265261473258444e-08
13,2824.0,0.7844444444444445,maxwell,1000.0,0.00846845705678759,3.326576081416315e-06,2.224944092219786e-15,53,144,8,0.013,4.448495197483147e-06,1e-08,4.726526147325844e-07
13,2824.0,0.7844444444444445,maxwell,10000.0,0.008468459922363506,3.326574851634259e-05,2.268178198850009e-15,53,144,8,0.013,4.448495197483148e-05,1e-08,4.726526147325844e-06
13,2824.0,0.7844444444444445,pore,1.0,0.009078962216197252,2.561559117868274e-05,2.3401715211298327e-15,53,144,8,0.013937192681486897,3.9322752766389574e-05,1e-08,0.0
13,2824.0,0.7844444444444445,pore,2.5,0.009087769784536381,1.4931312763497841e-05,2.3239037689471427e-15,53,144,8,0.013950713268543042,2.2921209047175085e-05,1e-08,0.0
13,2824.0,0.7844444444444445,pore,10.0,0.00909399831129675,5.932746872078955e-06,2.149557258976397e-15,53,144,8,0.01396027474293775,9.107419651122027e-06,1e-08,0.0
13,2824.0,0.7844444444444445,pore,100.0,0.009095723969607155,7.003058519558729e-07,2.264580598208323e-15,53,144,8,0.013962923818462425,1.0750465872576467e-06,1e-08,0.0
13,2824.0,0.7844444444444445,pore,1000.0,0.009095749212840063,7.020134411655785e-08,2.284819089839251e-15,53,144,8,0.013962962569488256,1.077667924699283e-07,1e-08,0.0
13,2824.0,0.7844444444444445,pore,10000.0,0.009095749466551705,7.020306243734642e-09,1.9638688420371827e-15,53,144,8,0.01396296295902801,1.0776943028173698e-08,1e-08,0.0
13,2824.0,0.7844444444444445,membrane,1.0,0.24052642876939065,0.20204761465263107,2.3908829736522305e-15,53,144,8,0.3692345364804858,0.310165334174267,1e-08,0.0
13,2824.0,0.7844444444444445,membrane,2.5,0.36955692382152583,0.2952370589486524,2.236577521919117e-15,53,144,8,0.5673105528002819,0.4532213914375747,1e-08,0.0
13,2824.0,0.7844444444444445,membrane,10.0,0.6986278704902095,0.4826873945199578,2.223553756309266e-15,53,144,8,1.0724706870339744,0.74097829504269,1e-08,0.0
13,2824.0,0.7844444444444445,membrane,100.0,1.7030866845465835,0.6412770228843025,2.4039444344297515e-15,53,144,8,2.6144255587265457,0.9844308354936611,1e-08,0.0
13,2824.0,0.7844444444444445,membrane,1000.0,2.3794086305145488,0.24080429254380115,2.079976039919929e-15,53,144,8,3.6526542096441896,0.3696611018940819,1e-08,0.0
13,2824.0,0.7844444444444445,membrane,10000.0,2.542768357518675,0.07620320890110918,1.9594345711410896e-15,53,144,8,3.9034293766729706,0.11698031572717113,1e-08,0.0
13,2824.0,0.7844444444444445,grain,1.0,0.008468462287419222,5.259541967737037e-08,2.0255225051125233e-15,53,144,8,0.013000008073976001,8.073976002251388e-08,1e-08,0.0
13,2824.0,0.7844444444444445,grain,2.5,0.008468488275735445,1.2499146793874953e-07,2.1413092165031057e-15,53,144,8,0.013000047968916248,1.9187566499468004e-07,1e-08,0.0
13,2824.0,0.7844444444444445,grain,10.0,0.008468722634750018,2.656068693711458e-07,2.2876463164463334e-15,53,144,8,0.013000407735788113,4.077357881136951e-07,1e-08,0.0
13,2824.0,0.7844444444444445,grain,100.0,0.008468982982094246,5.259541967709665e-08,2.1294686636581288e-15,53,144,8,0.013000807397600225,8.073976002251388e-08,1e-08,0.0
13,2824.0,0.7844444444444445,grain,1000.0,0.00846898818852776,5.311606226804816e-09,2.324586623225811e-15,53,144,8,0.013000815390037224,8.15390037223668e-09,1e-08,0.0
13,2824.0,0.7844444444444445,grain,10000.0,0.008468988241063133,5.312132075259604e-10,2.0423750706938027e-15,53,144,8,0.013000815470760756,8.154707607566295e-10,1e-08,0.0
13,2824.0,0.7844444444444445,all,1.0,0.24113693921722404,0.2020732861658274,2.333481877185569e-15,53,144,8,0.3701717372359487,0.31020474211528865,1e-08,4.726526147325844e-10
13,2824.0,0.7844444444444445,all,2.5,0.37017626782764557,0.29525212356992,2.1905200416673825e-15,53,144,8,0.5682613140377412,0.45324451564352486,1e-08,1.1816315368314611e-09
13,2824.0,0.7844444444444445,all,10.0,0.699253677378952,0.4826936261375761,2.1845090615144085e-15,53,144,8,1.0734313695127002,0.7409878546830811,1e-08,4.7265261473258444e-09
13,2824.0,0.7844444444444445,all,100.0,1.7037144774427015,0.6412781084447714,2.396947765637434e-15,53,144,8,2.6153892899426086,0.984432436129528,1e-08,4.7265261473258444e-08
13,2824.0,0.7844444444444445,all,1000.0,2.3800364538571883,0.2408076946339147,2.139723581240641e-15,53,144,8,3.6536179876037154,0.3696656663099723,1e-08,4.726526147325844e-07
13,2824.0,0.7844444444444445,all,10000.0,2.5433961811695265,0.07623648222544545,2.095327005394291e-15,53,144,8,3.9043931551027593,0.11702481227155975,1e-08,4.726526147325844e-06
14,3724.0,1.0344444444444445,maxwell,1.0,0.009107993152661928,3.463330563765446e-09,2.3299615033638625e-15,53,144,8,0.013,4.448495197483147e-09,1e-08,4.726526147325844e-10
14,3724.0,1.0344444444444445,maxwell,2.5,0.009107993152686832,8.658326409429687e-09,2.0301826341001295e-15,53,144,8,0.013,1.112123799370787e-08,1e-08,1.1816315368314611e-09
14,3724.0,1.0344444444444445,maxwell,10.0,0.009107993152680575,3.463330563769624e-08,2.151557565819682e-15,53,144,8,0.013,4.448495197483148e-08,1e-08,4.7265261473258444e-09
14,3724.0,1.0344444444444445,maxwell,100.0,0.009107993152912443,3.4633305636913227e-07,2.560697749180588e-15,53,144,8,0.013,4.4484951974831477e-07,1e-08,4.7265261473258444e-08
14,3724.0,1.0344444444444445,maxwell,1000.0,0.009107993172612133,3.4633305556245885e-06,2.2013996507699802e-15,53,144,8,0.013,4.448495197483147e-06,1e-08,4.726526147325844e-07
14,3724.0,1.0344444444444445,maxwell,10000.0,0.009107995147224806,3.463329749366103e-05,2.2532481492687137e-15,53,144,8,0.013,4.448495197483148e-05,1e-08,4.726526147325844e-06
14,3724.0,1.0344444444444445,pore,1.0,0.00976612772339865,2.3024757441107714e-05,2.316481566630408e-15,53,144,8,0.013939367889830523,3.286367070600795e-05,1e-08,0.0
14,3724.0,1.0344444444444445,pore,2.5,0.009774472228092737,1.4454218730311992e-05,2.1167725311738777e-15,53,144,8,0.013951278158883158,2.0630779102887254e-05,1e-08,0.0
14,3724.0,1.0344444444444445,pore,10.0,0.009781339178141545,5.643997550417628e-06,2.2724356506599897e-15,53,144,8,0.013961079486189219,8.055784189535892e-06,1e-08,0.0
14,3724.0,1.0344444444444445,pore,100.0,0.009782642376917863,6.206106563571722e-07,2.0411462153423916e-15,53,144,8,0.01396293956644407,8.858092989403975e-07,1e-08,0.0
14,3724.0,1.0344444444444445,pore,1000.0,0.009782658604461784,6.213926705597063e-08,1.959632181767167e-15,53,144,8,0.013962962728299475,8.869254825595638e-08,1e-08,0.0
14,3724.0,1.0344444444444445,pore,10000.0,0.009782658767194833,6.214005265587066e-09,2.000497035005865e-15,53,144,8,0.013962962960616254,8.869366955797866e-09,1e-08,0.0
14,3724.0,1.0344444444444445,membrane,1.0,0.2967228038389271,0.24982499368398237,2.2248407269001355e-15,53,144,8,0.4235180457477233,0.35657992695636753,1e-08,0.0
14,3724.0,1.0344444444444445,membrane,2.5,0.4563412812757179,0.3647281814545898,2.3005574848015448e-15,53,144,8,0.6513445101295905,0.5205834147519718,1e-08,0.0
14,3724.0,1.0344444444444445,membrane,10.0,0.8626816111363973,0.5953808790211722,2.3945943169744646e-15,53,144,8,1.2313217294057766,0.8497983617374759,1e-08,0.0
14,3724.0,1.0344444444444445,membrane,100.0,2.10065545898172,0.790097260272883,2.3097228737530313e-15,53,144,8,2.998305159399157,1.1277207264289049,1e-08,0.0
14,3724.0,1.0344444444444445,membrane,1000.0,2.933741236271161,0.2966529491040427,2.320555666195421e-15,53,144,8,4.187384207243721,0.4234183512344305,1e-08,0.0
14,3724.0,1.0344444444444445,membrane,10000.0,3.1349891664611795,0.09387666586997309,2.3325573539607987e-15,53,144,8,4.474629174970895,0.13399193637703774,1e-08,0.0
14,3724.0,1.0344444444444445,grain,1.0,0.009107998375665081,5.223007831928172e-08,2.313553205327095e-15,53,144,8,0.01300000745489762,7.4548976215451e-08,1e-08,0.0
14,3724.0,1.0344444444444445,grain,2.5,0.009108024183430933,1.2412324494696641e-07,2.2287003158789217e-15,53,144,8,0.01300004429086234,1.7716344935907182e-07,1e-08,0.0
14,3724.0,1.0344444444444445,grain,10.0,0.009108256914551973,2.6376189551353095e-07,2.3842333887393398e-15,53,144,8,0.013000376472329888,3.764723298880276e-07,1e-08,0.0
14,3724.0,1.0344444444444445,grain,100.0,0.009108515453391761,5.223007831928601e-08,2.4121315557186974e-15,53,144,8,0.013000745489762154,7.454897621545103e-08,1e-08,0.0
14,3724.0,1.0344444444444445,grain,1000.0,0.009108520623693566,5.274710439213817e-09,2.0696901262535456e-15,53,144,8,0.013000752869372838,7.528693728387714e-09,1e-08,0.0
14,3724.0,1.0344444444444445,grain,10000.0,0.0091085206759418,5.275232635047797e-10,2.099196542062561e-15,53,144,8,0.013000752943906832,7.529439068321485e-10,1e-08,0.0
14,3724.0,1.0344444444444445,all,1.0,0.2973809436318084,0.2498480741339639,2.255978064702554e-15,53,144,8,0.42445742109245144,0.35661286962454497,1e-08,4.726526147325844e-10
14,3724.0,1.0344444444444445,all,2.5,0.4570077913806825,0.3647427684562776,2.24081219512217e-15,53,144,8,0.652295832579336,0.520604233815762,1e-08,1.1816315368314611e-09
14,3724.0,1.0344444444444445,all,10.0,0.8633552209250346,0.5953868214153244,2.474066108283757e-15,53,144,8,1.232283185364296,0.8498068384789473,1e-08,4.7265261473258444e-09
14,3724.0,1.0344444444444445,all,100.0,2.10133063050891,0.7900982794466587,2.182145704398818e-15,53,144,8,2.9992688444553637,1.1277221316366999,1e-08,4.7265261473258444e-08
14,3724.0,1.0344444444444445,all,1000.0,2.934416429182988,0.2966564798482213,2.1825549789294923e-15,53,144,8,4.188347922841393,0.42342289595086996,1e-08,4.726526147325844e-07
14,3724.0,1.0344444444444445,all,10000.0,3.135664359605386,0.09391130592609222,2.3719109556438676e-15,53,144,8,4.475592890875419,0.13403643095132342,1e-08,4.726526147325844e-06
15,4624.0,1.2844444444444445,maxwell,1.0,0.009618629281780394,3.5968699949488532e-09,2.3958193593193302e-15,53,144,8,0.013,4.448495197483147e-09,1e-08,4.726526147325844e-10
15,4624.0,1.2844444444444445,maxwell,2.5,0.009618629281805766,8.992174987388943e-09,2.116389069880496e-15,53,144,8,0.013,1.112123799370787e-08,1e-08,1.1816315368314611e-09
15,4624.0,1.2844444444444445,maxwell,10.0,0.009618629281799079,3.596869994953395e-08,2.0935971296557905e-15,53,144,8,0.013,4.448495197483148e-08,1e-08,4.7265261473258444e-09
15,4624.0,1.2844444444444445,maxwell,100.0,0.009618629282020666,3.5968699948771965e-07,2.5666044133923653e-15,53,144,8,0.013,4.4484951974831477e-07,1e-08,4.7265261473258444e-08
15,4624.0,1.2844444444444445,maxwell,1000.0,0.009618629300633104,3.5968699870210017e-06,2.2282397499911223e-15,53,144,8,0.013,4.448495197483147e-06,1e-08,4.726526147325844e-07
15,4624.0,1.2844444444444445,maxwell,10000.0,0.00961863116658691,3.5968692018233826e-05,2.3101032882009435e-15,53,144,8,0.013,4.448495197483148e-05,1e-08,4.726526147325844e-06
15,4624.0,1.2844444444444445,pore,1.0,0.010317114596045307,2.3042483603966084e-05,2.0864230939663247e-15,53,144,8,0.013944034219447454,3.114294972165493e-05,1e-08,0.0
15,4624.0,1.2844444444444445,pore,2.5,0.010324553770396804,1.3139571759320101e-05,2.315463914586146e-15,53,144,8,0.01395408859720545,1.775872035748657e-05,1e-08,0.0
15,4624.0,1.2844444444444445,pore,10.0,0.010329740426292122,5.0448819146604045e-06,2.1783795546155094e-15,53,144,8,0.013961098595121216,6.818384099628743e-06,1e-08,0.0
15,4624.0,1.2844444444444445,pore,100.0,0.010331100002113123,5.865449933839974e-07,2.1723641921525333e-15,53,144,8,0.013962936122762407,7.927418568447657e-07,1e-08,0.0
15,4624.0,1.2844444444444445,pore,1000.0,0.010331119661382835,5.878483767488212e-08,2.1410483609527446e-15,53,144,8,0.013962962693205025,7.94503437900082e-08,1e-08,0.0
15,4624.0,1.2844444444444445,pore,10000.0,0.010331119859013277,5.878614919550749e-09,2.0665232964996483e-15,53,144,8,0.013962962960265245,7.945211636898721e-09,1e-08,0.0
15,4624.0,1.2844444444444445,membrane,1.0,0.37413974989505894,0.3178288431123899,2.207242420782724e-15,53,144,8,0.5056666381468984,0.42955993161433464,1e-08,0.0
15,4624.0,1.2844444444444445,membrane,2.5,0.5771752531066002,0.4646594271067319,2.3697498974091784e-15,53,144,8,0.7800782240228641,0.6280080491684473,1e-08,0.0
15,4624.0,1.2844444444444445,membrane,10.0,1.0954208970025974,0.7595688313672536,2.4433202163835405e-15,53,144,8,1.4805104477596398,1.0265913315553015,1e-08,0.0
15,4624.0,1.2844444444444445,membrane,100.0,2.6744907823765542,1.0069444420643145,2.1823156621105326e-15,53,144,8,3.6146941969084234,1.3609305607260442,1e-08,0.0
15,4624.0,1.2844444444444445,membrane,1000.0,3.7357227854583583,0.3779740841824431,2.6977334466148806e-15,53,144,8,5.0489968303697745,0.5108489215875407,1e-08,0.0
15,4624.0,1.2844444444444445,membrane,10000.0,3.992141032533054,0.11961096778381305,2.344462942731587e-15,53,144,8,5.395557588053345,0.16165958582734358,1e-08,0.0
15,4624.0,1.2844444444444445,grain,1.0,0.009618634584604385,5.302839130123196e-08,2.0990008800884268e-15,53,144,8,0.013000007167024841,7.167024842019086e-08,1e-08,0.0
15,4624.0,1.2844444444444445,grain,2.5,0.009618660786928775,1.2602041226896157e-07,2.252421785235957e-15,53,144,8,0.013000042580559356,1.7032223742210063e-07,1e-08,0.0
15,4624.0,1.2844444444444445,grain,10.0,0.00961889707515301,2.67793376070125e-07,2.2450653733532198e-15,53,144,8,0.01300036193475452,3.6193475452196383e-07,1e-08,0.0
15,4624.0,1.2844444444444445,grain,100.0,0.00961915956570748,5.302839130077571e-08,2.3433803332981598e-15,53,144,8,0.013000716702484202,7.167024842019087e-08,1e-08,0.0
15,4624.0,1.2844444444444445,grain,1000.0,0.00961916481500928,5.35533198824256e-09,2.0351978024388716e-15,53,144,8,0.01300072379712933,7.237971293309946e-09,1e-08,0.0
15,4624.0,1.2844444444444445,grain,10000.0,0.009619164868023401,5.355862165539775e-10,2.023311870611818e-15,53,144,8,0.013000723868785174,7.238687851751425e-10,1e-08,0.0
15,4624.0,1.2844444444444445,all,1.0,0.37483824050928477,0.3178519422208724,2.3058808802200257e-15,53,144,8,0.5066106795333708,0.4295911506827999,1e-08,4.726526147325844e-10
15,4624.0,1.2844444444444445,all,2.5,0.5778812090999528,0.4646727016896589,2.448672470540908e-15,53,144,8,0.7810323552006289,0.6280259893322803,1e-08,1.1816315368314611e-09
15,4624.0,1.2844444444444445,all,10.0,1.0961322759341507,0.7595741800104483,2.2244199631695307e-15,53,144,8,1.4814719082895158,1.0265985563591076,1e-08,4.7265261473258444e-09
15,4624.0,1.2844444444444445,all,100.0,2.6752037833827416,1.006945441318427,2.1790266318429393e-15,53,144,8,3.6156578497336698,1.3609318699876691,1e-08,4.7265261473258444e-08
15,4624.0,1.2844444444444445,all,1000.0,3.736435811368417,0.37797774519324695,2.5260745324909376e-15,53,144,8,5.049960516860109,0.5108534567710533,1e-08,4.726526147325844e-07
15,4624.0,1.2844444444444445,all,10000.0,3.9928540586824517,0.11964694290499348,2.5256250554810404e-15,53,144,8,5.396521274882396,0.16170407944839885,1e-08,4.726526147325844e-06
16,5524.0,1.5344444444444445,maxwell,1.0,0.010048439592702166,3.6979368370351627e-09,2.384470490271829e-15,53,144,8,0.013,4.448495197483147e-09,1e-08,4.726526147325844e-10
16,5524.0,1.5344444444444445,maxwell,2.5,0.010048439592727288,9.244842092604676e-09,2.0843059215243156e-15,53,144,8,0.013,1.112123799370787e-08,1e-08,1.1816315368314611e-09
16,5524.0,1.5344444444444445,maxwell,10.0,0.010048439592720348,3.697936837040016e-08,2.131596735027924e-15,53,144,8,0.013,4.448495197483148e-08,1e-08,4.7265261473258444e-09
16,5524.0,1.5344444444444445,maxwell,100.0,0.010048439592901585,3.697936836983267e-07,2.5757365693756984e-15,53,144,8,0.013,4.4484951974831477e-07,1e-08,4.7265261473258444e-08
16,5524.0,1.5344444444444445,maxwell,1000.0,0.01004843960738218,3.697936831046912e-06,2.2359935612346545e-15,53,144,8,0.013,4.448495197483147e-06,1e-08,4.726526147325844e-07
16,5524.0,1.5344444444444445,maxwell,10000.0,0.010048441060220145,3.697936237872479e-05,2.3134287101001503e-15,53,144,8,0.013,4.448495197483148e-05,1e-08,4.726526147325844e-06
16,5524.0,1.5344444444444445,pore,1.0,0.010773614991653361,2.173595633414696e-05,2.4080397598511806e-15,53,144,8,0.013938184008395976,2.8120543900646494e-05,1e-08,0.0
16,5524.0,1.5344444444444445,pore,2.5,0.010781550482450419,1.4707635354574385e-05,2.144913769742915e-15,53,144,8,0.013948450422050509,1.902776667871331e-05,1e-08,0.0
16,5524.0,1.5344444444444445,pore,10.0,0.010790262153167885,7.079603118890814e-06,2.17970478367178e-15,53,144,8,0.013959721005903251,9.159122664926073e-06,1e-08,0.0
16,5524.0,1.5344444444444445,pore,100.0,0.010792732759305973,8.531629609851903e-07,2.4217458179630814e-15,53,144,8,0.013962917312909114,1.103765858290768e-06,1e-08,0.0
16,5524.0,1.5344444444444445,pore,1000.0,0.010792767690296969,8.554066355710276e-08,2.2333186280494436e-15,53,144,8,0.013962962504307527,1.1066685761966309e-07,1e-08,0.0
16,5524.0,1.5344444444444445,pore,10000.0,0.010792768041286748,8.554292049467977e-09,2.0092892666312718e-15,53,144,8,0.013962962958376186,1.1066977749575279e-08,1e-08,0.0
16,5524.0,1.5344444444444445,membrane,1.0,0.4342180033366906,0.370927579408025,2.235297129408657e-15,53,144,8,0.5617625506413056,0.4798815897661691,1e-08,0.0
16,5524.0,1.5344444444444445,membrane,2.5,0.6711402003791804,0.5428495198240253,2.3840923069752896e-15,53,144,8,0.8682768323508484,0.702302834944077,1e-08,0.0
16,5524.0,1.5344444444444445,membrane,10.0,1.2768685579240409,0.8884414860459069,2.2702736235069106e-15,53,144,8,1.6519281522396796,1.1494068826591368,1e-08,0.0
16,5524.0,1.5344444444444445,membrane,100.0,3.125123632335726,1.179079132651154,2.1657026545017535e-15,53,144,8,4.04307842695367,1.5254146632605219,1e-08,0.0
16,5524.0,1.5344444444444445,membrane,1000.0,4.3680929750218365,0.4426474629872811,2.3855529648569477e-15,53,144,8,5.651150021821495,0.572668035586049,1e-08,0.0
16,5524.0,1.5344444444444445,membrane,10000.0,4.6683841834186826,0.14007705533178663,2.266756656399121e-15,53,144,8,6.03964694272093,0.18122243730051119,1e-08,0.0
16,5524.0,1.5344444444444445,grain,1.0,0.010048444564682135,4.971959219706879e-08,2.0682943159815918e-15,53,144,8,0.01300000643239227,6.432392270234775e-08,1e-08,0.0
16,5524.0,1.5344444444444445,grain,2.5,0.010048469132016775,1.1815714851504213e-07,2.143275468137063e-15,53,144,8,0.013000038215977604,1.5286391042204997e-07,1e-08,0.0
16,5524.0,1.5344444444444445,grain,10.0,0.010048690676663283,2.510839405947967e-07,1.990827207539662e-15,53,144,8,0.013000324835809646,3.2483580964685617e-07,1e-08,0.0
16,5524.0,1.5344444444444445,grain,100.0,0.01004893678861667,4.9719592197001864e-08,2.0761944635456772e-15,53,144,8,0.013000643239227023,6.432392270234776e-08,1e-08,0.0
16,5524.0,1.5344444444444445,grain,1000.0,0.01004894171036736,5.021176694196147e-09,2.3330683631610372e-15,53,144,8,0.013000649606658627,6.496066586278497e-09,1e-08,0.0
16,5524.0,1.5344444444444445,grain,10000.0,0.010048941760116257,5.02167379020601e-10,2.0278776997003296e-15,53,144,8,0.013000649670969621,6.496709696227427e-10,1e-08,0.0
16,5524.0,1.5344444444444445,all,1.0,0.4349431837048763,0.37094936878221907,2.369111459910668e-15,53,144,8,0.5627007410820939,0.47990977908248766,1e-08,4.726526147325844e-10
16,5524.0,1.5344444444444445,all,2.5,0.6718733408096023,0.5428643548619515,2.3008823822222436e-15,53,144,8,0.8692253209888765,0.702322026695904,1e-08,1.1816315368314611e-09
16,5524.0,1.5344444444444445,all,10.0,1.2776106315707316,0.888448853713177,2.1890347166175498e-15,53,144,8,1.6528881980813925,1.1494164111025633,1e-08,4.7265261473258444e-09
16,5524.0,1.5344444444444445,all,100.0,3.1258684226880358,1.1790804053254116,2.126787922721128e-15,53,144,8,4.044041987505807,1.5254162761998225,1e-08,4.7265261473258444e-08
16,5524.0,1.5344444444444445,all,1000.0,4.368837805230786,0.4426512514872128,2.4937531669409585e-15,53,144,8,5.652113633932461,0.5726726012441706,1e-08,4.726526147325844e-07
16,5524.0,1.5344444444444445,all,10000.0,4.669129014040401,0.1401140437626731,2.296237944672689e-15,53,144,8,6.040610555350276,0.18126693396913474,1e-08,4.726526147325844e-06
17,6424.0,1.7844444444444445,maxwell,1.0,0.010521386925197372,3.816379433191509e-09,2.3793405128517425e-15,53,144,8,0.013,4.448495197483147e-09,1e-08,4.726526147325844e-10
17,6424.0,1.7844444444444445,maxwell,2.5,0.010521386925222871,9.540948582995684e-09,2.1434740577811297e-15,53,144,8,0.013,1.112123799370787e-08,1e-08,1.1816315368314611e-09
17,6424.0,1.7844444444444445,maxwell,10.0,0.010521386925215176,3.816379433196396e-08,2.170319166662683e-15,53,144,8,0.013,4.448495197483148e-08,1e-08,4.7265261473258444e-09
17,6424.0,1.7844444444444445,maxwell,100.0,0.01052138692537198,3.816379433149176e-07,2.6420304343747047e-15,53,144,8,0.013,4.4484951974831477e-07,1e-08,4.7265261473258444e-08
17,6424.0,1.7844444444444445,maxwell,1000.0,0.010521386937418251,3.816379428177936e-06,2.2922581930081785e-15,53,144,8,0.013,4.448495197483147e-06,1e-08,4.726526147325844e-07
17,6424.0,1.7844444444444445,maxwell,10000.0,0.010521388146869344,3.816378931507269e-05,2.2914595078087113e-15,53,144,8,0.013,4.448495197483148e-05,1e-08,4.726526147325844e-06
17,6424.0,1.7844444444444445,pore,1.0,0.011292675647482486,1.801865448259238e-05,2.276194835791642e-15,53,144,8,0.01395298821495473,2.226347264900377e-05,1e-08,0.0
17,6424.0,1.7844444444444445,pore,2.5,0.011298382953589621,9.31446548937127e-06,2.1280629986604538e-15,53,144,8,0.013960040043032512,1.1508758762378612e-05,1e-08,0.0
17,6424.0,1.7844444444444445,pore,10.0,0.01130055719801399,2.601832171386622e-06,2.317463210218871e-15,53,144,8,0.013962726494064426,3.214769418048467e-06,1e-08,0.0
17,6424.0,1.7844444444444445,pore,100.0,0.011300746622630987,2.6281447139495916e-07,2.40754292768604e-15,53,144,8,0.013962960543066578,3.247280645322567e-07,1e-08,0.0
17,6424.0,1.7844444444444445,pore,1000.0,0.011300748561457843,2.6284162037793453e-08,2.2514790758116e-15,53,144,8,0.013962962938758275,3.247616092503629e-08,1e-08,0.0
17,6424.0,1.7844444444444445,pore,10000.0,0.011300748580948915,2.6284189195462993e-09,2.2912388971725615e-15,53,144,8,0.013962962962720916,3.2476194480500783e-09,1e-08,0.0
17,6424.0,1.7844444444444445,membrane,1.0,0.6021997694776613,0.5139249359622395,2.490247847682746e-15,53,144,8,0.7440654355302949,0.63499490300164,1e-08,0.0
17,6424.0,1.7844444444444445,membrane,2.5,0.9310683593701707,0.7489227740596042,2.241138018639906e-15,53,144,8,1.1504085874692538,0.9253533171741729,1e-08,0.0
17,6424.0,1.7844444444444445,membrane,10.0,1.7651852307315166,1.2177387990352155,2.3287866207449682e-15,53,144,8,2.1810259495722364,1.504612593136687,1e-08,0.0
17,6424.0,1.7844444444444445,membrane,100.0,4.2884564352279915,1.6064519200148888,2.4754223052033777e-15,53,144,8,5.298727079899399,1.984898396142589,1e-08,0.0
17,6424.0,1.7844444444444445,membrane,1000.0,5.979796665400226,0.6026965289699956,2.232086905192332e-15,53,144,8,7.388511696768705,0.7446792268161174,1e-08,0.0
17,6424.0,1.7844444444444445,membrane,10000.0,6.388675357897099,0.19072493313295985,2.5233227099179404e-15,53,144,8,7.893713658199443,0.23565573868859124,1e-08,0.0
17,6424.0,1.7844444444444445,grain,1.0,0.010521391619932312,4.6947501578500045e-08,2.155488697014038e-15,53,144,8,0.013000005800735112,5.8007351122709174e-08,1e-08,0.0
17,6424.0,1.7844444444444445,grain,2.5,0.010521414817562564,1.1156935669210347e-07,2.252783037162814e-15,53,144,8,0.01300003446319096,1.3785276384455593e-07,1e-08,0.0
17,6424.0,1.7844444444444445,grain,10.0,0.010521624010112786,2.3708488297141016e-07,2.0827499728250436e-15,53,144,8,0.013000292937123169,2.9293712316968137e-07,1e-08,0.0
17,6424.0,1.7844444444444445,grain,100.0,0.010521856400194617,4.694750157850384e-08,2.088413409426754e-15,53,144,8,0.013000580073511226,5.800735112270919e-08,1e-08,0.0
17,6424.0,1.7844444444444445,grain,1000.0,0.010521861047522785,4.741223537060321e-09,2.347846195236282e-15,53,144,8,0.013000585815664772,5.8581566477288546e-09,1e-08,0.0
17,6424.0,1.7844444444444445,grain,10000.0,0.010521861094527744,4.741692917748789e-10,2.081740049454125e-15,53,144,8,0.013000585873660465,5.858736604657022e-10,1e-08,0.0
17,6424.0,1.7844444444444445,all,1.0,0.602971062895771,0.5139430053775244,2.4342762018830588e-15,53,144,8,0.7450184295459847,0.6350172289301353,1e-08,4.726526147325844e-10
17,6424.0,1.7844444444444445,all,2.5,0.9318453832914697,0.7489322096356986,2.2264562182429876e-15,53,144,8,1.1513686619754773,0.9253649749069371,1e-08,1.1816315368314611e-09
17,6424.0,1.7844444444444445,all,10.0,1.7659646380890357,1.2177416761141515,2.2348216574369945e-15,53,144,8,2.1819889690034238,1.50461614532818,1e-08,4.7265261473258444e-09
17,6424.0,1.7844444444444445,all,100.0,4.289236264390959,1.6064526114055186,2.511813294237604e-15,53,144,8,5.299690620515976,1.9848992237275245,1e-08,4.7265261473258444e-08
17,6424.0,1.7844444444444445,all,1000.0,5.9805765011412735,0.6027003763755768,2.1746949326761003e-15,53,144,8,7.389475245523128,0.7446837136456325,1e-08,4.726526147325844e-07
17,6424.0,1.7844444444444445,all,10000.0,6.389455193696525,0.19076310003464633,2.092822997299772e-15,53,144,8,7.894677207035825,0.23570022747405917,1e-08,4.726526147325844e-06
18,7324.0,2.0344444444444445,maxwell,1.0,0.01090276010391035,3.915084270862438e-09,2.4047358956378552e-15,53,144,8,0.013,4.448495197483147e-09,1e-08,4.726526147325844e-10
18,7324.0,2.0344444444444445,maxwell,2.5,0.01090276010393588,9.787710677172982e-09,2.1161441690765746e-15,53,144,8,0.013,1.112123799370787e-08,1e-08,1.1816315368314611e-09
18,7324.0,2.0344444444444445,maxwell,10.0,0.010902760103928603,3.915084270867347e-08,2.1787763942854444e-15,53,144,8,0.013,4.448495197483148e-08,1e-08,4.7265261473258444e-09
18,7324.0,2.0344444444444445,maxwell,100.0,0.010902760104074503,3.915084270823363e-07,2.5969804958588902e-15,53,144,8,0.013,4.4484951974831477e-07,1e-08,4.7265261473258444e-08
18,7324.0,2.0344444444444445,maxwell,1000.0,0.010902760115018931,3.915084266158523e-06,2.304036489955977e-15,53,144,8,0.013,4.448495197483147e-06,1e-08,4.726526147325844e-07
18,7324.0,2.0344444444444445,maxwell,10000.0,0.010902761214320746,3.9150838001385e-05,2.3299126392539576e-15,53,144,8,0.013,4.448495197483148e-05,1e-08,4.726526147325844e-06
18,7324.0,2.0344444444444445,pore,1.0,0.01169273508981646,2.4621183506102404e-05,2.497852332493684e-15,53,144,8,0.013941933821339965,2.9357290903197483e-05,1e-08,0.0
18,7324.0,2.0344444444444445,pore,2.5,0.011701684487472408,1.4889993675986521e-05,2.062983308647583e-15,53,144,8,0.01395260471664017,1.775421867049828e-05,1e-08,0.0
18,7324.0,2.0344444444444445,pore,10.0,0.011708509359666816,6.146048124556404e-06,2.130276454541081e-15,53,144,8,0.013960742414775485,7.328296085107802e-06,1e-08,0.0
18,7324.0,2.0344444444444445,pore,100.0,0.011710345091199883,7.242079886567675e-07,2.0533342956887223e-15,53,144,8,0.0139629312658698,8.635159472412222e-07,1e-08,0.0
18,7324.0,2.0344444444444445,pore,1000.0,0.011710371407545139,7.259315446905313e-08,2.14506412950242e-15,53,144,8,0.013962962644430189,8.655710448740619e-08,1e-08,0.0
18,7324.0,2.0344444444444445,pore,10000.0,0.011710371672069321,7.259488858496914e-09,2.197184430123128e-15,53,144,8,0.013962962959777477,8.6559172175591e-09,1e-08,0.0
18,7324.0,2.0344444444444445,membrane,1.0,0.5690856440978318,0.4903098734932061,2.4165987842043195e-15,53,144,8,0.6785544116548512,0.5846254135314047,1e-08,0.0
18,7324.0,2.0344444444444445,membrane,2.5,0.882222336633389,0.7187715422339773,2.237264177294481e-15,53,144,8,1.0519257799741915,0.8570337511647281,1e-08,0.0
18,7324.0,2.0344444444444445,membrane,10.0,1.6848957311021766,1.1785384805931085,2.3129772506475953e-15,53,144,8,2.009000663713842,1.4052410196681486,1e-08,0.0
18,7324.0,2.0344444444444445,membrane,100.0,4.138811655814782,1.5660397158725339,2.384875622702422e-15,53,144,8,4.934949517330495,1.8672816233092484,1e-08,0.0
18,7324.0,2.0344444444444445,membrane,1000.0,5.790121734076429,0.5879940683197155,2.4674926048035016e-15,53,144,8,6.9039040286798175,0.7011000469906963,1e-08,0.0
18,7324.0,2.0344444444444445,membrane,10000.0,6.189013811519135,0.18607242838937482,2.3311810511137753e-15,53,144,8,7.379526606034476,0.22186514340319136,1e-08,0.0
18,7324.0,2.0344444444444445,grain,1.0,0.010902764910257122,4.806319835155754e-08,2.2230208533650706e-15,53,144,8,0.013000005730858938,5.730858938607038e-08,1e-08,0.0
18,7324.0,2.0344444444444445,grain,2.5,0.01090278865907962,1.1422077725902213e-07,2.2508773729308507e-15,53,144,8,0.013000034048044281,1.3619217712924964e-07,1e-08,0.0
18,7324.0,2.0344444444444445,grain,10.0,0.010903002823095628,2.427191516746895e-07,2.0261176620860885e-15,53,144,8,0.013000289408376399,2.894083763996555e-07,1e-08,0.0
18,7324.0,2.0344444444444445,grain,100.0,0.010903240735903071,4.806319835155683e-08,2.242783849346199e-15,53,144,8,0.01300057308589386,5.73085893860704e-08,1e-08,0.0
18,7324.0,2.0344444444444445,grain,1000.0,0.010903245493754918,4.8538976437690036e-09,2.5466925936740995e-15,53,144,8,0.013000578758876911,5.787588769116199e-09,1e-08,0.0
18,7324.0,2.0344444444444445,grain,10000.0,0.010903245541778364,4.854378179125538e-10,2.1283563226372914e-15,53,144,8,0.013000578816173983,5.788161739831369e-10,1e-08,0.0
18,7324.0,2.0344444444444445,all,1.0,0.5698756238918078,0.4903345466554173,2.4069532521954078e-15,53,144,8,0.6794963512070501,0.5846548325793925,1e-08,4.726526147325844e-10
18,7324.0,2.0344444444444445,all,2.5,0.8830212895768983,0.7187865562357191,2.2426734857351122e-15,53,144,8,1.052878418738876,0.8570516526968137,1e-08,1.1816315368314611e-09
18,7324.0,2.0344444444444445,all,10.0,1.6857017230752191,1.178544908513866,2.2214082181062533e-15,53,144,8,2.009961695536994,1.405248681857562,1e-08,4.7265261473258444e-09
18,7324.0,2.0344444444444445,all,100.0,4.139619721445396,1.5660408796591179,2.4952208469257887e-15,53,144,8,4.93591302168226,1.867282988983305,1e-08,4.7265261473258444e-08
18,7324.0,2.0344444444444445,all,1000.0,5.790929830764241,0.5879980608528427,2.3428863859387843e-15,53,144,8,6.904867570083125,0.701104587830587,1e-08,4.726526147325844e-07
18,7324.0,2.0344444444444445,all,10000.0,6.189821908525807,0.18611158698241742,2.255174804942003e-15,53,144,8,7.380490147810427,0.22190963758989957,1e-08,4.726526147325844e-06
19,8224.0,2.2844444444444445,maxwell,1.0,0.011263912306067613,4.002638460076262e-09,2.4170614835008704e-15,53,144,8,0.013,4.448495197483147e-09,1e-08,4.726526147325844e-10
19,8224.0,2.2844444444444445,maxwell,2.5,0.011263912306093703,1.000659615020783e-08,2.1582309889422154e-15,53,144,8,0.013,1.112123799370787e-08,1e-08,1.1816315368314611e-09
19,8224.0,2.2844444444444445,maxwell,10.0,0.011263912306085852,4.0026384600812944e-08,2.1942150957839002e-15,53,144,8,0.013,4.448495197483148e-08,1e-08,4.7265261473258444e-09
19,8224.0,2.2844444444444445,maxwell,100.0,0.01126391230620311,4.002638460050786e-07,2.6211419664547738e-15,53,144,8,0.013,4.4484951974831477e-07,1e-08,4.7265261473258444e-08
19,8224.0,2.2844444444444445,maxwell,1000.0,0.01126391231423409,4.002638456724006e-06,2.279243671293388e-15,53,144,8,0.013,4.448495197483147e-06,1e-08,4.726526147325844e-07
19,8224.0,2.2844444444444445,maxwell,10000.0,0.011263913122240935,4.0026381245122805e-05,2.2734861569368362e-15,53,144,8,0.013,4.448495197483148e-05,1e-08,4.726526147325844e-06
19,8224.0,2.2844444444444445,pore,1.0,0.01207599209095161,2.334975802113962e-05,2.189307093981687e-15,53,144,8,0.013937244525308725,2.6948624113374734e-05,1e-08,0.0
19,8224.0,2.2844444444444445,pore,2.5,0.012086103941730432,1.6602339872287714e-05,2.587781831854669e-15,53,144,8,0.0139489149017665,1.9161235684705867e-05,1e-08,0.0
19,8224.0,2.2844444444444445,pore,10.0,0.012095925115658091,7.5012168282051555e-06,2.4137533826932745e-15,53,144,8,0.013960249799723955,8.657369061988988e-06,1e-08,0.0
19,8224.0,2.2844444444444445,pore,100.0,0.012098244110525536,8.736545127136532e-07,2.007574515558917e-15,53,144,8,0.013962926218102816,1.0083096812765234e-06,1e-08,0.0
19,8224.0,2.2844444444444445,pore,1000.0,0.01209827562858395,8.75527167300988e-08,2.1708283772078175e-15,53,144,8,0.013962962593954423,1.0104709655332115e-07,1e-08,0.0
19,8224.0,2.2844444444444445,pore,10000.0,0.012098275945170668,8.755460009820554e-09,2.1330633126821348e-15,53,144,8,0.013962962959272716,1.0104927020225807e-08,1e-08,0.0
19,8224.0,2.2844444444444445,membrane,1.0,0.6347775796223679,0.5478581518350388,2.563529918744499e-15,53,144,8,0.7326149713804511,0.6322987753411604,1e-08,0.0
19,8224.0,2.2844444444444445,membrane,2.5,0.9845631093854476,0.8033815012297274,2.3349838109817544e-15,53,144,8,1.136312463808753,0.9272055871733551,1e-08,0.0
19,8224.0,2.2844444444444445,membrane,10.0,1.8817480120990977,1.3182218438135171,2.3196310719809942e-15,53,144,8,2.171779241730782,1.5213975637295298,1e-08,0.0
19,8224.0,2.2844444444444445,membrane,100.0,4.628324549179817,1.753592201695632,2.343249545057372e-15,53,144,8,5.341681843268547,2.0238709561331474,1e-08,0.0
19,8224.0,2.2844444444444445,membrane,1000.0,6.477886268609333,0.6585034385631485,2.162607873084467e-15,53,144,8,7.476313966927854,0.7599976679480197,1e-08,0.0
19,8224.0,2.2844444444444445,membrane,10000.0,6.924609154876069,0.20838534183234764,2.3985206893694063e-15,53,144,8,7.991889637264671,0.2405034879877644,1e-08,0.0
19,8224.0,2.2844444444444445,grain,1.0,0.011263916734526622,4.4284328017841604e-08,2.374228571426552e-15,53,144,8,0.013000005110981058,5.1109810593462436e-08,1e-08,0.0
19,8224.0,2.2844444444444445,grain,2.5,0.011263938616138842,1.0524040305384295e-07,2.4132816002774903e-15,53,144,8,0.01300003036524041,1.2146096164564017e-07,1e-08,0.0
19,8224.0,2.2844444444444445,grain,10.0,0.011264135941948823,2.2363585648899883e-07,2.177605912403629e-15,53,144,8,0.013000258104543496,2.5810454349698534e-07,1e-08,0.0
19,8224.0,2.2844444444444445,grain,100.0,0.01126435514939178,4.428432801766373e-08,2.127375641092105e-15,53,144,8,0.013000511098105934,5.110981059346244e-08,1e-08,0.0
19,8224.0,2.2844444444444445,grain,1000.0,0.011264359533059577,4.472269902807656e-09,2.0515209764372407e-15,53,144,8,0.013000516157471246,5.16157471246846e-09,1e-08,0.0
19,8224.0,2.2844444444444445,grain,10000.0,0.0112643595773449,4.472712657058033e-10,2.1320049797188155e-15,53,144,8,0.013000516208570784,5.162085707853999e-10,1e-08,0.0
19,8224.0,2.2844444444444445,all,1.0,0.6355896638368221,0.54788154988172,2.468809221210492e-15,53,144,8,0.7335522210167409,0.6323257795235796,1e-08,4.726526147325844e-10
19,8224.0,2.2844444444444445,all,2.5,0.9853853273338885,0.8033982188174102,2.364839595722422e-15,53,144,8,1.1372614090757598,0.9272248809912395,1e-08,1.1816315368314611e-09
19,8224.0,2.2844444444444445,all,10.0,1.8825802485533054,1.318229608691547,2.450712654258403e-15,53,144,8,2.1727397496350496,1.5214065236880874,1e-08,4.7265261473258444e-09
19,8224.0,2.2844444444444445,all,100.0,4.629159323834044,1.7535935199013357,2.4843432163016645e-15,53,144,8,5.3426452805847555,2.023872460402159,1e-08,4.7265261473258444e-08
19,8224.0,2.2844444444444445,all,1000.0,6.478721079149405,0.6585075332246352,2.312975181240517e-15,53,144,8,7.47727744567928,0.7600022226518884,1e-08,4.726526147325844e-07
19,8224.0,2.2844444444444445,all,10000.0,6.925443965739265,0.20842537742141243,2.4575503139429897e-15,53,144,8,7.9928531164325145,0.24054798356087484,1e-08,4.726526147325844e-06
20,9124.0,2.5344444444444445,maxwell,1.0,0.011586150612374002,4.090229645857991e-09,2.433696346375128e-15,53,144,8,0.013,4.448495197483147e-09,1e-08,4.726526147325844e-10
20,9124.0,2.5344444444444445,maxwell,2.5,0.011586150612400058,1.0225574114662147e-08,2.1182392005870873e-15,53,144,8,0.013,1.112123799370787e-08,1e-08,1.1816315368314611e-09
20,9124.0,2.5344444444444445,maxwell,10.0,0.011586150612392154,4.0902296458631905e-08,2.203563531473233e-15,53,144,8,0.013,4.448495197483148e-08,1e-08,4.7265261473258444e-09
20,9124.0,2.5344444444444445,maxwell,100.0,0.011586150612509286,4.0902296458319145e-07,2.6390301030257227e-15,53,144,8,0.013,4.4484951974831477e-07,1e-08,4.7265261473258444e-08
20,9124.0,2.5344444444444445,maxwell,1000.0,0.011586150620345431,4.090229642408254e-06,2.3366668304856685e-15,53,144,8,0.013,4.448495197483147e-06,1e-08,4.726526147325844e-07
20,9124.0,2.5344444444444445,maxwell,10000.0,0.011586151409095172,4.090229300577913e-05,2.3216212643333256e-15,53,144,8,0.013,4.448495197483148e-05,1e-08,4.726526147325844e-06
20,9124.0,2.5344444444444445,pore,1.0,0.012425635474140419,2.7398618413012623e-05,2.3461384865060157e-15,53,144,8,0.013941926794268405,3.0742058595697445e-05,1e-08,0.0
20,9124.0,2.5344444444444445,pore,2.5,0.012435959541480274,1.6315963833758108e-05,2.1528913506702347e-15,53,144,8,0.013953510702571097,1.830699302642482e-05,1e-08,0.0
20,9124.0,2.5344444444444445,pore,10.0,0.012442969382485082,6.147792365543738e-06,2.3900223525151044e-15,53,144,8,0.013961375951068796,6.898004501049852e-06,1e-08,0.0
20,9124.0,2.5344444444444445,pore,100.0,0.012444365778620327,6.789741294538425e-07,2.4244587515762358e-15,53,144,8,0.013962942748764683,7.618290148022259e-07,1e-08,0.0
20,9124.0,2.5344444444444445,pore,1000.0,0.012444383613570531,6.798906064443546e-08,2.4340844461376572e-15,53,144,8,0.013962962760146512,7.628573290447533e-08,1e-08,0.0
20,9124.0,2.5344444444444445,pore,10000.0,0.012444383792512274,6.798998161801564e-09,2.238939973934047e-15,53,144,8,0.013962962960934735,7.628676626370433e-09,1e-08,0.0
20,9124.0,2.5344444444444445,membrane,1.0,0.6510105883511722,0.5620878304505936,2.3454757161583744e-15,53,144,8,0.7304530932971381,0.6306791371432681,1e-08,0.0
20,9124.0,2.5344444444444445,membrane,2.5,1.0100815262474814,0.8239753442630343,2.2868267532705305e-15,53,144,8,1.1333412844578217,0.9245246578836633,1e-08,0.0
20,9124.0,2.5344444444444445,membrane,10.0,1.9302150229713286,1.3505718337626178,2.3074438774669045e-15,53,144,8,2.1657582277456218,1.515381462869892,1e-08,0.0
20,9124.0,2.5344444444444445,membrane,100.0,4.741804947691749,1.794293308102387,2.4422018268730944e-15,53,144,8,5.320445114135825,2.0132500545835157,1e-08,0.0
20,9124.0,2.5344444444444445,membrane,1000.0,6.63378560699299,0.6736946826419872,2.206425985676825e-15,53,144,8,7.443303260215772,0.7559053196474586,1e-08,0.0
20,9124.0,2.5344444444444445,membrane,10000.0,7.090816581726065,0.21319263133606134,2.108575768473871e-15,53,144,8,7.956105504258555,0.23920842525299998,1e-08,0.0
20,9124.0,2.5344444444444445,grain,1.0,0.011586154922279886,4.3098631380357934e-08,2.1859555623171544e-15,53,144,8,0.013000004835793656,4.835793656885067e-08,1e-08,0.0
20,9124.0,2.5344444444444445,grain,2.5,0.011586176218016317,1.0242262986897121e-07,2.2297741330730175e-15,53,144,8,0.01300002873030349,1.1492121396362161e-07,1e-08,0.0
20,9124.0,2.5344444444444445,grain,10.0,0.011586368260474988,2.1764808847045448e-07,2.1534657306020687e-15,53,144,8,0.013000244207579672,2.4420757967269593e-07,1e-08,0.0
20,9124.0,2.5344444444444445,grain,100.0,0.011586581598688485,4.3098631380412296e-08,2.2768960433659633e-15,53,144,8,0.013000483579365688,4.835793656885068e-08,1e-08,0.0
20,9124.0,2.5344444444444445,grain,1000.0,0.011586585865103402,4.352526516787019e-09,2.5156914441789127e-15,53,144,8,0.013000488366322713,4.883663227131206e-09,1e-08,0.0
20,9124.0,2.5344444444444445,grain,10000.0,0.011586585908113768,4.3529574164624005e-10,2.2745428822923284e-15,53,144,8,0.01300048841467093,4.884146709307209e-10,1e-08,0.0
20,9124.0,2.5344444444444445,all,1.0,0.6518500775237533,0.562115276256479,2.35431791506329e-15,53,144,8,0.7313950249272002,0.6307099320082955,1e-08,4.726526147325844e-10
20,9124.0,2.5344444444444445,all,2.5,1.0109313607820565,0.823991772873492,2.2528942145102383e-15,53,144,8,1.1342948238906962,0.9245430909191418,1e-08,1.1816315368314611e-09
20,9124.0,2.5344444444444445,all,10.0,1.9310720593946686,1.3505782401095165,2.5250002822629877e-15,53,144,8,2.16671984790427,1.5153886495669249,1e-08,4.7265261473258444e-09
20,9124.0,2.5344444444444445,all,100.0,4.742663593830724,1.7942944391915903,2.4686450391388302e-15,53,144,8,5.321408540463955,2.013251309619987,1e-08,4.7265261473258444e-08
20,9124.0,2.5344444444444445,all,1000.0,6.634644275231169,0.6736988452162138,2.2566246348715185e-15,53,144,8,7.444266711342241,0.7559098493120522,1e-08,4.726526147325844e-07
20,9124.0,2.5344444444444445,all,10000.0,7.091675250206688,0.21323354086979307,2.372785223403994e-15,53,144,8,7.957068955634161,0.2392529183220661,1e-08,4.726526147325844e-06
21,10024.0,2.7844444444444445,maxwell,1.0,0.011900279978554328,4.169294242388893e-09,2.3618887127994576e-15,53,144,8,0.013,4.448495197483147e-09,1e-08,4.726526147325844e-10
21,10024.0,2.7844444444444445,maxwell,2.5,0.011900279978580513,1.0423235605989943e-08,2.1708877138122087e-15,53,144,8,0.013,1.112123799370787e-08,1e-08,1.1816315368314611e-09
21,10024.0,2.7844444444444445,maxwell,10.0,0.011900279978572388,4.1692942423942613e-08,2.1784347267210114e-15,53,144,8,0.013,4.448495197483148e-08,1e-08,4.7265261473258444e-09
21,10024.0,2.7844444444444445,maxwell,100.0,0.011900279978669255,4.1692942423724603e-07,2.625162579091766e-15,53,144,8,0.013,4.4484951974831477e-07,1e-08,4.7265261473258444e-08
21,10024.0,2.7844444444444445,maxwell,1000.0,0.01190027998446624,4.169294239895534e-06,2.301969680012109e-15,53,144,8,0.013,4.448495197483147e-06,1e-08,4.726526147325844e-07
21,10024.0,2.7844444444444445,maxwell,10000.0,0.011900280569355506,4.169293992746861e-05,2.3425244702958043e-15,53,144,8,0.013,4.448495197483148e-05,1e-08,4.726526147325844e-06
21,10024.0,2.7844444444444445,pore,1.0,0.012763217873108086,2.0993705745698126e-05,2.3459348365382986e-15,53,144,8,0.013942683246609626,2.2933764777565883e-05,1e-08,0.0
21,10024.0,2.7844444444444445,pore,2.5,0.012772118915088145,1.4347316238916672e-05,2.2815844600858713e-15,53,144,8,0.013952406846898396,1.5673172702244203e-05,1e-08,0.0
21,10024.0,2.7844444444444445,pore,10.0,0.012779924995012919,6.181349280220988e-06,2.1353451893628504e-15,53,144,8,0.013960934298104294,6.752576801717505e-06,1e-08,0.0
21,10024.0,2.7844444444444445,pore,100.0,0.012781756797748425,7.166872891266369e-07,2.183675289045799e-15,53,144,8,0.013962935380358331,7.829174090042536e-07,1e-08,0.0
21,10024.0,2.7844444444444445,pore,1000.0,0.012781781793459719,7.181795520193401e-08,2.4792892757686328e-15,53,144,8,0.01396296268596378,7.845475740925881e-08,1e-08,0.0
21,10024.0,2.7844444444444445,pore,10000.0,0.012781782044461393,7.1819455871225815e-09,2.0724819584229954e-15,53,144,8,0.013962962960192851,7.845639675788277e-09,1e-08,0.0
21,10024.0,2.7844444444444445,membrane,1.0,0.847601538118076,0.732965210146916,2.2221388757964254e-15,53,144,8,0.9259296328435053,0.8006995965021954,1e-08,0.0
21,10024.0,2.7844444444444445,membrane,2.5,1.3156921513250952,1.07371215680589,2.4397066701059174e-15,53,144,8,1.4372771837709397,1.1729354665235872,1e-08,0.0
21,10024.0,2.7844444444444445,membrane,10.0,2.513943332294397,1.7598614687345442,2.2740152632324695e-15,53,144,8,2.7462605077119204,1.9224928392310607,1e-08,0.0
21,10024.0,2.7844444444444445,membrane,100.0,6.179845165613081,2.3406742960032596,2.4484323761519434e-15,53,144,8,6.7509336874590575,2.5569794287810512,1e-08,0.0
21,10024.0,2.7844444444444445,membrane,1000.0,8.6486366328208,0.8789685010508971,2.3883398287225523e-15,53,144,8,9.4478697824878,0.9601952649139129,1e-08,0.0
21,10024.0,2.7844444444444445,membrane,10000.0,9.244920953076312,0.2781521454298034,2.6332238743634006e-15,53,144,8,10.099257608307552,0.303856591729222,1e-08,0.0
21,10024.0,2.7844444444444445,grain,1.0,0.011900283658586664,3.680016251285304e-08,2.141300122310587e-15,53,144,8,0.01300000402009193,4.0200919316737874e-08,1e-08,0.0
21,10024.0,2.7844444444444445,grain,2.5,0.011900301842179143,8.745450385382445e-08,2.067736004799508e-15,53,144,8,0.013000023884075593,9.553630237624765e-08,1e-08,0.0
21,10024.0,2.7844444444444445,grain,10.0,0.011900465819399915,1.8584082068951183e-07,2.13727252874013e-15,53,144,8,0.01300020301464255,2.0301464254952628e-07,1e-08,0.0
21,10024.0,2.7844444444444445,grain,100.0,0.011900647980198117,3.6800162512638796e-08,2.3010833150243526e-15,53,144,8,0.013000402009193167,4.020091931673788e-08,1e-08,0.0
21,10024.0,2.7844444444444445,grain,1000.0,0.011900651623068307,3.7164447693017905e-09,2.152068942379895e-15,53,144,8,0.01300040598868623,4.059886862304295e-09,1e-08,0.0
21,10024.0,2.7844444444444445,grain,10000.0,0.01190065165981788,3.7168126969619856e-10,2.354588258147476e-15,53,144,8,0.01300040602887907,4.0602887907017353e-10,1e-08,0.0
21,10024.0,2.7844444444444445,all,1.0,0.8484644796925518,0.7329862448235865,2.326042385268491e-15,53,144,8,0.9268723201102068,0.8007225749163875,1e-08,4.726526147325844e-10
21,10024.0,2.7844444444444445,all,2.5,1.3165640121239903,1.073726601998937,2.3735665396887063e-15,53,144,8,1.4382296145019138,1.1729512463538299,1e-08,1.1816315368314611e-09
21,10024.0,2.7844444444444445,all,10.0,2.5148231631589297,1.7598678776112797,2.456462679797382e-15,53,144,8,2.747221645024667,1.922499839307457,1e-08,4.7265261473258444e-09
21,10024.0,2.7844444444444445,all,100.0,6.18072701045848,2.3406754664357763,2.320777298735808e-15,53,144,8,6.751897024848609,2.5569806967488993,1e-08,4.7265261473258444e-08
21,10024.0,2.7844444444444445,all,1000.0,8.649518506306693,0.8789727458816567,2.506134492165168e-15,53,144,8,9.44883315116245,0.9601997959237547,1e-08,4.726526147325844e-07
21,10024.0,2.7844444444444445,all,10000.0,9.245802826883342,0.27819384592864943,2.5912482429795655e-15,53,144,8,10.100220977296624,0.3039010849328654,1e-08,4.726526147325844e-06
22,10924.0,3.0344444444444445,maxwell,1.0,0.012193978058080588,4.247013330800206e-09,2.3864451656292744e-15,53,144,8,0.013,4.448495197483147e-09,1e-08,4.726526147325844e-10
22,10924.0,3.0344444444444445,maxwell,2.5,0.012193978058106646,1.061753332701766e-08,2.1810407876478865e-15,53,144,8,0.013,1.112123799370787e-08,1e-08,1.1816315368314611e-09
22,10924.0,3.0344444444444445,maxwell,10.0,0.012193978058098392,4.247013330805577e-08,2.2133722751259897e-15,53,144,8,0.013,4.448495197483148e-08,1e-08,4.7265261473258444e-09
22,10924.0,3.0344444444444445,maxwell,100.0,0.01219397805818591,4.2470133307878704e-07,2.658102506719537e-15,53,144,8,0.013,4.4484951974831477e-07,1e-08,4.7265261473258444e-08
22,10924.0,3.0344444444444445,maxwell,1000.0,0.012193978062993013,4.247013328711503e-06,2.3338607325447035e-15,53,144,8,0.013,4.448495197483147e-06,1e-08,4.726526147325844e-07
22,10924.0,3.0344444444444445,maxwell,10000.0,0.012193978548914804,4.247013121616502e-05,2.3242174639716167e-15,53,144,8,0.013,4.448495197483148e-05,1e-08,4.726526147325844e-06
22,10924.0,3.0344444444444445,pore,1.0,0.013081653286598778,1.743350857433868e-05,2.262529983589178e-15,53,144,8,0.013946350682573907,1.8585865877048046e-05,1e-08,0.0
22,10924.0,3.0344444444444445,pore,2.5,0.013088343204109551,1.1119476910776746e-05,2.2555736038715158e-15,53,144,8,0.01395348280459946,1.1854475856424203e-05,1e-08,0.0
22,10924.0,3.0344444444444445,pore,10.0,0.013093944158397876,5.4076562750106224e-06,2.2902833163958188e-15,53,144,8,0.013959453982646308,5.7651030948827605e-06,1e-08,0.0
22,10924.0,3.0344444444444445,pore,100.0,0.013097047811336044,1.0918528153030334e-06,2.3007933984672037e-15,53,144,8,0.013962762787574776,1.1640244358328462e-06,1e-08,0.0
22,10924.0,3.0344444444444445,pore,1000.0,0.013097233511610979,1.147777601986391e-07,2.2737966371319307e-15,53,144,8,0.01396296076255829,1.2236458585627577e-07,1e-08,0.0
22,10924.0,3.0344444444444445,pore,10000.0,0.013097235554854451,1.1484003480658812e-08,2.3213048759216483e-15,53,144,8,0.013962962940936732,1.2243097682494296e-08,1e-08,0.0
22,10924.0,3.0344444444444445,membrane,1.0,1.0575329276440169,0.9215533417010061,2.2547076394871082e-15,53,144,8,1.1274359972240708,0.9824681437113945,1e-08,0.0
22,10924.0,3.0344444444444445,membrane,2.5,1.6454900471152578,1.353373980437046,2.25245423404253e-15,53,144,8,1.7542571627567498,1.4428321857679562,1e-08,0.0
22,10924.0,3.0344444444444445,membrane,10.0,3.157574261612427,2.2263145397521478,2.6446923385900456e-15,53,144,8,3.366290350777579,2.3734742355293346,1e-08,0.0
22,10924.0,3.0344444444444445,membrane,100.0,7.804832434246642,2.9705822882898985,2.3343036847913055e-15,53,144,8,8.320732924686272,3.1669381840998545,1e-08,0.0
22,10924.0,3.0344444444444445,membrane,1000.0,10.940264531902038,1.1159264574391212,2.343008270339497e-15,53,144,8,11.66341751305236,1.1896893489982852,1e-08,0.0
22,10924.0,3.0344444444444445,membrane,10000.0,11.69728804933155,0.35313828520750784,2.5939042941244502e-15,53,144,8,12.470480388546493,0.3764807741891659,1e-08,0.0
22,10924.0,3.0344444444444445,grain,1.0,0.012193981365578865,3.307483324385112e-08,2.128708484802211e-15,53,144,8,0.013000003526108424,3.5261084247959685e-08,1e-08,0.0
22,10924.0,3.0344444444444445,grain,2.5,0.012193997708403771,7.860136841493946e-08,2.307674268353831e-15,53,144,8,0.013000020949232406,8.379692962456301e-08,1e-08,0.0
22,10924.0,3.0344444444444445,grain,10.0,0.012194145085993709,1.670279078815894e-07,2.2982146966625305e-15,53,144,8,0.013000178068475452,1.780684754521964e-07,1e-08,0.0
22,10924.0,3.0344444444444445,grain,100.0,0.012194308806385954,3.30748332438087e-08,2.3387616859202747e-15,53,144,8,0.013000352610842479,3.5261084247959685e-08,1e-08,0.0
22,10924.0,3.0344444444444445,grain,1000.0,0.012194312080550183,3.3402241352145576e-09,2.1137507635711587e-15,53,144,8,0.01300035610134077,3.561013407703158e-09,1e-08,0.0
22,10924.0,3.0344444444444445,grain,10000.0,0.01219431211354892,3.3405548170622163e-10,2.5870371103495554e-15,53,144,8,0.013000356136594768,3.5613659476779805e-10,1e-08,0.0
22,10924.0,3.0344444444444445,all,1.0,1.0584206061840786,0.9215708125320187,2.3863415341530554e-15,53,144,8,1.1283823514327533,0.982486769286851,1e-08,4.726526147325844e-10
22,10924.0,3.0344444444444445,all,2.5,1.6463844319080911,1.3533851891348536,2.3167068739354128e-15,53,144,8,1.7552106665105818,1.4428441351619803,1e-08,1.1816315368314611e-09
22,10924.0,3.0344444444444445,all,10.0,3.158474394731397,2.2263201569011226,2.417005021300204e-15,53,144,8,3.3672499828287012,2.373480223185857,1e-08,4.7265261473258444e-09
22,10924.0,3.0344444444444445,all,100.0,7.8057358347613075,2.9705838379103113,2.2459525205092654e-15,53,144,8,8.321696040084689,3.166939828234894,1e-08,4.7265261473258444e-08
22,10924.0,3.0344444444444445,all,1000.0,10.941168121342194,1.115930822564458,2.340516175339558e-15,53,144,8,11.66438082991626,1.189693923419082,1e-08,4.726526147325844e-07
22,10924.0,3.0344444444444445,all,10000.0,11.698191640794901,0.35318076715999436,2.3140913509656465e-15,53,144,8,12.471443707624024,0.37652527174037503,1e-08,4.726526147325844e-06
23,11824.0,3.2844444444444445,maxwell,1.0,0.012511976749620275,4.3247619476129735e-09,2.387865685444526e-15,53,144,8,0.013,4.448495197483147e-09,1e-08,4.726526147325844e-10
23,11824.0,3.2844444444444445,maxwell,2.5,0.01251197674964671,1.0811904869050171e-08,2.1266563449587367e-15,53,144,8,0.013,1.112123799370787e-08,1e-08,1.1816315368314611e-09
23,11824.0,3.2844444444444445,maxwell,10.0,0.01251197674963811,4.324761947618545e-08,2.2048029492628526e-15,53,144,8,0.013,4.448495197483148e-08,1e-08,4.7265261473258444e-09
23,11824.0,3.2844444444444445,maxwell,100.0,0.012511976749703653,4.324761947610067e-07,2.6596910270523655e-15,53,144,8,0.013,4.4484951974831477e-07,1e-08,4.7265261473258444e-08
23,11824.0,3.2844444444444445,maxwell,1000.0,0.012511976752332253,4.324761946460323e-06,2.313840383107261e-15,53,144,8,0.013,4.448495197483147e-06,1e-08,4.726526147325844e-07
23,11824.0,3.2844444444444445,maxwell,10000.0,0.01251197702041512,4.324761832021316e-05,2.4171314362052375e-15,53,144,8,0.013,4.448495197483148e-05,1e-08,4.726526147325844e-06
23,11824.0,3.2844444444444445,pore,1.0,0.013422002420178615,1.752183671941697e-05,2.236099010988526e-15,53,144,8,0.013945520825339586,1.820526832609864e-05,1e-08,0.0
23,11824.0,3.2844444444444445,pore,2.5,0.013429701714570716,1.2459846231353261e-05,2.1679439288160728e-15,53,144,8,0.013953520427345096,1.2945837104658409e-05,1e-08,0.0
23,11824.0,3.2844444444444445,pore,10.0,0.013436970928105734,5.621698147814759e-06,2.1948718521475036e-15,53,144,8,0.01396107317332297,5.840970034586965e-06,1e-08,0.0
23,11824.0,3.2844444444444445,pore,100.0,0.013438764432138275,6.632670045531265e-07,2.0852802373996744e-15,53,144,8,0.013962936632194393,6.891374450672862e-07,1e-08,0.0
23,11824.0,3.2844444444444445,pore,1000.0,0.013438789519831679,6.64841542667329e-08,2.386834289953107e-15,53,144,8,0.01396296269842815,6.907733973527542e-08,1e-08,0.0
23,11824.0,3.2844444444444445,pore,10000.0,0.013438789771845186,6.6485738367322855e-09,2.1531321889615304e-15,53,144,8,0.013962962960317493,6.907898562326078e-09,1e-08,0.0
23,11824.0,3.2844444444444445,membrane,1.0,1.1791472295065921,1.0320504907781605,2.3607537050112027e-15,53,144,8,1.2251393524657719,1.072305170487174,1e-08,0.0
23,11824.0,3.2844444444444445,membrane,2.5,1.8378281173767985,1.5174446368649868,2.331544981085428e-15,53,144,8,1.909511801371748,1.5766319037446181,1e-08,0.0
23,11824.0,3.2844444444444445,membrane,10.0,3.534816607650846,2.4975159419551223,2.2985317234205537e-15,53,144,8,3.672690588297991,2.594930463057537,1e-08,0.0
23,11824.0,3.2844444444444445,membrane,100.0,8.744887104007875,3.327118268887461,2.3898253569965356e-15,53,144,8,9.085977614251838,3.4568910672875854,1e-08,0.0
23,11824.0,3.2844444444444445,membrane,1000.0,12.254647417096715,1.2494794270496554,2.3623802482870255e-15,53,144,8,12.732634599066918,1.2982148276796905,1e-08,0.0
23,11824.0,3.2844444444444445,membrane,10000.0,13.102280504168638,0.39540149644394945,2.208635772064006e-15,53,144,8,13.613329245358551,0.4108239595291923,1e-08,0.0
23,11824.0,3.2844444444444445,grain,1.0,0.01251197931417109,2.564540016534868e-08,2.157387603458437e-15,53,144,8,0.013000002664568782,2.6645687824596416e-08,1e-08,0.0
23,11824.0,3.2844444444444445,grain,2.5,0.012511991985999523,6.094553921647329e-08,2.1447349758835518e-15,53,144,8,0.013000015830673353,6.332269341845266e-08,1e-08,0.0
23,11824.0,3.2844444444444445,grain,10.0,0.012512106258934003,1.2950927083502456e-07,2.1880887771511798e-15,53,144,8,0.013000134560723513,1.345607235142119e-07,1e-08,0.0
23,11824.0,3.2844444444444445,grain,100.0,0.01251223320359569,2.564540016531552e-08,2.4791828177783347e-15,53,144,8,0.013000266456878245,2.6645687824596416e-08,1e-08,0.0
23,11824.0,3.2844444444444445,grain,1000.0,0.01251223574229978,2.5899264240529283e-09,2.220620617812152e-15,53,144,8,0.013000269094537574,2.6909453757466635e-09,1e-08,0.0
23,11824.0,3.2844444444444445,grain,10000.0,0.012512235767934378,2.5901828265181685e-10,2.0471025922236407e-15,53,144,8,0.013000269121177906,2.691211779072459e-10,1e-08,0.0
23,11824.0,3.2844444444444445,all,1.0,1.1800572577430586,1.0320680425873163,2.448623445659241e-15,53,144,8,1.2260848759556804,1.0723234068496832,1e-08,4.726526147325844e-10
23,11824.0,3.2844444444444445,all,2.5,1.8387458575830518,1.5174571684634746,2.3015159757958166e-15,53,144,8,1.9104653376297667,1.5766449240256541,1e-08,1.1816315368314611e-09
23,11824.0,3.2844444444444445,all,10.0,3.5357417313493076,2.497521736408216,2.354442555813999e-15,53,144,8,3.6736517960320376,2.594936483073247,1e-08,4.7265261473258444e-09
23,11824.0,3.2844444444444445,all,100.0,8.745814148137294,3.327119390291146,2.3834857119930653e-15,53,144,8,9.086940817340912,3.456892227920238,1e-08,4.7265261473258444e-08
23,11824.0,3.2844444444444445,all,1000.0,12.255574488871886,1.2494838208863701,2.3982133600271287e-15,53,144,8,12.733597830859884,1.2982193479431732,1e-08,4.726526147325844e-07
23,11824.0,3.2844444444444445,all,10000.0,13.103207576226959,0.39544475097287973,2.314867207942854e-15,53,144,8,13.614292477440047,0.41086845165818686,1e-08,4.726526147325844e-06
24,12724.0,3.5344444444444445,maxwell,1.0,0.012698091642247967,4.378523561358247e-09,2.420972041735665e-15,53,144,8,0.013,4.448495197483147e-09,1e-08,4.726526147325844e-10
24,12724.0,3.5344444444444445,maxwell,2.5,0.012698091642274407,1.0946308903413748e-08,2.1115179664806403e-15,53,144,8,0.013,1.112123799370787e-08,1e-08,1.1816315368314611e-09
24,12724.0,3.5344444444444445,maxwell,10.0,0.012698091642265886,4.378523561363975e-08,2.2072118051537217e-15,53,144,8,0.013,4.448495197483148e-08,1e-08,4.7265261473258444e-09
24,12724.0,3.5344444444444445,maxwell,100.0,0.012698091642335471,4.378523561353016e-07,2.6509378147678683e-15,53,144,8,0.013,4.4484951974831477e-07,1e-08,4.7265261473258444e-08
24,12724.0,3.5344444444444445,maxwell,1000.0,0.012698091645326913,4.378523559953584e-06,2.3081609571161034e-15,53,144,8,0.013,4.448495197483147e-06,1e-08,4.726526147325844e-07
24,12724.0,3.5344444444444445,maxwell,10000.0,0.01269809194970718,4.378523420561261e-05,2.369380280996034e-15,53,144,8,0.013,4.448495197483148e-05,1e-08,4.726526147325844e-06
24,12724.0,3.5344444444444445,pore,1.0,0.013621733470898173,2.0286356890809594e-05,2.4070631739822735e-15,53,144,8,0.013945602282404244,2.076868411878097e-05,1e-08,0.0
24,12724.0,3.5344444444444445,pore,2.5,0.013629095873445149,1.2755394481509106e-05,2.2102045799994745e-15,53,144,8,0.013953139733043147,1.3058665990326763e-05,1e-08,0.0
24,12724.0,3.5344444444444445,pore,10.0,0.013635981150151818,6.3713970853516085e-06,2.307537837863027e-15,53,144,8,0.013960188713654158,6.522883047619635e-06,1e-08,0.0
24,12724.0,3.5344444444444445,pore,100.0,0.0136386491393717,8.253258436755247e-07,2.491634338015921e-15,53,144,8,0.013962920136737656,8.449487423791143e-07,1e-08,0.0
24,12724.0,3.5344444444444445,pore,1000.0,0.013638690550145209,8.284051901237286e-08,2.1613842922372656e-15,53,144,8,0.013962962532178344,8.481013031884956e-08,1e-08,0.0
24,12724.0,3.5344444444444445,pore,10000.0,0.013638690966754565,8.284361860151095e-09,2.4127370391848665e-15,53,144,8,0.013962962958654864,8.481330360323545e-09,1e-08,0.0
24,12724.0,3.5344444444444445,membrane,1.0,1.2097239541919818,1.06277963236229,2.440818487053306e-15,53,144,8,1.238486279035363,1.0880482183781723,1e-08,0.0
24,12724.0,3.5344444444444445,membrane,2.5,1.887756758674161,1.5652856925767413,2.315107104550703e-15,53,144,8,1.9326399515899413,1.6025018331182943,1e-08,0.0
24,12724.0,3.5344444444444445,membrane,10.0,3.6393444067278202,2.5817957321711393,2.4721540066059774e-15,53,144,8,3.725873244519515,2.6431803556054763,1e-08,0.0
24,12724.0,3.5344444444444445,membrane,100.0,9.0332156513451,3.448083693486545,2.3695735635716625e-15,53,144,8,9.247988854537507,3.530065128541493,1e-08,0.0
24,12724.0,3.5344444444444445,membrane,1000.0,12.67294382959876,1.295348670941735,2.3139289197942965e-15,53,144,8,12.974254995818242,1.3261468047372422,1e-08,0.0
24,12724.0,3.5344444444444445,membrane,10000.0,13.551682613879619,0.4099170403453723,2.331656824833182e-15,53,144,8,13.87388662179394,0.41966320378162847,1e-08,0.0
24,12724.0,3.5344444444444445,grain,1.0,0.012698093897499617,2.255277187758232e-08,2.2977403656802467e-15,53,144,8,0.013000002308898525,2.3088985255114655e-08,1e-08,0.0
24,12724.0,3.5344444444444445,grain,2.5,0.012698105041256081,5.3595999050785034e-08,2.103838835643753e-15,53,144,8,0.013000013717573592,5.4870294370978364e-08,1e-08,0.0
24,12724.0,3.5344444444444445,grain,10.0,0.012698205533773417,1.1389149798247488e-07,2.222171155573927e-15,53,144,8,0.013000116599375538,1.1659937553832902e-07,1e-08,0.0
24,12724.0,3.5344444444444445,grain,100.0,0.012698317169998254,2.255277187774635e-08,2.1251465685194738e-15,53,144,8,0.01300023088985255,2.308898525511466e-08,1e-08,0.0
24,12724.0,3.5344444444444445,grain,1000.0,0.012698319402511584,2.277602199423884e-09,2.109985097829235e-15,53,144,8,0.013000233175433532,2.3317543353330476e-09,1e-08,0.0
24,12724.0,3.5344444444444445,grain,10000.0,0.012698319424981858,2.2778276818116171e-10,2.48260453252598e-15,53,144,8,0.013000233198517877,2.3319851787814013e-10,1e-08,0.0
24,12724.0,3.5344444444444445,all,1.0,1.2106475982747127,1.0627999456531132,2.5031172070860828e-15,53,144,8,1.239431883626666,1.0880690145997716,1e-08,4.726526147325844e-10
24,12724.0,3.5344444444444445,all,2.5,1.8886877763010204,1.5652985125127254,2.2475518130418154e-15,53,144,8,1.9335931050405581,1.6025149577758169,1e-08,1.1816315368314611e-09
24,12724.0,3.5344444444444445,all,10.0,3.640282410125942,2.581802261237174,2.311336606398313e-15,53,144,8,3.7268335498325444,2.6431870395728514,1e-08,4.7265261473258444e-09
24,12724.0,3.5344444444444445,all,100.0,9.034156434354719,3.448084979225745,2.376405811231936e-15,53,144,8,9.248952005564098,3.5300664414287404,1e-08,4.7265261473258444e-08
24,12724.0,3.5344444444444445,all,1000.0,12.673884656241059,1.295353134578118,2.4032025149121963e-15,53,144,8,12.975218191525853,1.3261513403743244,1e-08,4.726526147325844e-07
24,12724.0,3.5344444444444445,all,10000.0,13.55262344106162,0.4099608340943917,2.2213011537488534e-15,53,144,8,13.874849817951112,0.4197076974481322,1e-08,4.726526147325844e-06
25,13624.0,3.7844444444444445,maxwell,1.0,0.012861155235559207,4.418393011708803e-09,2.4088264202712806e-15,53,144,8,0.013,4.448495197483147e-09,1e-08,4.726526147325844e-10
25,13624.0,3.7844444444444445,maxwell,2.5,0.012861155235585928,1.1045982529290343e-08,2.0995791011566995e-15,53,144,8,0.013,1.112123799370787e-08,1e-08,1.1816315368314611e-09
25,13624.0,3.7844444444444445,maxwell,10.0,0.012861155235577338,4.418393011714706e-08,2.2142759841552377e-15,53,144,8,0.013,4.448495197483148e-08,1e-08,4.7265261473258444e-09
25,13624.0,3.7844444444444445,maxwell,100.0,0.012861155235635822,4.418393011708665e-07,2.620252858106119e-15,53,144,8,0.013,4.4484951974831477e-07,1e-08,4.7265261473258444e-08
25,13624.0,3.7844444444444445,maxwell,1000.0,0.012861155237493496,4.418393010787763e-06,2.3619121744540366e-15,53,144,8,0.013,4.448495197483147e-06,1e-08,4.726526147325844e-07
25,13624.0,3.7844444444444445,maxwell,10000.0,0.01286115542851865,4.41839291925895e-05,2.4166834017418367e-15,53,144,8,0.013,4.448495197483148e-05,1e-08,4.726526147325844e-06
25,13624.0,3.7844444444444445,pore,1.0,0.013803884273464524,1.0806237028029367e-05,2.3691159451485382e-15,53,144,8,0.013952906455063512,1.0922897890184517e-05,1e-08,0.0
25,13624.0,3.7844444444444445,pore,2.5,0.013808231598006303,7.623061048299382e-06,2.517239111941064e-15,53,144,8,0.013957300712026149,7.705357306635898e-06,1e-08,0.0
25,13624.0,3.7844444444444445,pore,10.0,0.013812804864231601,3.4571934844954277e-06,2.155046689896995e-15,53,144,8,0.013961923349779966,3.494516298290482e-06,1e-08,0.0
25,13624.0,3.7844444444444445,pore,100.0,0.013813820132491507,3.945076350050323e-07,2.0851658363546926e-15,53,144,8,0.013962949578587168,3.987666199502054e-07,1e-08,0.0
25,13624.0,3.7844444444444445,pore,1000.0,0.013813833241075608,3.952058977661635e-08,2.0727016763265264e-15,53,144,8,0.013962962828653827,3.9947242094416054e-08,1e-08,0.0
25,13624.0,3.7844444444444445,pore,10000.0,0.013813833372597764,3.952129149880287e-09,2.4204696568241286e-15,53,144,8,0.013962962961619821,3.994795139216223e-09,1e-08,0.0
25,13624.0,3.7844444444444445,membrane,1.0,1.8051304211479295,1.5929257159809205,2.3801161335647185e-15,53,144,8,1.8246180620891395,1.6101224595668584,1e-08,0.0
25,13624.0,3.7844444444444445,membrane,2.5,2.821564601049022,2.345832520984446,2.4966824650061588e-15,53,144,8,2.852025357561779,2.371157418409943,1e-08,0.0
25,13624.0,3.7844444444444445,membrane,10.0,5.446260096039982,3.8684668122581223,2.4560541513662308e-15,53,144,8,5.505056270180303,3.9102296083418544,1e-08,0.0
25,13624.0,3.7844444444444445,membrane,100.0,13.528222246819245,5.167109806386634,2.2785495707846638e-15,53,144,8,13.674268836635017,5.222892358921796,1e-08,0.0
25,13624.0,3.7844444444444445,membrane,1000.0,18.982963665920472,1.9412280317811679,2.524226568559001e-15,53,144,8,19.187897991961542,1.962184941680545,1e-08,0.0
25,13624.0,3.7844444444444445,membrane,10000.0,20.299852008951184,0.614307533409896,2.3519207899436395e-15,53,144,8,20.519003062767478,0.6209394114886492,1e-08,0.0
25,13624.0,3.7844444444444445,grain,1.0,0.0128611566220486,1.3864994381363406e-08,2.104261541645803e-15,53,144,8,0.013000001401467665,1.4014676661464595e-08,1e-08,0.0
25,13624.0,3.7844444444444445,grain,2.5,0.012861163473050986,3.294975135341742e-08,2.3292014678098127e-15,53,144,8,0.013000008326366722,3.3305466889598215e-08,1e-08,0.0
25,13624.0,3.7844444444444445,grain,10.0,0.012861225253806103,7.001822162560994e-08,2.172162811688279e-15,53,144,8,0.01300007077411714,7.077411714039621e-08,1e-08,0.0
25,13624.0,3.7844444444444445,grain,100.0,0.012861293885552225,1.386499438131641e-08,2.1566909328319264e-15,53,144,8,0.013000140146766615,1.4014676661464596e-08,1e-08,0.0
25,13624.0,3.7844444444444445,grain,1000.0,0.012861295257999193,1.4002244100693315e-09,2.341100345194261e-15,53,144,8,0.013000141534080871,1.4153408087270516e-09,1e-08,0.0
25,13624.0,3.7844444444444445,grain,10000.0,0.012861295271870557,1.400363032158033e-10,2.0687357435224873e-15,53,144,8,0.013000141548092732,1.415480927326997e-10,1e-08,0.0
25,13624.0,3.7844444444444445,all,1.0,1.8060731515716195,1.5929365405050981,2.2695841070262067e-15,53,144,8,1.8255709699456706,1.6101334009279205,1e-08,4.726526147325844e-10
25,13624.0,3.7844444444444445,all,2.5,2.8225116856469987,2.3458401880332014,2.5214979410809473e-15,53,144,8,2.852982666600172,2.3711651681939543,1e-08,1.1816315368314611e-09
25,13624.0,3.7844444444444445,all,10.0,5.447211815670473,3.8684703836551897,2.397221135581721e-15,53,144,8,5.5060182643042,3.910233218117222,1e-08,4.7265261473258444e-09
25,13624.0,3.7844444444444445,all,100.0,13.529175050396512,5.167110656597159,2.258899297595721e-15,53,144,8,13.675231926360372,5.222893216552612,1e-08,4.7265261473258444e-08
25,13624.0,3.7844444444444445,all,1000.0,18.9839164838462,1.9412324910913341,2.4384105149476686e-15,53,144,8,19.188861096324274,1.9621894315383253,1e-08,4.726526147325844e-07
25,13624.0,3.7844444444444445,all,10000.0,20.300804827039475,0.6143517214319094,2.7319517610811045e-15,53,144,8,20.51996616727719,0.6209839005769673,1e-08,4.726526147325844e-06
26,14524.0,4.0344444444444445,maxwell,1.0,0.01299463702373689,4.447273937825574e-09,2.3549303333447554e-15,53,144,8,0.013,4.448495197483147e-09,1e-08,4.726526147325844e-10
26,14524.0,4.0344444444444445,maxwell,2.5,0.012994637023764036,1.1118184844582568e-08,2.025045613703131e-15,53,144,8,0.013,1.112123799370787e-08,1e-08,1.1816315368314611e-09
26,14524.0,4.0344444444444445,maxwell,10.0,0.01299463702375506,4.447273937831596e-08,2.1117099805401967e-15,53,144,8,0.013,4.448495197483148e-08,1e-08,4.7265261473258444e-09
26,14524.0,4.0344444444444445,maxwell,100.0,0.01299463702379583,4.4472739378348044e-07,2.643453334499104e-15,53,144,8,0.013,4.4484951974831477e-07,1e-08,4.7265261473258444e-08
26,14524.0,4.0344444444444445,maxwell,1000.0,0.01299463702378948,4.447273937808787e-06,2.319082183274773e-15,53,144,8,0.013,4.448495197483147e-06,1e-08,4.726526147325844e-07
26,14524.0,4.0344444444444445,maxwell,10000.0,0.012994637028567154,4.447273935810311e-05,2.4368434071590253e-15,53,144,8,0.013,4.448495197483148e-05,1e-08,4.726526147325844e-06
26,14524.0,4.0344444444444445,pore,1.0,0.013953517997023542,9.136470898103097e-06,2.2025950576940977e-15,53,144,8,0.01395927671099855,9.140241591744686e-06,1e-08,0.0
26,14524.0,4.0344444444444445,pore,2.5,0.013956298371912236,4.512647518814967e-06,2.4258672178145096e-15,53,144,8,0.01396205823334426,4.514509924044231e-06,1e-08,0.0
26,14524.0,4.0344444444444445,pore,10.0,0.013957139181632269,1.2005198922970953e-06,2.37979257731922e-15,53,144,8,0.013962899390098482,1.2010153563270958e-06,1e-08,0.0
26,14524.0,4.0344444444444445,pore,100.0,0.0139572020873735,1.206054640284587e-07,2.1772682603415155e-15,53,144,8,0.013962962321794507,1.206552388548912e-07,1e-08,0.0
26,14524.0,4.0344444444444445,pore,1000.0,0.013957202721844518,1.2061105488528233e-08,2.077924580278981e-15,53,144,8,0.013962962956550728,1.2066083201961234e-08,1e-08,0.0
26,14524.0,4.0344444444444445,pore,10000.0,0.013957202728253376,1.2061111080036842e-09,2.3516777238645606e-15,53,144,8,0.013962962962898832,1.2066088795693723e-09,1e-08,0.0
26,14524.0,4.0344444444444445,membrane,1.0,2.0369031758410308,1.8097791396527665,2.179512748375905e-15,53,144,8,2.037743821846489,1.8105260497801772,1e-08,0.0
26,14524.0,4.0344444444444445,membrane,2.5,3.1906827671732705,2.67281437482633,2.3901119120000994e-15,53,144,8,3.1919995871187816,2.6739174664068237,1e-08,0.0
26,14524.0,4.0344444444444445,membrane,10.0,6.185381793195634,4.424471236486599,2.687291801321702e-15,53,144,8,6.187934549030515,4.426297250665565,1e-08,0.0
26,14524.0,4.0344444444444445,membrane,100.0,15.446846693723725,5.926133086502099,2.278624295326604e-15,53,144,8,15.453221729186993,5.928578848368105,1e-08,0.0
26,14524.0,4.0344444444444445,membrane,1000.0,21.706276822561488,2.2270038999023365,2.3632093017695094e-15,53,144,8,21.7152351742312,2.22792300197504,1e-08,0.0
26,14524.0,4.0344444444444445,membrane,10000.0,23.21701297771032,0.7047423719218802,2.4877288937571572e-15,53,144,8,23.226594822100193,0.7050332246588559,1e-08,0.0
26,14524.0,4.0344444444444445,grain,1.0,0.012994637356852627,3.330935271914993e-09,2.250129563158987e-15,53,144,8,0.013000000333230998,3.3323099751835647e-09,1e-08,0.0
26,14524.0,4.0344444444444445,grain,2.5,0.012994639002718127,7.915869704989078e-09,2.16854904236976e-15,53,144,8,0.01300000197978416,7.919136646906825e-09,1e-08,0.0
26,14524.0,4.0344444444444445,grain,10.0,0.012994653844924754,1.682122312311792e-08,2.578979605232951e-15,53,144,8,0.013000016828165374,1.6828165374677004e-08,1e-08,0.0
26,14524.0,4.0344444444444445,grain,100.0,0.012994670333138917,3.330935271914435e-09,2.0830730725538117e-15,53,144,8,0.013000033323099751,3.332309975183565e-09,1e-08,0.0
26,14524.0,4.0344444444444445,grain,1000.0,0.01299467066286779,3.363908233816738e-10,2.194916534815999e-15,53,144,8,0.013000033652965452,3.3652965452808735e-10,1e-08,0.0
26,14524.0,4.0344444444444445,grain,10000.0,0.012994670666196336,3.3642412603993095e-11,2.0389646344863157e-15,53,144,8,0.013000033656297092,3.365629709305691e-11,1e-08,0.0
26,14524.0,4.0344444444444445,all,1.0,2.037862057152599,1.8097882838948016,2.3536782297444015e-15,53,144,8,2.038703098890718,1.810535197802574,1e-08,4.726526147325844e-10
26,14524.0,4.0344444444444445,all,2.5,3.191644430508415,2.67281890650588,2.3715713485913446e-15,53,144,8,3.1929616473319102,2.673921999957122,1e-08,1.1816315368314611e-09
26,14524.0,4.0344444444444445,all,10.0,6.186344312158211,4.424472498292074,2.4882365236927283e-15,53,144,8,6.188897465248779,4.426298512994038,1e-08,4.7265261473258444e-09
26,14524.0,4.0344444444444445,all,100.0,15.447809292063566,5.926133655118012,2.3336359202735404e-15,53,144,8,15.454184724831887,5.928579417205173,1e-08,4.7265261473258444e-08
26,14524.0,4.0344444444444445,all,1000.0,21.70723942194252,2.2270083595687704,2.505701404570073e-15,53,144,8,21.716198170840716,2.22792746287285,1e-08,4.726526147325844e-07
26,14524.0,4.0344444444444445,all,10000.0,23.21797557710227,0.7047868459031282,2.4188109953866903e-15,53,144,8,23.227557818719387,0.7050777108510958,1e-08,4.726526147325844e-06
27,15424.0,4.2844444444444445,maxwell,1.0,0.012999999999976516,4.448495197485857e-09,2.3947735176790152e-15,53,144,8,0.013,4.448495197483147e-09,1e-08,4.726526147325844e-10
27,15424.0,4.2844444444444445,maxwell,2.5,0.01300000000000401,1.1121237993733563e-08,2.0729084024112274e-15,53,144,8,0.013,1.112123799370787e-08,1e-08,1.1816315368314611e-09
27,15424.0,4.2844444444444445,maxwell,10.0,0.012999999999994776,4.448495197491953e-08,2.0678745312108125e-15,53,144,8,0.013,4.448495197483148e-08,1e-08,4.7265261473258444e-09
27,15424.0,4.2844444444444445,maxwell,100.0,0.013000000000035716,4.4484951974954683e-07,2.607130178911097e-15,53,144,8,0.013,4.4484951974831477e-07,1e-08,4.7265261473258444e-08
27,15424.0,4.2844444444444445,maxwell,1000.0,0.01299999999998102,4.448495197489131e-06,2.2342245670201906e-15,53,144,8,0.013,4.448495197483147e-06,1e-08,4.726526147325844e-07
27,15424.0,4.2844444444444445,maxwell,10000.0,0.013000000000011546,4.4484951974861845e-05,2.309745069774064e-15,53,144,8,0.013,4.448495197483148e-05,1e-08,4.726526147325844e-06
27,15424.0,4.2844444444444445,pore,1.0,0.01396296294082169,1.196884753738147e-07,2.3646731670831005e-15,53,144,8,0.013962962940766209,1.1968847537314065e-07,1e-08,0.0
27,15424.0,4.2844444444444445,pore,2.5,0.013962962959427526,4.78753919327419e-08,2.5049928360109047e-15,53,144,8,0.013962962959411481,4.787539193252536e-08,1e-08,0.0
27,15424.0,4.2844444444444445,pore,10.0,0.013962962962736173,1.196884806272131e-08,2.0477091154231123e-15,53,144,8,0.013962962962740995,1.1968848062741569e-08,1e-08,0.0
27,15424.0,4.2844444444444445,pore,100.0,0.013962962962911456,1.1968848068020145e-09,2.1892990870573974e-15,53,144,8,0.013962962962960743,1.1968848067995847e-09,1e-08,0.0
27,15424.0,4.2844444444444445,pore,1000.0,0.013962962962927277,1.196884806800803e-10,2.0423772639512398e-15,53,144,8,0.013962962962962944,1.1968848068048393e-10,1e-08,0.0
27,15424.0,4.2844444444444445,pore,10000.0,0.013962962962966606,1.1968848068097034e-11,1.886222152694665e-15,53,144,8,0.013962962962962963,1.1968848068048909e-11,1e-08,0.0
27,15424.0,4.2844444444444445,membrane,1.0,16.921980512702373,13.42761431257807,2.2788176877984307e-15,53,144,8,16.92198051274629,13.427614312568883,1e-08,0.0
27,15424.0,4.2844444444444445,membrane,2.5,26.01306085364832,18.474194911764545,2.4454369101064445e-15,53,144,8,26.013060853617077,18.474194911747063,1e-08,0.0
27,15424.0,4.2844444444444445,membrane,10.0,47.220459887950256,24.97664610973081,2.381862544665401e-15,53,144,8,47.22045988788077,24.976646109747307,1e-08,0.0
27,15424.0,4.2844444444444445,membrane,100.0,85.06716774047531,15.286591665374043,2.363416237532262e-15,53,144,8,85.06716774050635,15.28659166539673,1e-08,0.0
27,15424.0,4.2844444444444445,membrane,1000.0,95.47431067177821,4.656087204688707,2.414271267423001e-15,53,144,8,95.47431067218378,4.656087204698154,1e-08,0.0
27,15424.0,4.2844444444444445,membrane,10000.0,98.66083604670153,1.4732900326161489,2.4746407816135343e-15,53,144,8,98.66083604624919,1.473290032614239,1e-08,0.0
27,15424.0,4.2844444444444445,grain,1.0,0.012999999999998001,0.0,2.0345339495433852e-15,53,144,8,0.013,0.0,1e-08,0.0
27,15424.0,4.2844444444444445,grain,2.5,0.012999999999998001,0.0,2.0345339495433852e-15,53,144,8,0.013,0.0,1e-08,0.0
27,15424.0,4.2844444444444445,grain,10.0,0.012999999999998001,0.0,2.0345339495433852e-15,53,144,8,0.013,0.0,1e-08,0.0
27,15424.0,4.2844444444444445,grain,100.0,0.012999999999998001,0.0,2.0345339495433852e-15,53,144,8,0.013,0.0,1e-08,0.0
27,15424.0,4.2844444444444445,grain,1000.0,0.012999999999998001,0.0,2.0345339495433852e-15,53,144,8,0.013,0.0,1e-08,0.0
27,15424.0,4.2844444444444445,grain,10000.0,0.012999999999998001,0.0,2.0345339495433852e-15,53,144,8,0.013,0.0,1e-08,0.0
27,15424.0,4.2844444444444445,all,1.0,16.922943475686015,13.427614436716862,2.4309093275803376e-15,53,144,8,16.922943475687056,13.427614436705854,1e-08,4.726526147325844e-10
27,15424.0,4.2844444444444445,all,2.5,26.01402381653741,18.474194970721925,2.49755412525902e-15,53,144,8,26.014023816576486,18.474194970743692,1e-08,1.1816315368314611e-09
27,15424.0,4.2844444444444445,all,10.0,47.221422850811635,24.976646166130383,2.4427745863140837e-15,53,144,8,47.22142285084352,24.976646166201107,1e-08,4.7265261473258444e-09
27,15424.0,4.2844444444444445,all,100.0,85.06813070335875,15.286592111421434,2.2961727041935513e-15,53,144,8,85.06813070346931,15.286592111443134,1e-08,4.7265261473258444e-08
27,15424.0,4.2844444444444445,all,1000.0,95.47527363539785,4.656091653304105,2.213964840899631e-15,53,144,8,95.47527363514673,4.65609165331304,1e-08,4.726526147325844e-07
27,15424.0,4.2844444444444445,all,10000.0,98.66179900908506,1.4733345175760684,2.305397484489471e-15,53,144,8,98.66179900921215,1.4733345175781827,1e-08,4.726526147325844e-06
28,16324.0,4.5344444444444445,maxwell,1.0,0.012999999999976516,4.448495197485857e-09,2.3947735176790152e-15,53,144,8,0.013,4.448495197483147e-09,1e-08,4.726526147325844e-10
28,16324.0,4.5344444444444445,maxwell,2.5,0.01300000000000401,1.1121237993733563e-08,2.0729084024112274e-15,53,144,8,0.013,1.112123799370787e-08,1e-08,1.1816315368314611e-09
28,16324.0,4.5344444444444445,maxwell,10.0,0.012999999999994776,4.448495197491953e-08,2.0678745312108125e-15,53,144,8,0.013,4.448495197483148e-08,1e-08,4.7265261473258444e-09
28,16324.0,4.5344444444444445,maxwell,100.0,0.013000000000035716,4.4484951974954683e-07,2.607130178911097e-15,53,144,8,0.013,4.4484951974831477e-07,1e-08,4.7265261473258444e-08
28,16324.0,4.5344444444444445,maxwell,1000.0,0.01299999999998102,4.448495197489131e-06,2.2342245670201906e-15,53,144,8,0.013,4.448495197483147e-06,1e-08,4.726526147325844e-07
28,16324.0,4.5344444444444445,maxwell,10000.0,0.013000000000011546,4.4484951974861845e-05,2.309745069774064e-15,53,144,8,0.013,4.448495197483148e-05,1e-08,4.726526147325844e-06
28,16324.0,4.5344444444444445,pore,1.0,0.01396296294082169,1.196884753738147e-07,2.3646731670831005e-15,53,144,8,0.013962962940766209,1.1968847537314065e-07,1e-08,0.0
28,16324.0,4.5344444444444445,pore,2.5,0.013962962959427526,4.78753919327419e-08,2.5049928360109047e-15,53,144,8,0.013962962959411481,4.787539193252536e-08,1e-08,0.0
28,16324.0,4.5344444444444445,pore,10.0,0.013962962962736173,1.196884806272131e-08,2.0477091154231123e-15,53,144,8,0.013962962962740995,1.1968848062741569e-08,1e-08,0.0
28,16324.0,4.5344444444444445,pore,100.0,0.013962962962911456,1.1968848068020145e-09,2.1892990870573974e-15,53,144,8,0.013962962962960743,1.1968848067995847e-09,1e-08,0.0
28,16324.0,4.5344444444444445,pore,1000.0,0.013962962962927277,1.196884806800803e-10,2.0423772639512398e-15,53,144,8,0.013962962962962944,1.1968848068048393e-10,1e-08,0.0
28,16324.0,4.5344444444444445,pore,10000.0,0.013962962962966606,1.1968848068097034e-11,1.886222152694665e-15,53,144,8,0.013962962962962963,1.1968848068048909e-11,1e-08,0.0
28,16324.0,4.5344444444444445,membrane,1.0,16.921980512702373,13.42761431257807,2.2788176877984307e-15,53,144,8,16.92198051274629,13.427614312568883,1e-08,0.0
28,16324.0,4.5344444444444445,membrane,2.5,26.01306085364832,18.474194911764545,2.4454369101064445e-15,53,144,8,26.013060853617077,18.474194911747063,1e-08,0.0
28,16324.0,4.5344444444444445,membrane,10.0,47.220459887950256,24.97664610973081,2.381862544665401e-15,53,144,8,47.22045988788077,24.976646109747307,1e-08,0.0
28,16324.0,4.5344444444444445,membrane,100.0,85.06716774047531,15.286591665374043,2.363416237532262e-15,53,144,8,85.06716774050635,15.28659166539673,1e-08,0.0
28,16324.0,4.5344444444444445,membrane,1000.0,95.47431067177821,4.656087204688707,2.414271267423001e-15,53,144,8,95.47431067218378,4.656087204698154,1e-08,0.0
28,16324.0,4.5344444444444445,membrane,10000.0,98.66083604670153,1.4732900326161489,2.4746407816135343e-15,53,144,8,98.66083604624919,1.473290032614239,1e-08,0.0
28,16324.0,4.5344444444444445,grain,1.0,0.012999999999998001,0.0,2.0345339495433852e-15,53,144,8,0.013,0.0,1e-08,0.0
28,16324.0,4.5344444444444445,grain,2.5,0.012999999999998001,0.0,2.0345339495433852e-15,53,144,8,0.013,0.0,1e-08,0.0
28,16324.0,4.5344444444444445,grain,10.0,0.012999999999998001,0.0,2.0345339495433852e-15,53,144,8,0.013,0.0,1e-08,0.0
28,16324.0,4.5344444444444445,grain,100.0,0.012999999999998001,0.0,2.0345339495433852e-15,53,144,8,0.013,0.0,1e-08,0.0
28,16324.0,4.5344444444444445,grain,1000.0,0.012999999999998001,0.0,2.0345339495433852e-15,53,144,8,0.013,0.0,1e-08,0.0
28,16324.0,4.5344444444444445,grain,10000.0,0.012999999999998001,0.0,2.0345339495433852e-15,53,144,8,0.013,0.0,1e-08,0.0
28,16324.0,4.5344444444444445,all,1.0,16.922943475686015,13.427614436716862,2.4309093275803376e-15,53,144,8,16.922943475687056,13.427614436705854,1e-08,4.726526147325844e-10
28,16324.0,4.5344444444444445,all,2.5,26.01402381653741,18.474194970721925,2.49755412525902e-15,53,144,8,26.014023816576486,18.474194970743692,1e-08,1.1816315368314611e-09
28,16324.0,4.5344444444444445,all,10.0,47.221422850811635,24.976646166130383,2.4427745863140837e-15,53,144,8,47.22142285084352,24.976646166201107,1e-08,4.7265261473258444e-09
28,16324.0,4.5344444444444445,all,100.0,85.06813070335875,15.286592111421434,2.2961727041935513e-15,53,144,8,85.06813070346931,15.286592111443134,1e-08,4.7265261473258444e-08
28,16324.0,4.5344444444444445,all,1000.0,95.47527363539785,4.656091653304105,2.213964840899631e-15,53,144,8,95.47527363514673,4.65609165331304,1e-08,4.726526147325844e-07
28,16324.0,4.5344444444444445,all,10000.0,98.66179900908506,1.4733345175760684,2.305397484489471e-15,53,144,8,98.66179900921215,1.4733345175781827,1e-08,4.726526147325844e-06
