frame,time_s,time_h,mechanism,frequency_hz,sigma_real_s_m,sigma_imag_s_m,residual_norm,solve_height_px,solve_width_px,downsample,water_sigma_real_s_m,water_sigma_imag_s_m,solid_sigma_real_s_m,solid_sigma_imag_s_m,driver_mode,saturation_factor,interface_saturation_factor,interface_delta_real_s_m,interface_delta_imag_s_m,solution_sigma_w_s_m,interface_density_1_m,schwarz_sigma_s_s,schwarz_characteristic_length_m,schwarz_diffusion_coefficient_m2_s,schwarz_tau_s,paper_phi,paper_sw,paper_sigma_w_s_m,paper_cec_meq_g,paper_qv_c_m3
1,1.0,0.0002777777777777778,maxwell,1.0,0.01011095706174703,2.859376355151375e-09,2.2456949435468574e-15,53,144,8,0.019808629190565665,4.448495197483147e-09,1e-08,4.726526147325844e-10,si03,1.0,1.0,0.008786269366415201,0.02151351078464423,0.019808629190565665,878.0415590008613,7e-05,1.3e-05,1.3e-09,0.06499999999999999,,,,,
1,1.0,0.0002777777777777778,maxwell,2.5,0.01011095706179791,7.148440887914895e-09,2.4785807230657655e-15,53,144,8,0.019808629190565665,1.112123799370787e-08,1e-08,1.1816315368314611e-09,si03,1.0,1.0,0.031370570177233534,0.0307248080696487,0.019808629190565665,878.0415590008613,7e-05,1.3e-05,1.3e-09,0.06499999999999999,,,,,
1,1.0,0.0002777777777777778,maxwell,10.0,0.010110957061744837,2.8593763551683876e-08,2.319022393753243e-15,53,144,8,0.019808629190565665,4.448495197483148e-08,1e-08,4.7265261473258444e-09,si03,1.0,1.0,0.05798642777092366,0.014198194787667163,0.019808629190565665,878.0415590008613,7e-05,1.3e-05,1.3e-09,0.06499999999999999,,,,,
1,1.0,0.0002777777777777778,maxwell,100.0,0.010110957061991343,2.8593763550957844e-07,2.3497539822490796e-15,53,144,8,0.019808629190565665,4.4484951974831477e-07,1e-08,4.7265261473258444e-08,si03,1.0,1.0,0.06142608212800276,0.0015040407085292876,0.019808629190565665,878.0415590008613,7e-05,1.3e-05,1.3e-09,0.06499999999999999,,,,,
1,1.0,0.0002777777777777778,maxwell,1000.0,0.010110957086175697,2.8593763483856175e-06,2.3933466333302283e-15,53,144,8,0.019808629190565665,4.448495197483147e-06,1e-08,4.726526147325844e-07,si03,1.0,1.0,0.06146254064145865,0.00015049334089345628,0.019808629190565665,878.0415590008613,7e-05,1.3e-05,1.3e-09,0.06499999999999999,,,,,
1,1.0,0.0002777777777777778,maxwell,10000.0,0.010110959506041895,2.859375678809034e-05,2.3631238593020468e-15,53,144,8,0.019808629190565665,4.448495197483148e-05,1e-08,4.726526147325844e-06,si03,1.0,1.0,0.061462905445152406,1.5049423412901196e-05,0.019808629190565665,878.0415590008613,7e-05,1.3e-05,1.3e-09,0.06499999999999999,,,,,
1,1.0,0.0002777777777777778,interface,1.0,0.014595744070564055,0.01098116955649927,2.14988200446965e-15,53,144,8,0.028594898556980865,0.02151351078464423,1e-08,0.0,si03,1.0,1.0,0.008786269366415201,0.02151351078464423,0.019808629190565665,878.0415590008613,7e-05,1.3e-05,1.3e-09,0.06499999999999999,,,,,
1,1.0,0.0002777777777777778,interface,2.5,0.026123478386168165,0.01568290412390002,2.093040654783541e-15,53,144,8,0.0511791993677992,0.0307248080696487,1e-08,0.0,si03,1.0,1.0,0.031370570177233534,0.0307248080696487,0.019808629190565665,878.0415590008613,7e-05,1.3e-05,1.3e-09,0.06499999999999999,,,,,
1,1.0,0.0002777777777777778,interface,10.0,0.03970904552376955,0.00724720320736831,2.4917255787743985e-15,53,144,8,0.07779505696148932,0.014198194787667163,1e-08,0.0,si03,1.0,1.0,0.05798642777092366,0.014198194787667163,0.019808629190565665,878.0415590008613,7e-05,1.3e-05,1.3e-09,0.06499999999999999,,,,,
1,1.0,0.0002777777777777778,interface,100.0,0.04146475281323197,0.0007677094736214775,2.2417068638565557e-15,53,144,8,0.08123471131856842,0.0015040407085292876,1e-08,0.0,si03,1.0,1.0,0.06142608212800276,0.0015040407085292876,0.019808629190565665,878.0415590008613,7e-05,1.3e-05,1.3e-09,0.06499999999999999,,,,,
1,1.0,0.0002777777777777778,interface,1000.0,0.04148336238007914,7.681651358641574e-05,2.3950286669898756e-15,53,144,8,0.08127116983202431,0.00015049334089345628,1e-08,0.0,si03,1.0,1.0,0.06146254064145865,0.00015049334089345628,0.019808629190565665,878.0415590008613,7e-05,1.3e-05,1.3e-09,0.06499999999999999,,,,,
1,1.0,0.0002777777777777778,interface,10000.0,0.04148354858748702,7.681696952179914e-06,2.1294340620142467e-15,53,144,8,0.08127153463571807,1.5049423412901196e-05,1e-08,0.0,si03,1.0,1.0,0.061462905445152406,1.5049423412901196e-05,0.019808629190565665,878.0415590008613,7e-05,1.3e-05,1.3e-09,0.06499999999999999,,,,,
1,1.0,0.0002777777777777778,all,1.0,0.01459574407067359,0.010981172415932654,2.1729046557534125e-15,53,144,8,0.028594898556980865,0.02151351523313943,1e-08,4.726526147325844e-10,si03,1.0,1.0,0.008786269366415201,0.02151351078464423,0.019808629190565665,878.0415590008613,7e-05,1.3e-05,1.3e-09,0.06499999999999999,,,,,
1,1.0,0.0002777777777777778,all,2.5,0.026123478386262756,0.01568291127240109,2.442897603193073e-15,53,144,8,0.0511791993677992,0.030724819190886692,1e-08,1.1816315368314611e-09,si03,1.0,1.0,0.031370570177233534,0.0307248080696487,0.019808629190565665,878.0415590008613,7e-05,1.3e-05,1.3e-09,0.06499999999999999,,,,,
1,1.0,0.0002777777777777778,all,10.0,0.03970904552354908,0.007247231801118988,2.3209977160755946e-15,53,144,8,0.07779505696148932,0.014198239272619139,1e-08,4.7265261473258444e-09,si03,1.0,1.0,0.05798642777092366,0.014198194787667163,0.019808629190565665,878.0415590008613,7e-05,1.3e-05,1.3e-09,0.06499999999999999,,,,,
1,1.0,0.0002777777777777778,all,100.0,0.0414647528134375,0.0007679954113350066,2.3221829236675288e-15,53,144,8,0.08123471131856842,0.0015044855580490359,1e-08,4.7265261473258444e-08,si03,1.0,1.0,0.06142608212800276,0.0015040407085292876,0.019808629190565665,878.0415590008613,7e-05,1.3e-05,1.3e-09,0.06499999999999999,,,,,
1,1.0,0.0002777777777777778,all,1000.0,0.041483362386037614,7.967589071199251e-05,2.4314677467837487e-15,53,144,8,0.08127116983202431,0.00015494183609093942,1e-08,4.726526147325844e-07,si03,1.0,1.0,0.06146254064145865,0.00015049334089345628,0.019808629190565665,878.0415590008613,7e-05,1.3e-05,1.3e-09,0.06499999999999999,,,,,
1,1.0,0.0002777777777777778,all,10000.0,0.041483549183050326,3.6275467813772625e-05,2.3910621469718823e-15,53,144,8,0.08127153463571807,5.9534375387732674e-05,1e-08,4.726526147325844e-06,si03,1.0,1.0,0.061462905445152406,1.5049423412901196e-05,0.019808629190565665,878.0415590008613,7e-05,1.3e-05,1.3e-09,0.06499999999999999,,,,,
2,2.0,0.0005555555555555556,maxwell,1.0,0.015275464943161602,2.859376704849445e-09,2.214539949598637e-15,53,144,8,0.02992655838113133,4.448495197483147e-09,1e-08,4.726526147325844e-10,si03,1.0,1.0,0.008786269366415201,0.02151351078464423,0.02992655838113133,878.0415590008613,7e-05,1.3e-05,1.3e-09,0.06499999999999999,,,,,
2,2.0,0.0005555555555555556,maxwell,2.5,0.015275464943102285,7.148441762154744e-09,2.0097705770741593e-15,53,144,8,0.02992655838113133,1.112123799370787e-08,1e-08,1.1816315368314611e-09,si03,1.0,1.0,0.031370570177233534,0.0307248080696487,0.02992655838113133,878.0415590008613,7e-05,1.3e-05,1.3e-09,0.06499999999999999,,,,,
2,2.0,0.0005555555555555556,maxwell,10.0,0.015275464943078477,2.8593767048570123e-08,1.931912876456332e-15,53,144,8,0.02992655838113133,4.448495197483148e-08,1e-08,4.7265261473258444e-09,si03,1.0,1.0,0.05798642777092366,0.014198194787667163,0.02992655838113133,878.0415590008613,7e-05,1.3e-05,1.3e-09,0.06499999999999999,,,,,
2,2.0,0.0005555555555555556,maxwell,100.0,0.015275464943234713,2.859376704820023e-07,1.899151983165924e-15,53,144,8,0.02992655838113133,4.4484951974831477e-07,1e-08,4.7265261473258444e-08,si03,1.0,1.0,0.06142608212800276,0.0015040407085292876,0.02992655838113133,878.0415590008613,7e-05,1.3e-05,1.3e-09,0.06499999999999999,,,,,
2,2.0,0.0005555555555555556,maxwell,1000.0,0.015275464959317357,2.8593767018860797e-06,2.10546080745219e-15,53,144,8,0.02992655838113133,4.448495197483147e-06,1e-08,4.726526147325844e-07,si03,1.0,1.0,0.06146254064145865,0.00015049334089345628,0.02992655838113133,878.0415590008613,7e-05,1.3e-05,1.3e-09,0.06499999999999999,,,,,
2,2.0,0.0005555555555555556,maxwell,10000.0,0.01527546656104025,2.8593764085294868e-05,2.0736639576148344e-15,53,144,8,0.02992655838113133,4.448495197483148e-05,1e-08,4.726526147325844e-06,si03,1.0,1.0,0.061462905445152406,1.5049423412901196e-05,0.02992655838113133,878.0415590008613,7e-05,1.3e-05,1.3e-09,0.06499999999999999,,,,,
2,2.0,0.0005555555555555556,interface,1.0,0.01976025195195734,0.010981169556513317,2.342783317863943e-15,53,144,8,0.03871282774754653,0.02151351078464423,1e-08,0.0,si03,1.0,1.0,0.008786269366415201,0.02151351078464423,0.02992655838113133,878.0415590008613,7e-05,1.3e-05,1.3e-09,0.06499999999999999,,,,,
2,2.0,0.0005555555555555556,interface,2.5,0.031287986267372746,0.0156829041238878,1.972542461692352e-15,53,144,8,0.06129712855836486,0.0307248080696487,1e-08,0.0,si03,1.0,1.0,0.031370570177233534,0.0307248080696487,0.02992655838113133,878.0415590008613,7e-05,1.3e-05,1.3e-09,0.06499999999999999,,,,,
2,2.0,0.0005555555555555556,interface,10.0,0.04487355340504407,0.007247203207300951,2.2363219969133467e-15,53,144,8,0.08791298615205499,0.014198194787667163,1e-08,0.0,si03,1.0,1.0,0.05798642777092366,0.014198194787667163,0.02992655838113133,878.0415590008613,7e-05,1.3e-05,1.3e-09,0.06499999999999999,,,,,
2,2.0,0.0005555555555555556,interface,100.0,0.04662926069476333,0.0007677094736253501,2.270469935781473e-15,53,144,8,0.0913526405091341,0.0015040407085292876,1e-08,0.0,si03,1.0,1.0,0.06142608212800276,0.0015040407085292876,0.02992655838113133,878.0415590008613,7e-05,1.3e-05,1.3e-09,0.06499999999999999,,,,,
2,2.0,0.0005555555555555556,interface,1000.0,0.04664787026138664,7.681651358665776e-05,2.1836969569104844e-15,53,144,8,0.09138909902258999,0.00015049334089345628,1e-08,0.0,si03,1.0,1.0,0.06146254064145865,0.00015049334089345628,0.02992655838113133,878.0415590008613,7e-05,1.3e-05,1.3e-09,0.06499999999999999,,,,,
2,2.0,0.0005555555555555556,interface,10000.0,0.046648056468763355,7.68169695211415e-06,2.2079887292765763e-15,53,144,8,0.09138946382628374,1.5049423412901196e-05,1e-08,0.0,si03,1.0,1.0,0.061462905445152406,1.5049423412901196e-05,0.02992655838113133,878.0415590008613,7e-05,1.3e-05,1.3e-09,0.06499999999999999,,,,,
2,2.0,0.0005555555555555556,all,1.0,0.019760251951961124,0.010981172415942255,2.3316619534382977e-15,53,144,8,0.03871282774754653,0.02151351523313943,1e-08,4.726526147325844e-10,si03,1.0,1.0,0.008786269366415201,0.02151351078464423,0.02992655838113133,878.0415590008613,7e-05,1.3e-05,1.3e-09,0.06499999999999999,,,,,
2,2.0,0.0005555555555555556,all,2.5,0.0312879862675296,0.015682911272419928,2.00169629514406e-15,53,144,8,0.06129712855836486,0.030724819190886692,1e-08,1.1816315368314611e-09,si03,1.0,1.0,0.031370570177233534,0.0307248080696487,0.02992655838113133,878.0415590008613,7e-05,1.3e-05,1.3e-09,0.06499999999999999,,,,,
2,2.0,0.0005555555555555556,all,10.0,0.0448735534048687,0.007247231801128904,2.2521505211384648e-15,53,144,8,0.08791298615205499,0.014198239272619139,1e-08,4.7265261473258444e-09,si03,1.0,1.0,0.05798642777092366,0.014198194787667163,0.02992655838113133,878.0415590008613,7e-05,1.3e-05,1.3e-09,0.06499999999999999,,,,,
2,2.0,0.0005555555555555556,all,100.0,0.04662926069480625,0.00076799541133871,2.259838550443794e-15,53,144,8,0.0913526405091341,0.0015044855580490359,1e-08,4.7265261473258444e-08,si03,1.0,1.0,0.06142608212800276,0.0015040407085292876,0.02992655838113133,878.0415590008613,7e-05,1.3e-05,1.3e-09,0.06499999999999999,,,,,
2,2.0,0.0005555555555555556,all,1000.0,0.04664787026686197,7.967589074230524e-05,2.3426164436454825e-15,53,144,8,0.09138909902258999,0.00015494183609093942,1e-08,4.726526147325844e-07,si03,1.0,1.0,0.06146254064145865,0.00015049334089345628,0.02992655838113133,878.0415590008613,7e-05,1.3e-05,1.3e-09,0.06499999999999999,,,,,
2,2.0,0.0005555555555555556,all,10000.0,0.046648056998304134,3.6275468199998696e-05,2.261632236097966e-15,53,144,8,0.09138946382628374,5.9534375387732674e-05,1e-08,4.726526147325844e-06,si03,1.0,1.0,0.061462905445152406,1.5049423412901196e-05,0.02992655838113133,878.0415590008613,7e-05,1.3e-05,1.3e-09,0.06499999999999999,,,,,
3,4.0,0.0011111111111111111,maxwell,1.0,0.02560448070580419,2.8593769810277726e-09,2.282657686925e-15,53,144,8,0.05016241676226266,4.448495197483147e-09,1e-08,4.726526147325844e-10,si03,1.0,1.0,0.008786269366415201,0.02151351078464423,0.05016241676226266,878.0415590008613,7e-05,1.3e-05,1.3e-09,0.06499999999999999,,,,,
3,4.0,0.0011111111111111111,maxwell,2.5,0.025604480705722236,7.148442452551249e-09,2.0540719761721155e-15,53,144,8,0.05016241676226266,1.112123799370787e-08,1e-08,1.1816315368314611e-09,si03,1.0,1.0,0.031370570177233534,0.0307248080696487,0.05016241676226266,878.0415590008613,7e-05,1.3e-05,1.3e-09,0.06499999999999999,,,,,
3,4.0,0.0011111111111111111,maxwell,10.0,0.02560448070578649,2.859376981024724e-08,2.0422063443081047e-15,53,144,8,0.05016241676226266,4.448495197483148e-08,1e-08,4.7265261473258444e-09,si03,1.0,1.0,0.05798642777092366,0.014198194787667163,0.05016241676226266,878.0415590008613,7e-05,1.3e-05,1.3e-09,0.06499999999999999,,,,,
3,4.0,0.0011111111111111111,maxwell,100.0,0.025604480705852146,2.8593769810241247e-07,2.065693850895804e-15,53,144,8,0.05016241676226266,4.4484951974831477e-07,1e-08,4.7265261473258444e-08,si03,1.0,1.0,0.06142608212800276,0.0015040407085292876,0.05016241676226266,878.0415590008613,7e-05,1.3e-05,1.3e-09,0.06499999999999999,,,,,
3,4.0,0.0011111111111111111,maxwell,1000.0,0.025604480715414213,2.8593769799680597e-06,2.043191371247277e-15,53,144,8,0.05016241676226266,4.448495197483147e-06,1e-08,4.726526147325844e-07,si03,1.0,1.0,0.06146254064145865,0.00015049334089345628,0.05016241676226266,878.0415590008613,7e-05,1.3e-05,1.3e-09,0.06499999999999999,,,,,
3,4.0,0.0011111111111111111,maxwell,10000.0,0.025604481670939754,2.859376875555145e-05,2.214010717920578e-15,53,144,8,0.05016241676226266,4.448495197483148e-05,1e-08,4.726526147325844e-06,si03,1.0,1.0,0.061462905445152406,1.5049423412901196e-05,0.05016241676226266,878.0415590008613,7e-05,1.3e-05,1.3e-09,0.06499999999999999,,,,,
3,4.0,0.0011111111111111111,interface,1.0,0.03008926771465488,0.010981169556534755,2.1632673277437523e-15,53,144,8,0.05894868612867786,0.02151351078464423,1e-08,0.0,si03,1.0,1.0,0.008786269366415201,0.02151351078464423,0.05016241676226266,878.0415590008613,7e-05,1.3e-05,1.3e-09,0.06499999999999999,,,,,
3,4.0,0.0011111111111111111,interface,2.5,0.04161700203011081,0.015682904123903454,2.185652265985948e-15,53,144,8,0.08153298693949619,0.0307248080696487,1e-08,0.0,si03,1.0,1.0,0.031370570177233534,0.0307248080696487,0.05016241676226266,878.0415590008613,7e-05,1.3e-05,1.3e-09,0.06499999999999999,,,,,
3,4.0,0.0011111111111111111,interface,10.0,0.055202569167441526,0.007247203207308445,1.9840872766273033e-15,53,144,8,0.10814884453318632,0.014198194787667163,1e-08,0.0,si03,1.0,1.0,0.05798642777092366,0.014198194787667163,0.05016241676226266,878.0415590008613,7e-05,1.3e-05,1.3e-09,0.06499999999999999,,,,,
3,4.0,0.0011111111111111111,interface,100.0,0.05695827645700389,0.0007677094736207392,2.123198760822727e-15,53,144,8,0.11158849889026543,0.0015040407085292876,1e-08,0.0,si03,1.0,1.0,0.06142608212800276,0.0015040407085292876,0.05016241676226266,878.0415590008613,7e-05,1.3e-05,1.3e-09,0.06499999999999999,,,,,
3,4.0,0.0011111111111111111,interface,1000.0,0.056976886024408736,7.681651358586689e-05,1.927359690736005e-15,53,144,8,0.1116249574037213,0.00015049334089345628,1e-08,0.0,si03,1.0,1.0,0.06146254064145865,0.00015049334089345628,0.05016241676226266,878.0415590008613,7e-05,1.3e-05,1.3e-09,0.06499999999999999,,,,,
3,4.0,0.0011111111111111111,interface,10000.0,0.05697707223187988,7.681696952143863e-06,2.0652018157291625e-15,53,144,8,0.11162532220741506,1.5049423412901196e-05,1e-08,0.0,si03,1.0,1.0,0.061462905445152406,1.5049423412901196e-05,0.05016241676226266,878.0415590008613,7e-05,1.3e-05,1.3e-09,0.06499999999999999,,,,,
3,4.0,0.0011111111111111111,all,1.0,0.030089267714581272,0.010981172415834942,2.006300222870147e-15,53,144,8,0.05894868612867786,0.02151351523313943,1e-08,4.726526147325844e-10,si03,1.0,1.0,0.008786269366415201,0.02151351078464423,0.05016241676226266,878.0415590008613,7e-05,1.3e-05,1.3e-09,0.06499999999999999,,,,,
3,4.0,0.0011111111111111111,all,2.5,0.04161700203008824,0.015682911272278256,2.194484948412833e-15,53,144,8,0.08153298693949619,0.030724819190886692,1e-08,1.1816315368314611e-09,si03,1.0,1.0,0.031370570177233534,0.0307248080696487,0.05016241676226266,878.0415590008613,7e-05,1.3e-05,1.3e-09,0.06499999999999999,,,,,
3,4.0,0.0011111111111111111,all,10.0,0.055202569167864445,0.007247231801174811,2.047671912036004e-15,53,144,8,0.10814884453318632,0.014198239272619139,1e-08,4.7265261473258444e-09,si03,1.0,1.0,0.05798642777092366,0.014198194787667163,0.05016241676226266,878.0415590008613,7e-05,1.3e-05,1.3e-09,0.06499999999999999,,,,,
3,4.0,0.0011111111111111111,all,100.0,0.05695827645728027,0.0007679954113469384,2.085466755354323e-15,53,144,8,0.11158849889026543,0.0015044855580490359,1e-08,4.7265261473258444e-08,si03,1.0,1.0,0.06142608212800276,0.0015040407085292876,0.05016241676226266,878.0415590008613,7e-05,1.3e-05,1.3e-09,0.06499999999999999,,,,,
3,4.0,0.0011111111111111111,all,1000.0,0.05697688602876136,7.967589078613577e-05,1.955800757661473e-15,53,144,8,0.1116249574037213,0.00015494183609093942,1e-08,4.726526147325844e-07,si03,1.0,1.0,0.06146254064145865,0.00015049334089345628,0.05016241676226266,878.0415590008613,7e-05,1.3e-05,1.3e-09,0.06499999999999999,,,,,
3,4.0,0.0011111111111111111,all,10000.0,0.056977072665166204,3.6275468740020866e-05,2.011010007522867e-15,53,144,8,0.11162532220741506,5.9534375387732674e-05,1e-08,4.726526147325844e-06,si03,1.0,1.0,0.061462905445152406,1.5049423412901196e-05,0.05016241676226266,878.0415590008613,7e-05,1.3e-05,1.3e-09,0.06499999999999999,,,,,
4,8.0,0.0022222222222222222,maxwell,1.0,0.046262512231445,2.8593771634055053e-09,1.9425874165658336e-15,53,144,8,0.09063413352452532,4.448495197483147e-09,1e-08,4.726526147325844e-10,si03,1.0,1.0,0.008786269366415201,0.02151351078464423,0.09063413352452532,878.0415590008613,7e-05,1.3e-05,1.3e-09,0.06499999999999999,,,,,
4,8.0,0.0022222222222222222,maxwell,2.5,0.04626251223116752,7.1484429085225315e-09,2.030350093939291e-15,53,144,8,0.09063413352452532,1.112123799370787e-08,1e-08,1.1816315368314611e-09,si03,1.0,1.0,0.031370570177233534,0.0307248080696487,0.09063413352452532,878.0415590008613,7e-05,1.3e-05,1.3e-09,0.06499999999999999,,,,,
4,8.0,0.0022222222222222222,maxwell,10.0,0.04626251223111291,2.8593771634226756e-08,2.0501261950785094e-15,53,144,8,0.09063413352452532,4.448495197483148e-08,1e-08,4.7265261473258444e-09,si03,1.0,1.0,0.05798642777092366,0.014198194787667163,0.09063413352452532,878.0415590008613,7e-05,1.3e-05,1.3e-09,0.06499999999999999,,,,,
4,8.0,0.0022222222222222222,maxwell,100.0,0.04626251223104283,2.859377163406683e-07,2.2334028129060834e-15,53,144,8,0.09063413352452532,4.4484951974831477e-07,1e-08,4.7265261473258444e-08,si03,1.0,1.0,0.06142608212800276,0.0015040407085292876,0.09063413352452532,878.0415590008613,7e-05,1.3e-05,1.3e-09,0.06499999999999999,,,,,
4,8.0,0.0022222222222222222,maxwell,1000.0,0.04626251223634184,2.8593771630769766e-06,2.2518462906787284e-15,53,144,8,0.09063413352452532,4.448495197483147e-06,1e-08,4.726526147325844e-07,si03,1.0,1.0,0.06146254064145865,0.00015049334089345628,0.09063413352452532,878.0415590008613,7e-05,1.3e-05,1.3e-09,0.06499999999999999,,,,,
4,8.0,0.0022222222222222222,maxwell,10000.0,0.04626251276546987,2.859377131113973e-05,2.4183618910062305e-15,53,144,8,0.09063413352452532,4.448495197483148e-05,1e-08,4.726526147325844e-06,si03,1.0,1.0,0.061462905445152406,1.5049423412901196e-05,0.09063413352452532,878.0415590008613,7e-05,1.3e-05,1.3e-09,0.06499999999999999,,,,,
4,8.0,0.0022222222222222222,interface,1.0,0.05074729924000595,0.010981169556489933,2.12643577986345e-15,53,144,8,0.09942040289094052,0.02151351078464423,1e-08,0.0,si03,1.0,1.0,0.008786269366415201,0.02151351078464423,0.09063413352452532,878.0415590008613,7e-05,1.3e-05,1.3e-09,0.06499999999999999,,,,,
4,8.0,0.0022222222222222222,interface,2.5,0.0622750335554531,0.015682904123888387,1.988880889834365e-15,53,144,8,0.12200470370175885,0.0307248080696487,1e-08,0.0,si03,1.0,1.0,0.031370570177233534,0.0307248080696487,0.09063413352452532,878.0415590008613,7e-05,1.3e-05,1.3e-09,0.06499999999999999,,,,,
4,8.0,0.0022222222222222222,interface,10.0,0.07586060069271736,0.007247203207331995,2.543523963784919e-15,53,144,8,0.14862056129544898,0.014198194787667163,1e-08,0.0,si03,1.0,1.0,0.05798642777092366,0.014198194787667163,0.09063413352452532,878.0415590008613,7e-05,1.3e-05,1.3e-09,0.06499999999999999,,,,,
4,8.0,0.0022222222222222222,interface,100.0,0.07761630798232227,0.0007677094736229066,2.1875866011290374e-15,53,144,8,0.15206021565252809,0.0015040407085292876,1e-08,0.0,si03,1.0,1.0,0.06142608212800276,0.0015040407085292876,0.09063413352452532,878.0415590008613,7e-05,1.3e-05,1.3e-09,0.06499999999999999,,,,,
4,8.0,0.0022222222222222222,interface,1000.0,0.07763491754966843,7.68165135867172e-05,2.323554252106821e-15,53,144,8,0.15209667416598396,0.00015049334089345628,1e-08,0.0,si03,1.0,1.0,0.06146254064145865,0.00015049334089345628,0.09063413352452532,878.0415590008613,7e-05,1.3e-05,1.3e-09,0.06499999999999999,,,,,
4,8.0,0.0022222222222222222,interface,10000.0,0.07763510375663897,7.681696952152188e-06,2.24071156163618e-15,53,144,8,0.15209703896967772,1.5049423412901196e-05,1e-08,0.0,si03,1.0,1.0,0.061462905445152406,1.5049423412901196e-05,0.09063413352452532,878.0415590008613,7e-05,1.3e-05,1.3e-09,0.06499999999999999,,,,,
4,8.0,0.0022222222222222222,all,1.0,0.05074729923980511,0.01098117241593251,2.148911082080819e-15,53,144,8,0.09942040289094052,0.02151351523313943,1e-08,4.726526147325844e-10,si03,1.0,1.0,0.008786269366415201,0.02151351078464423,0.09063413352452532,878.0415590008613,7e-05,1.3e-05,1.3e-09,0.06499999999999999,,,,,
4,8.0,0.0022222222222222222,all,2.5,0.06227503355533847,0.015682911272314432,2.0553804490583196e-15,53,144,8,0.12200470370175885,0.030724819190886692,1e-08,1.1816315368314611e-09,si03,1.0,1.0,0.031370570177233534,0.0307248080696487,0.09063413352452532,878.0415590008613,7e-05,1.3e-05,1.3e-09,0.06499999999999999,,,,,
4,8.0,0.0022222222222222222,all,10.0,0.07586060069269865,0.0072472318011179565,2.3952749179082157e-15,53,144,8,0.14862056129544898,0.014198239272619139,1e-08,4.7265261473258444e-09,si03,1.0,1.0,0.05798642777092366,0.014198194787667163,0.09063413352452532,878.0415590008613,7e-05,1.3e-05,1.3e-09,0.06499999999999999,,,,,
4,8.0,0.0022222222222222222,all,100.0,0.07761630798225845,0.0007679954113445627,2.3789160911037433e-15,53,144,8,0.15206021565252809,0.0015044855580490359,1e-08,4.7265261473258444e-08,si03,1.0,1.0,0.06142608212800276,0.0015040407085292876,0.09063413352452532,878.0415590008613,7e-05,1.3e-05,1.3e-09,0.06499999999999999,,,,,
4,8.0,0.0022222222222222222,all,1000.0,0.07763491755262864,7.967589083769014e-05,2.3180291209729176e-15,53,144,8,0.15209667416598396,0.00015494183609093942,1e-08,4.726526147325844e-07,si03,1.0,1.0,0.06146254064145865,0.00015049334089345628,0.09063413352452532,878.0415590008613,7e-05,1.3e-05,1.3e-09,0.06499999999999999,,,,,
4,8.0,0.0022222222222222222,all,10000.0,0.07763510407511619,3.627546935350795e-05,2.213981245079212e-15,53,144,8,0.15209703896967772,5.9534375387732674e-05,1e-08,4.726526147325844e-06,si03,1.0,1.0,0.061462905445152406,1.5049423412901196e-05,0.09063413352452532,878.0415590008613,7e-05,1.3e-05,1.3e-09,0.06499999999999999,,,,,
5,16.0,0.0044444444444444444,maxwell,1.0,0.05686103980098829,2.85937720553292e-09,1.914902386072149e-15,53,144,8,0.11139799988736,4.448495197483147e-09,1e-08,4.726526147325844e-10,si03,1.0,1.0,0.008786269366415201,0.02151351078464423,0.11139799988736,878.0415590008613,7e-05,1.3e-05,1.3e-09,0.06499999999999999,,,,,
5,16.0,0.0044444444444444444,maxwell,2.5,0.05686103980117776,7.148443013862654e-09,1.9441376784576646e-15,53,144,8,0.11139799988736,1.112123799370787e-08,1e-08,1.1816315368314611e-09,si03,1.0,1.0,0.031370570177233534,0.0307248080696487,0.11139799988736,878.0415590008613,7e-05,1.3e-05,1.3e-09,0.06499999999999999,,,,,
5,16.0,0.0044444444444444444,maxwell,10.0,0.056861039801017484,2.8593772055501326e-08,1.9440970270252327e-15,53,144,8,0.11139799988736,4.448495197483148e-08,1e-08,4.7265261473258444e-09,si03,1.0,1.0,0.05798642777092366,0.014198194787667163,0.11139799988736,878.0415590008613,7e-05,1.3e-05,1.3e-09,0.06499999999999999,,,,,
5,16.0,0.0044444444444444444,maxwell,100.0,0.05686103980125336,2.8593772055522255e-07,2.0139263280388632e-15,53,144,8,0.11139799988736,4.4484951974831477e-07,1e-08,4.7265261473258444e-08,si03,1.0,1.0,0.06142608212800276,0.0015040407085292876,0.11139799988736,878.0415590008613,7e-05,1.3e-05,1.3e-09,0.06499999999999999,,,,,
5,16.0,0.0044444444444444444,maxwell,1000.0,0.056861039805451506,2.8593772053269987e-06,2.058153948662571e-15,53,144,8,0.11139799988736,4.448495197483147e-06,1e-08,4.726526147325844e-07,si03,1.0,1.0,0.06146254064145865,0.00015049334089345628,0.11139799988736,878.0415590008613,7e-05,1.3e-05,1.3e-09,0.06499999999999999,,,,,
5,16.0,0.0044444444444444444,maxwell,10000.0,0.05686104023560476,2.8593771841578788e-05,2.2576403854089992e-15,53,144,8,0.11139799988736,4.448495197483148e-05,1e-08,4.726526147325844e-06,si03,1.0,1.0,0.061462905445152406,1.5049423412901196e-05,0.11139799988736,878.0415590008613,7e-05,1.3e-05,1.3e-09,0.06499999999999999,,,,,
5,16.0,0.0044444444444444444,interface,1.0,0.061345826809908605,0.010981169556468214,2.2386961635937183e-15,53,144,8,0.1201842692537752,0.02151351078464423,1e-08,0.0,si03,1.0,1.0,0.008786269366415201,0.02151351078464423,0.11139799988736,878.0415590008613,7e-05,1.3e-05,1.3e-09,0.06499999999999999,,,,,
5,16.0,0.0044444444444444444,interface,2.5,0.07287356112537087,0.01568290412388194,2.249407300908161e-15,53,144,8,0.14276857006459354,0.0307248080696487,1e-08,0.0,si03,1.0,1.0,0.031370570177233534,0.0307248080696487,0.11139799988736,878.0415590008613,7e-05,1.3e-05,1.3e-09,0.06499999999999999,,,,,
5,16.0,0.0044444444444444444,interface,10.0,0.08645912826323415,0.00724720320732859,2.346371533629097e-15,53,144,8,0.16938442765828365,0.014198194787667163,1e-08,0.0,si03,1.0,1.0,0.05798642777092366,0.014198194787667163,0.11139799988736,878.0415590008613,7e-05,1.3e-05,1.3e-09,0.06499999999999999,,,,,
5,16.0,0.0044444444444444444,interface,100.0,0.08821483555243048,0.0007677094736240565,2.163556425437475e-15,53,144,8,0.17282408201536276,0.0015040407085292876,1e-08,0.0,si03,1.0,1.0,0.06142608212800276,0.0015040407085292876,0.11139799988736,878.0415590008613,7e-05,1.3e-05,1.3e-09,0.06499999999999999,,,,,
5,16.0,0.0044444444444444444,interface,1000.0,0.08823344511973431,7.681651358671712e-05,2.3360363774054004e-15,53,144,8,0.17286054052881866,0.00015049334089345628,1e-08,0.0,si03,1.0,1.0,0.06146254064145865,0.00015049334089345628,0.11139799988736,878.0415590008613,7e-05,1.3e-05,1.3e-09,0.06499999999999999,,,,,
5,16.0,0.0044444444444444444,interface,10000.0,0.08823363132645894,7.68169695214223e-06,2.2825762886762934e-15,53,144,8,0.17286090533251242,1.5049423412901196e-05,1e-08,0.0,si03,1.0,1.0,0.061462905445152406,1.5049423412901196e-05,0.11139799988736,878.0415590008613,7e-05,1.3e-05,1.3e-09,0.06499999999999999,,,,,
5,16.0,0.0044444444444444444,all,1.0,0.061345826809968786,0.010981172415898683,2.257205735978392e-15,53,144,8,0.1201842692537752,0.02151351523313943,1e-08,4.726526147325844e-10,si03,1.0,1.0,0.008786269366415201,0.02151351078464423,0.11139799988736,878.0415590008613,7e-05,1.3e-05,1.3e-09,0.06499999999999999,,,,,
5,16.0,0.0044444444444444444,all,2.5,0.07287356112563141,0.01568291127244653,2.2497571572396643e-15,53,144,8,0.14276857006459354,0.030724819190886692,1e-08,1.1816315368314611e-09,si03,1.0,1.0,0.031370570177233534,0.0307248080696487,0.11139799988736,878.0415590008613,7e-05,1.3e-05,1.3e-09,0.06499999999999999,,,,,
5,16.0,0.0044444444444444444,all,10.0,0.08645912826286604,0.007247231801120521,2.2238028442408987e-15,53,144,8,0.16938442765828365,0.014198239272619139,1e-08,4.7265261473258444e-09,si03,1.0,1.0,0.05798642777092366,0.014198194787667163,0.11139799988736,878.0415590008613,7e-05,1.3e-05,1.3e-09,0.06499999999999999,,,,,
5,16.0,0.0044444444444444444,all,100.0,0.08821483555275202,0.0007679954113503552,2.2444181569911806e-15,53,144,8,0.17282408201536276,0.0015044855580490359,1e-08,4.7265261473258444e-08,si03,1.0,1.0,0.06142608212800276,0.0015040407085292876,0.11139799988736,878.0415590008613,7e-05,1.3e-05,1.3e-09,0.06499999999999999,,,,,
5,16.0,0.0044444444444444444,all,1000.0,0.08823344512254709,7.967589085486188e-05,2.4283378923301913e-15,53,144,8,0.17286054052881866,0.00015494183609093942,1e-08,4.726526147325844e-07,si03,1.0,1.0,0.06146254064145865,0.00015049334089345628,0.11139799988736,878.0415590008613,7e-05,1.3e-05,1.3e-09,0.06499999999999999,,,,,
5,16.0,0.0044444444444444444,all,10000.0,0.08823363160649317,3.627546954856813e-05,2.3014036560604172e-15,53,144,8,0.17286090533251242,5.9534375387732674e-05,1e-08,4.726526147325844e-06,si03,1.0,1.0,0.061462905445152406,1.5049423412901196e-05,0.11139799988736,878.0415590008613,7e-05,1.3e-05,1.3e-09,0.06499999999999999,,,,,
6,32.0,0.008888888888888889,maxwell,1.0,0.05754501785979283,2.8593772077261457e-09,1.954638860425038e-15,53,144,8,0.11273800008215999,4.448495197483147e-09,1e-08,4.726526147325844e-10,si03,1.0,1.0,0.008786269366415201,0.02151351078464423,0.11273800008215999,878.0415590008613,7e-05,1.3e-05,1.3e-09,0.06499999999999999,,,,,
6,32.0,0.008888888888888889,maxwell,2.5,0.0575450178597912,7.1484430193193685e-09,1.973501845910451e-15,53,144,8,0.11273800008215999,1.112123799370787e-08,1e-08,1.1816315368314611e-09,si03,1.0,1.0,0.031370570177233534,0.0307248080696487,0.11273800008215999,878.0415590008613,7e-05,1.3e-05,1.3e-09,0.06499999999999999,,,,,
6,32.0,0.008888888888888889,maxwell,10.0,0.05754501786001737,2.8593772077409604e-08,1.999556314731786e-15,53,144,8,0.11273800008215999,4.448495197483148e-08,1e-08,4.7265261473258444e-09,si03,1.0,1.0,0.05798642777092366,0.014198194787667163,0.11273800008215999,878.0415590008613,7e-05,1.3e-05,1.3e-09,0.06499999999999999,,,,,
6,32.0,0.008888888888888889,maxwell,100.0,0.05754501786029878,2.8593772077375186e-07,2.1798233987221563e-15,53,144,8,0.11273800008215999,4.4484951974831477e-07,1e-08,4.7265261473258444e-08,si03,1.0,1.0,0.06142608212800276,0.0015040407085292876,0.11273800008215999,878.0415590008613,7e-05,1.3e-05,1.3e-09,0.06499999999999999,,,,,
6,32.0,0.008888888888888889,maxwell,1000.0,0.05754501786445587,2.8593772075218753e-06,2.0790114076008696e-15,53,144,8,0.11273800008215999,4.448495197483147e-06,1e-08,4.726526147325844e-07,si03,1.0,1.0,0.06146254064145865,0.00015049334089345628,0.11273800008215999,878.0415590008613,7e-05,1.3e-05,1.3e-09,0.06499999999999999,,,,,
6,32.0,0.008888888888888889,maxwell,10000.0,0.05754501828927818,2.8593771868559495e-05,1.9536655798613696e-15,53,144,8,0.11273800008215999,4.448495197483148e-05,1e-08,4.726526147325844e-06,si03,1.0,1.0,0.061462905445152406,1.5049423412901196e-05,0.11273800008215999,878.0415590008613,7e-05,1.3e-05,1.3e-09,0.06499999999999999,,,,,
6,32.0,0.008888888888888889,interface,1.0,0.06202980486901195,0.010981169556525045,2.08383285673468e-15,53,144,8,0.1215242694485752,0.02151351078464423,1e-08,0.0,si03,1.0,1.0,0.008786269366415201,0.02151351078464423,0.11273800008215999,878.0415590008613,7e-05,1.3e-05,1.3e-09,0.06499999999999999,,,,,
6,32.0,0.008888888888888889,interface,2.5,0.07355753918406756,0.015682904123926894,2.2493568006225234e-15,53,144,8,0.14410857025939353,0.0307248080696487,1e-08,0.0,si03,1.0,1.0,0.031370570177233534,0.0307248080696487,0.11273800008215999,878.0415590008613,7e-05,1.3e-05,1.3e-09,0.06499999999999999,,,,,
6,32.0,0.008888888888888889,interface,10.0,0.08714310632134938,0.007247203207339545,2.167287782056316e-15,53,144,8,0.17072442785308364,0.014198194787667163,1e-08,0.0,si03,1.0,1.0,0.05798642777092366,0.014198194787667163,0.11273800008215999,878.0415590008613,7e-05,1.3e-05,1.3e-09,0.06499999999999999,,,,,
6,32.0,0.008888888888888889,interface,100.0,0.08889881361142996,0.0007677094736256447,2.2908082809673803e-15,53,144,8,0.17416408221016275,0.0015040407085292876,1e-08,0.0,si03,1.0,1.0,0.06142608212800276,0.0015040407085292876,0.11273800008215999,878.0415590008613,7e-05,1.3e-05,1.3e-09,0.06499999999999999,,,,,
6,32.0,0.008888888888888889,interface,1000.0,0.08891742317791831,7.681651358641158e-05,2.1999764327650625e-15,53,144,8,0.17420054072361865,0.00015049334089345628,1e-08,0.0,si03,1.0,1.0,0.06146254064145865,0.00015049334089345628,0.11273800008215999,878.0415590008613,7e-05,1.3e-05,1.3e-09,0.06499999999999999,,,,,
6,32.0,0.008888888888888889,interface,10000.0,0.08891760938613612,7.681696952149038e-06,2.249656976058821e-15,53,144,8,0.1742009055273124,1.5049423412901196e-05,1e-08,0.0,si03,1.0,1.0,0.061462905445152406,1.5049423412901196e-05,0.11273800008215999,878.0415590008613,7e-05,1.3e-05,1.3e-09,0.06499999999999999,,,,,
6,32.0,0.008888888888888889,all,1.0,0.062029804869006576,0.010981172415862552,2.0129575539657575e-15,53,144,8,0.1215242694485752,0.02151351523313943,1e-08,4.726526147325844e-10,si03,1.0,1.0,0.008786269366415201,0.02151351078464423,0.11273800008215999,878.0415590008613,7e-05,1.3e-05,1.3e-09,0.06499999999999999,,,,,
6,32.0,0.008888888888888889,all,2.5,0.07355753918425838,0.015682911272394028,2.5186358744806e-15,53,144,8,0.14410857025939353,0.030724819190886692,1e-08,1.1816315368314611e-09,si03,1.0,1.0,0.031370570177233534,0.0307248080696487,0.11273800008215999,878.0415590008613,7e-05,1.3e-05,1.3e-09,0.06499999999999999,,,,,
6,32.0,0.008888888888888889,all,10.0,0.08714310632157085,0.007247231801131786,2.1853100077234228e-15,53,144,8,0.17072442785308364,0.014198239272619139,1e-08,4.7265261473258444e-09,si03,1.0,1.0,0.05798642777092366,0.014198194787667163,0.11273800008215999,878.0415590008613,7e-05,1.3e-05,1.3e-09,0.06499999999999999,,,,,
6,32.0,0.008888888888888889,all,100.0,0.08889881361199115,0.0007679954113491233,2.189326634791093e-15,53,144,8,0.17416408221016275,0.0015044855580490359,1e-08,4.7265261473258444e-08,si03,1.0,1.0,0.06142608212800276,0.0015040407085292876,0.11273800008215999,878.0415590008613,7e-05,1.3e-05,1.3e-09,0.06499999999999999,,,,,
6,32.0,0.008888888888888889,all,1000.0,0.08891742318065397,7.96758908555044e-05,2.1915170060458985e-15,53,144,8,0.17420054072361865,0.00015494183609093942,1e-08,4.726526147325844e-07,si03,1.0,1.0,0.06146254064145865,0.00015049334089345628,0.11273800008215999,878.0415590008613,7e-05,1.3e-05,1.3e-09,0.06499999999999999,,,,,
6,32.0,0.008888888888888889,all,10000.0,0.08891760966393317,3.627546955935253e-05,2.230729021673106e-15,53,144,8,0.1742009055273124,5.9534375387732674e-05,1e-08,4.726526147325844e-06,si03,1.0,1.0,0.061462905445152406,1.5049423412901196e-05,0.11273800008215999,878.0415590008613,7e-05,1.3e-05,1.3e-09,0.06499999999999999,,,,,
7,64.0,0.017777777777777778,maxwell,1.0,0.05873738536261039,2.8593772114197342e-09,2.0586170312469363e-15,53,144,8,0.11507399999472,4.448495197483147e-09,1e-08,4.726526147325844e-10,si03,1.0,1.0,0.008786269366415201,0.02151351078464423,0.11507399999472,878.0415590008613,7e-05,1.3e-05,1.3e-09,0.06499999999999999,,,,,
7,64.0,0.017777777777777778,maxwell,2.5,0.05873738536238625,7.1484430285399086e-09,1.8375855857631546e-15,53,144,8,0.11507399999472,1.112123799370787e-08,1e-08,1.1816315368314611e-09,si03,1.0,1.0,0.031370570177233534,0.0307248080696487,0.11507399999472,878.0415590008613,7e-05,1.3e-05,1.3e-09,0.06499999999999999,,,,,
7,64.0,0.017777777777777778,maxwell,10.0,0.05873738536243119,2.859377211431275e-08,1.9078567350257413e-15,53,144,8,0.11507399999472,4.448495197483148e-08,1e-08,4.7265261473258444e-09,si03,1.0,1.0,0.05798642777092366,0.014198194787667163,0.11507399999472,878.0415590008613,7e-05,1.3e-05,1.3e-09,0.06499999999999999,,,,,
7,64.0,0.017777777777777778,maxwell,100.0,0.05873738536270627,2.859377211431491e-07,2.29944859795141e-15,53,144,8,0.11507399999472,4.4484951974831477e-07,1e-08,4.7265261473258444e-08,si03,1.0,1.0,0.06142608212800276,0.0015040407085292876,0.11507399999472,878.0415590008613,7e-05,1.3e-05,1.3e-09,0.06499999999999999,,,,,
7,64.0,0.017777777777777778,maxwell,1000.0,0.058737385366459234,2.8593772112104145e-06,2.071234575104582e-15,53,144,8,0.11507399999472,4.448495197483147e-06,1e-08,4.726526147325844e-07,si03,1.0,1.0,0.06146254064145865,0.00015049334089345628,0.11507399999472,878.0415590008613,7e-05,1.3e-05,1.3e-09,0.06499999999999999,,,,,
7,64.0,0.017777777777777778,maxwell,10000.0,0.05873738578331339,2.8593771913849662e-05,2.0267568621947278e-15,53,144,8,0.11507399999472,4.448495197483148e-05,1e-08,4.726526147325844e-06,si03,1.0,1.0,0.061462905445152406,1.5049423412901196e-05,0.11507399999472,878.0415590008613,7e-05,1.3e-05,1.3e-09,0.06499999999999999,,,,,
7,64.0,0.017777777777777778,interface,1.0,0.06322217237146315,0.010981169556522933,2.0976913345466627e-15,53,144,8,0.1238602693611352,0.02151351078464423,1e-08,0.0,si03,1.0,1.0,0.008786269366415201,0.02151351078464423,0.11507399999472,878.0415590008613,7e-05,1.3e-05,1.3e-09,0.06499999999999999,,,,,
7,64.0,0.017777777777777778,interface,2.5,0.0747499066869005,0.015682904123943825,2.272923085048922e-15,53,144,8,0.14644457017195353,0.0307248080696487,1e-08,0.0,si03,1.0,1.0,0.031370570177233534,0.0307248080696487,0.11507399999472,878.0415590008613,7e-05,1.3e-05,1.3e-09,0.06499999999999999,,,,,
7,64.0,0.017777777777777778,interface,10.0,0.08833547382422914,0.0072472032073699335,2.314928671030475e-15,53,144,8,0.17306042776564365,0.014198194787667163,1e-08,0.0,si03,1.0,1.0,0.05798642777092366,0.014198194787667163,0.11507399999472,878.0415590008613,7e-05,1.3e-05,1.3e-09,0.06499999999999999,,,,,
7,64.0,0.017777777777777778,interface,100.0,0.09009118111383423,0.0007677094736225573,2.2069950397459953e-15,53,144,8,0.17650008212272275,0.0015040407085292876,1e-08,0.0,si03,1.0,1.0,0.06142608212800276,0.0015040407085292876,0.11507399999472,878.0415590008613,7e-05,1.3e-05,1.3e-09,0.06499999999999999,,,,,
7,64.0,0.017777777777777778,interface,1000.0,0.09010979068059834,7.681651358575493e-05,2.26742838431806e-15,53,144,8,0.17653654063617866,0.00015049334089345628,1e-08,0.0,si03,1.0,1.0,0.06146254064145865,0.00015049334089345628,0.11507399999472,878.0415590008613,7e-05,1.3e-05,1.3e-09,0.06499999999999999,,,,,
7,64.0,0.017777777777777778,interface,10000.0,0.0901099768879977,7.681696952164348e-06,2.034922498631749e-15,53,144,8,0.1765369054398724,1.5049423412901196e-05,1e-08,0.0,si03,1.0,1.0,0.061462905445152406,1.5049423412901196e-05,0.11507399999472,878.0415590008613,7e-05,1.3e-05,1.3e-09,0.06499999999999999,,,,,
7,64.0,0.017777777777777778,all,1.0,0.06322217237160957,0.01098117241596865,2.170234648997048e-15,53,144,8,0.1238602693611352,0.02151351523313943,1e-08,4.726526147325844e-10,si03,1.0,1.0,0.008786269366415201,0.02151351078464423,0.11507399999472,878.0415590008613,7e-05,1.3e-05,1.3e-09,0.06499999999999999,,,,,
7,64.0,0.017777777777777778,all,2.5,0.07474990668687927,0.01568291127236108,2.358443688221047e-15,53,144,8,0.14644457017195353,0.030724819190886692,1e-08,1.1816315368314611e-09,si03,1.0,1.0,0.031370570177233534,0.0307248080696487,0.11507399999472,878.0415590008613,7e-05,1.3e-05,1.3e-09,0.06499999999999999,,,,,
7,64.0,0.017777777777777778,all,10.0,0.08833547382421635,0.007247231801158408,2.3209312961069353e-15,53,144,8,0.17306042776564365,0.014198239272619139,1e-08,4.7265261473258444e-09,si03,1.0,1.0,0.05798642777092366,0.014198194787667163,0.11507399999472,878.0415590008613,7e-05,1.3e-05,1.3e-09,0.06499999999999999,,,,,
7,64.0,0.017777777777777778,all,100.0,0.09009118111380174,0.0007679954113511447,2.0829744486640684e-15,53,144,8,0.17650008212272275,0.0015044855580490359,1e-08,4.7265261473258444e-08,si03,1.0,1.0,0.06142608212800276,0.0015040407085292876,0.11507399999472,878.0415590008613,7e-05,1.3e-05,1.3e-09,0.06499999999999999,,,,,
7,64.0,0.017777777777777778,all,1000.0,0.09010979068362751,7.967589085732332e-05,2.111866111075011e-15,53,144,8,0.17653654063617866,0.00015494183609093942,1e-08,4.726526147325844e-07,si03,1.0,1.0,0.06146254064145865,0.00015049334089345628,0.11507399999472,878.0415590008613,7e-05,1.3e-05,1.3e-09,0.06499999999999999,,,,,
7,64.0,0.017777777777777778,all,10000.0,0.0901099771620199,3.627546957772677e-05,2.3825821840403063e-15,53,144,8,0.1765369054398724,5.9534375387732674e-05,1e-08,4.726526147325844e-06,si03,1.0,1.0,0.061462905445152406,1.5049423412901196e-05,0.11507399999472,878.0415590008613,7e-05,1.3e-05,1.3e-09,0.06499999999999999,,,,,
8,128.0,0.035555555555555556,maxwell,1.0,0.06268812386011348,2.859377222657649e-09,1.8340873305674547e-15,53,144,8,0.12281400025927998,4.448495197483147e-09,1e-08,4.726526147325844e-10,si03,1.0,1.0,0.008786269366415201,0.02151351078464423,0.12281400025927998,878.0415590008613,7e-05,1.3e-05,1.3e-09,0.06499999999999999,,,,,
8,128.0,0.035555555555555556,maxwell,2.5,0.0626881238597635,7.148443056631872e-09,1.8292356832191498e-15,53,144,8,0.12281400025927998,1.112123799370787e-08,1e-08,1.1816315368314611e-09,si03,1.0,1.0,0.031370570177233534,0.0307248080696487,0.12281400025927998,878.0415590008613,7e-05,1.3e-05,1.3e-09,0.06499999999999999,,,,,
8,128.0,0.035555555555555556,maxwell,10.0,0.06268812385971771,2.8593772226526165e-08,2.0049108030981884e-15,53,144,8,0.12281400025927998,4.448495197483148e-08,1e-08,4.7265261473258444e-09,si03,1.0,1.0,0.05798642777092366,0.014198194787667163,0.12281400025927998,878.0415590008613,7e-05,1.3e-05,1.3e-09,0.06499999999999999,,,,,
8,128.0,0.035555555555555556,maxwell,100.0,0.06268812386025234,2.8593772226498984e-07,2.071548132730102e-15,53,144,8,0.12281400025927998,4.4484951974831477e-07,1e-08,4.7265261473258444e-08,si03,1.0,1.0,0.06142608212800276,0.0015040407085292876,0.12281400025927998,878.0415590008613,7e-05,1.3e-05,1.3e-09,0.06499999999999999,,,,,
8,128.0,0.035555555555555556,maxwell,1000.0,0.06268812386374771,2.85937722245224e-06,2.374165748809686e-15,53,144,8,0.12281400025927998,4.448495197483147e-06,1e-08,4.726526147325844e-07,si03,1.0,1.0,0.06146254064145865,0.00015049334089345628,0.12281400025927998,878.0415590008613,7e-05,1.3e-05,1.3e-09,0.06499999999999999,,,,,
8,128.0,0.035555555555555556,maxwell,10000.0,0.06268812425411245,2.8593772050419373e-05,2.0778612860087614e-15,53,144,8,0.12281400025927998,4.448495197483148e-05,1e-08,4.726526147325844e-06,si03,1.0,1.0,0.061462905445152406,1.5049423412901196e-05,0.12281400025927998,878.0415590008613,7e-05,1.3e-05,1.3e-09,0.06499999999999999,,,,,
8,128.0,0.035555555555555556,interface,1.0,0.06717291086833554,0.010981169556484828,2.0707620965793316e-15,53,144,8,0.13160026962569518,0.02151351078464423,1e-08,0.0,si03,1.0,1.0,0.008786269366415201,0.02151351078464423,0.12281400025927998,878.0415590008613,7e-05,1.3e-05,1.3e-09,0.06499999999999999,,,,,
8,128.0,0.035555555555555556,interface,2.5,0.0787006451842064,0.015682904123893466,2.2675665346517488e-15,53,144,8,0.1541845704365135,0.0307248080696487,1e-08,0.0,si03,1.0,1.0,0.031370570177233534,0.0307248080696487,0.12281400025927998,878.0415590008613,7e-05,1.3e-05,1.3e-09,0.06499999999999999,,,,,
8,128.0,0.035555555555555556,interface,10.0,0.09228621232207326,0.007247203207347547,2.0671783154924895e-15,53,144,8,0.18080042803020363,0.014198194787667163,1e-08,0.0,si03,1.0,1.0,0.05798642777092366,0.014198194787667163,0.12281400025927998,878.0415590008613,7e-05,1.3e-05,1.3e-09,0.06499999999999999,,,,,
8,128.0,0.035555555555555556,interface,100.0,0.09404191961121319,0.000767709473621029,2.126436049891415e-15,53,144,8,0.18424008238728273,0.0015040407085292876,1e-08,0.0,si03,1.0,1.0,0.06142608212800276,0.0015040407085292876,0.12281400025927998,878.0415590008613,7e-05,1.3e-05,1.3e-09,0.06499999999999999,,,,,
8,128.0,0.035555555555555556,interface,1000.0,0.09406052917888759,7.681651358623374e-05,2.2541552441313135e-15,53,144,8,0.18427654090073864,0.00015049334089345628,1e-08,0.0,si03,1.0,1.0,0.06146254064145865,0.00015049334089345628,0.12281400025927998,878.0415590008613,7e-05,1.3e-05,1.3e-09,0.06499999999999999,,,,,
8,128.0,0.035555555555555556,interface,10000.0,0.09406071538488708,7.681696952132953e-06,2.2135382176801573e-15,53,144,8,0.1842769057044324,1.5049423412901196e-05,1e-08,0.0,si03,1.0,1.0,0.061462905445152406,1.5049423412901196e-05,0.12281400025927998,878.0415590008613,7e-05,1.3e-05,1.3e-09,0.06499999999999999,,,,,
8,128.0,0.035555555555555556,all,1.0,0.06717291086851278,0.010981172415867354,1.978916672926368e-15,53,144,8,0.13160026962569518,0.02151351523313943,1e-08,4.726526147325844e-10,si03,1.0,1.0,0.008786269366415201,0.02151351078464423,0.12281400025927998,878.0415590008613,7e-05,1.3e-05,1.3e-09,0.06499999999999999,,,,,
8,128.0,0.035555555555555556,all,2.5,0.07870064518429717,0.015682911272365003,2.2683511095821866e-15,53,144,8,0.1541845704365135,0.030724819190886692,1e-08,1.1816315368314611e-09,si03,1.0,1.0,0.031370570177233534,0.0307248080696487,0.12281400025927998,878.0415590008613,7e-05,1.3e-05,1.3e-09,0.06499999999999999,,,,,
8,128.0,0.035555555555555556,all,10.0,0.09228621232208802,0.00724723180112508,2.18220639375043e-15,53,144,8,0.18080042803020363,0.014198239272619139,1e-08,4.7265261473258444e-09,si03,1.0,1.0,0.05798642777092366,0.014198194787667163,0.12281400025927998,878.0415590008613,7e-05,1.3e-05,1.3e-09,0.06499999999999999,,,,,
8,128.0,0.035555555555555556,all,100.0,0.09404191961159793,0.0007679954113484268,2.1268904258624905e-15,53,144,8,0.18424008238728273,0.0015044855580490359,1e-08,4.7265261473258444e-08,si03,1.0,1.0,0.06142608212800276,0.0015040407085292876,0.12281400025927998,878.0415590008613,7e-05,1.3e-05,1.3e-09,0.06499999999999999,,,,,
8,128.0,0.035555555555555556,all,1000.0,0.09406052918090176,7.967589086262347e-05,2.2410762205500136e-15,53,144,8,0.18427654090073864,0.00015494183609093942,1e-08,4.726526147325844e-07,si03,1.0,1.0,0.06146254064145865,0.00015049334089345628,0.12281400025927998,878.0415590008613,7e-05,1.3e-05,1.3e-09,0.06499999999999999,,,,,
8,128.0,0.035555555555555556,all,10000.0,0.09406071564831235,3.6275469635421956e-05,2.282652931973124e-15,53,144,8,0.1842769057044324,5.9534375387732674e-05,1e-08,4.726526147325844e-06,si03,1.0,1.0,0.061462905445152406,1.5049423412901196e-05,0.12281400025927998,878.0415590008613,7e-05,1.3e-05,1.3e-09,0.06499999999999999,,,,,
9,256.0,0.07111111111111111,maxwell,1.0,0.09770840926136583,2.863473560406434e-09,2.1413007865110183e-15,53,144,8,0.19110000041439998,4.448495197483147e-09,1e-08,4.726526147325844e-10,si03,1.0,1.0,0.00867018211903085,0.02122926679616498,0.19110000041439998,866.4405684754522,7e-05,1.3e-05,1.3e-09,0.06499999999999999,,,,,
9,256.0,0.07111111111111111,maxwell,2.5,0.09770840926154131,7.158683901025095e-09,2.0266825598175183e-15,53,144,8,0.19110000041439998,1.112123799370787e-08,1e-08,1.1816315368314611e-09,si03,1.0,1.0,0.030956091291044038,0.030318861217068505,0.19110000041439998,866.4405684754522,7e-05,1.3e-05,1.3e-09,0.06499999999999999,,,,,
9,256.0,0.07111111111111111,maxwell,10.0,0.09770840926172068,2.8634735604159375e-08,1.9584602605991235e-15,53,144,8,0.19110000041439998,4.448495197483148e-08,1e-08,4.7265261473258444e-09,si03,1.0,1.0,0.05722029091523965,0.014010603298948716,0.19110000041439998,866.4405684754522,7e-05,1.3e-05,1.3e-09,0.06499999999999999,,,,,
9,256.0,0.07111111111111111,maxwell,100.0,0.09770840926152925,2.863473560420015e-07,2.1351409074377917e-15,53,144,8,0.19110000041439998,4.4484951974831477e-07,1e-08,4.7265261473258444e-08,si03,1.0,1.0,0.06061449936238646,0.0014841687994714375,0.19110000041439998,866.4405684754522,7e-05,1.3e-05,1.3e-09,0.06499999999999999,,,,,
9,256.0,0.07111111111111111,maxwell,1000.0,0.0977084092639062,2.8634735603345513e-06,2.3510905362121033e-15,53,144,8,0.19110000041439998,4.448495197483147e-06,1e-08,4.726526147325844e-07,si03,1.0,1.0,0.060650476173279615,0.00014850497052084111,0.19110000041439998,866.4405684754522,7e-05,1.3e-05,1.3e-09,0.06499999999999999,,,,,
9,256.0,0.07111111111111111,maxwell,10000.0,0.09770840951595175,2.8634735531369183e-05,2.0757264862378026e-15,53,144,8,0.19110000041439998,4.448495197483148e-05,1e-08,4.726526147325844e-06,si03,1.0,1.0,0.06065083615706005,1.4850585195465789e-05,0.19110000041439998,866.4405684754522,7e-05,1.3e-05,1.3e-09,0.06499999999999999,,,,,
9,256.0,0.07111111111111111,interface,1.0,0.10214142649330932,0.010854409311436355,2.1942362470871613e-15,53,144,8,0.19977018253343082,0.02122926679616498,1e-08,0.0,si03,1.0,1.0,0.00867018211903085,0.02122926679616498,0.19110000041439998,866.4405684754522,7e-05,1.3e-05,1.3e-09,0.06499999999999999,,,,,
9,256.0,0.07111111111111111,interface,2.5,0.11353609133787158,0.015501869785040635,2.0286471526937317e-15,53,144,8,0.22205609170544402,0.030318861217068505,1e-08,0.0,si03,1.0,1.0,0.030956091291044038,0.030318861217068505,0.19110000041439998,866.4405684754522,7e-05,1.3e-05,1.3e-09,0.06499999999999999,,,,,
9,256.0,0.07111111111111111,interface,10.0,0.12696483457658803,0.007163545701620007,2.18293633745696e-15,53,144,8,0.24832029132963962,0.014010603298948716,1e-08,0.0,si03,1.0,1.0,0.05722029091523965,0.014010603298948716,0.19110000041439998,866.4405684754522,7e-05,1.3e-05,1.3e-09,0.06499999999999999,,,,,
9,256.0,0.07111111111111111,interface,100.0,0.1287002750007597,0.0007588474812285133,2.0843139775431694e-15,53,144,8,0.25171449977678645,0.0014841687994714375,1e-08,0.0,si03,1.0,1.0,0.06061449936238646,0.0014841687994714375,0.19110000041439998,866.4405684754522,7e-05,1.3e-05,1.3e-09,0.06499999999999999,,,,,
9,256.0,0.07111111111111111,interface,1000.0,0.12871866974969978,7.592978835744162e-05,2.0409254125429683e-15,53,144,8,0.2517504765876796,0.00014850497052084111,1e-08,0.0,si03,1.0,1.0,0.060650476173279615,0.00014850497052084111,0.19110000041439998,866.4405684754522,7e-05,1.3e-05,1.3e-09,0.06499999999999999,,,,,
9,256.0,0.07111111111111111,interface,10000.0,0.1287188538078765,7.593023902956916e-06,2.203663813225449e-15,53,144,8,0.25175083657146,1.4850585195465789e-05,1e-08,0.0,si03,1.0,1.0,0.06065083615706005,1.4850585195465789e-05,0.19110000041439998,866.4405684754522,7e-05,1.3e-05,1.3e-09,0.06499999999999999,,,,,
9,256.0,0.07111111111111111,all,1.0,0.10214142649327534,0.010854412174945548,2.2800041112816525e-15,53,144,8,0.19977018253343082,0.02122927124466018,1e-08,4.726526147325844e-10,si03,1.0,1.0,0.00867018211903085,0.02122926679616498,0.19110000041439998,866.4405684754522,7e-05,1.3e-05,1.3e-09,0.06499999999999999,,,,,
9,256.0,0.07111111111111111,all,2.5,0.11353609133762255,0.0155018769436838,2.0851039835156178e-15,53,144,8,0.22205609170544402,0.030318872338306498,1e-08,1.1816315368314611e-09,si03,1.0,1.0,0.030956091291044038,0.030318861217068505,0.19110000041439998,866.4405684754522,7e-05,1.3e-05,1.3e-09,0.06499999999999999,,,,,
9,256.0,0.07111111111111111,all,10.0,0.12696483457728877,0.007163574336405262,2.1645750772865586e-15,53,144,8,0.24832029132963962,0.014010647783900692,1e-08,4.7265261473258444e-09,si03,1.0,1.0,0.05722029091523965,0.014010603298948716,0.19110000041439998,866.4405684754522,7e-05,1.3e-05,1.3e-09,0.06499999999999999,,,,,
9,256.0,0.07111111111111111,all,100.0,0.1287002750008705,0.0007591338285875071,2.163113813897234e-15,53,144,8,0.25171449977678645,0.0014846136489911857,1e-08,4.7265261473258444e-08,si03,1.0,1.0,0.06061449936238646,0.0014841687994714375,0.19110000041439998,866.4405684754522,7e-05,1.3e-05,1.3e-09,0.06499999999999999,,,,,
9,256.0,0.07111111111111111,all,1000.0,0.1287186697509881,7.879326194222761e-05,1.9648046356933814e-15,53,144,8,0.2517504765876796,0.00015295346571832425,1e-08,4.726526147325844e-07,si03,1.0,1.0,0.060650476173279615,0.00014850497052084111,0.19110000041439998,866.4405684754522,7e-05,1.3e-05,1.3e-09,0.06499999999999999,,,,,
9,256.0,0.07111111111111111,all,10000.0,0.12871885399990485,3.62277597129986e-05,2.106107877753128e-15,53,144,8,0.25175083657146,5.933553717029727e-05,1e-08,4.726526147325844e-06,si03,1.0,1.0,0.06065083615706005,1.4850585195465789e-05,0.19110000041439998,866.4405684754522,7e-05,1.3e-05,1.3e-09,0.06499999999999999,,,,,
10,512.0,0.14222222222222222,maxwell,1.0,0.12538157717775025,2.8990941782714702e-09,1.986485549334714e-15,53,144,8,0.24106399994431998,4.448495197483147e-09,1e-08,4.726526147325844e-10,si03,1.0,1.0,0.008473022339250466,0.020746513664919478,0.24106399994431998,846.7377260981913,7e-05,1.3e-05,1.3e-09,0.06499999999999999,,,,,
10,512.0,0.14222222222222222,maxwell,2.5,0.12538157717844564,7.247735445710575e-09,2.0500040472508137e-15,53,144,8,0.24106399994431998,1.112123799370787e-08,1e-08,1.1816315368314611e-09,si03,1.0,1.0,0.030252150352086466,0.0296294108781156,0.24106399994431998,846.7377260981913,7e-05,1.3e-05,1.3e-09,0.06499999999999999,,,,,
10,512.0,0.14222222222222222,maxwell,10.0,0.1253815771776391,2.8990941782567757e-08,2.0479781595047233e-15,53,144,8,0.24106399994431998,4.448495197483148e-08,1e-08,4.7265261473258444e-09,si03,1.0,1.0,0.05591910256637493,0.013692002441078868,0.24106399994431998,846.7377260981913,7e-05,1.3e-05,1.3e-09,0.06499999999999999,,,,,
10,512.0,0.14222222222222222,maxwell,100.0,0.12538157717772994,2.8990941782648613e-07,2.0277405850732796e-15,53,144,8,0.24106399994431998,4.4484951974831477e-07,1e-08,4.7265261473258444e-08,si03,1.0,1.0,0.0592361267766994,0.0014504188286353678,0.24106399994431998,846.7377260981913,7e-05,1.3e-05,1.3e-09,0.06499999999999999,,,,,
10,512.0,0.14222222222222222,maxwell,1000.0,0.1253815771804302,2.899094178219945e-06,2.138220381648664e-15,53,144,8,0.24106399994431998,4.448495197483147e-06,1e-08,4.726526147325844e-07,si03,1.0,1.0,0.05927128547558342,0.00014512797025923019,0.24106399994431998,846.7377260981913,7e-05,1.3e-05,1.3e-09,0.06499999999999999,,,,,
10,512.0,0.14222222222222222,maxwell,10000.0,0.12538157738223105,2.8990941736157753e-05,1.9815487396451237e-15,53,144,8,0.24106399994431998,4.448495197483148e-05,1e-08,4.726526147325844e-06,si03,1.0,1.0,0.0592716372733394,1.451288316492584e-05,0.24106399994431998,846.7377260981913,7e-05,1.3e-05,1.3e-09,0.06499999999999999,,,,,
10,512.0,0.14222222222222222,interface,1.0,0.1297885429615325,0.010790621361683666,2.246244505388781e-15,53,144,8,0.24953702228357044,0.020746513664919478,1e-08,0.0,si03,1.0,1.0,0.008473022339250466,0.020746513664919478,0.24106399994431998,846.7377260981913,7e-05,1.3e-05,1.3e-09,0.06499999999999999,,,,,
10,512.0,0.14222222222222222,interface,2.5,0.14111624494489713,0.015410770171690411,2.334719453211866e-15,53,144,8,0.27131615029640643,0.0296294108781156,1e-08,0.0,si03,1.0,1.0,0.030252150352086466,0.0296294108781156,0.24106399994431998,846.7377260981913,7e-05,1.3e-05,1.3e-09,0.06499999999999999,,,,,
10,512.0,0.14222222222222222,interface,10.0,0.15446607168265633,0.007121447796496092,2.379075163561969e-15,53,144,8,0.29698310251069493,0.013692002441078868,1e-08,0.0,si03,1.0,1.0,0.05591910256637493,0.013692002441078868,0.24106399994431998,846.7377260981913,7e-05,1.3e-05,1.3e-09,0.06499999999999999,,,,,
10,512.0,0.14222222222222222,interface,100.0,0.1561913134690662,0.0007543879732437718,2.2820219532616795e-15,53,144,8,0.30030012672101936,0.0014504188286353678,1e-08,0.0,si03,1.0,1.0,0.0592361267766994,0.0014504188286353678,0.24106399994431998,846.7377260981913,7e-05,1.3e-05,1.3e-09,0.06499999999999999,,,,,
10,512.0,0.14222222222222222,interface,1000.0,0.15620960011784468,7.548357287123435e-05,2.32465348301521e-15,53,144,8,0.3003352854199034,0.00014512797025923019,1e-08,0.0,si03,1.0,1.0,0.05927128547558342,0.00014512797025923019,0.24106399994431998,846.7377260981913,7e-05,1.3e-05,1.3e-09,0.06499999999999999,,,,,
10,512.0,0.14222222222222222,interface,10000.0,0.1562097830926719,7.548402089498437e-06,2.1188276133144695e-15,53,144,8,0.3003356372176594,1.451288316492584e-05,1e-08,0.0,si03,1.0,1.0,0.0592716372733394,1.451288316492584e-05,0.24106399994431998,846.7377260981913,7e-05,1.3e-05,1.3e-09,0.06499999999999999,,,,,
10,512.0,0.14222222222222222,all,1.0,0.12978854296167047,0.010790624260689524,1.9304212744850384e-15,53,144,8,0.24953702228357044,0.020746518113414675,1e-08,4.726526147325844e-10,si03,1.0,1.0,0.008473022339250466,0.020746513664919478,0.24106399994431998,846.7377260981913,7e-05,1.3e-05,1.3e-09,0.06499999999999999,,,,,
10,512.0,0.14222222222222222,all,2.5,0.14111624494355493,0.015410777419360274,2.3953392072305552e-15,53,144,8,0.27131615029640643,0.029629421999353592,1e-08,1.1816315368314611e-09,si03,1.0,1.0,0.030252150352086466,0.0296294108781156,0.24106399994431998,846.7377260981913,7e-05,1.3e-05,1.3e-09,0.06499999999999999,,,,,
10,512.0,0.14222222222222222,all,10.0,0.154466071682032,0.007121476787432198,2.307615022542805e-15,53,144,8,0.29698310251069493,0.013692046926030843,1e-08,4.7265261473258444e-09,si03,1.0,1.0,0.05591910256637493,0.013692002441078868,0.24106399994431998,846.7377260981913,7e-05,1.3e-05,1.3e-09,0.06499999999999999,,,,,
10,512.0,0.14222222222222222,all,100.0,0.1561913134691498,0.000754677882664392,2.304120028282135e-15,53,144,8,0.30030012672101936,0.001450863678155116,1e-08,4.7265261473258444e-08,si03,1.0,1.0,0.0592361267766994,0.0014504188286353678,0.24106399994431998,846.7377260981913,7e-05,1.3e-05,1.3e-09,0.06499999999999999,,,,,
10,512.0,0.14222222222222222,all,1000.0,0.1562096001193814,7.838266706567868e-05,2.2152110208741283e-15,53,144,8,0.3003352854199034,0.00014957646545671333,1e-08,4.726526147325844e-07,si03,1.0,1.0,0.05927128547558342,0.00014512797025923019,0.24106399994431998,846.7377260981913,7e-05,1.3e-05,1.3e-09,0.06499999999999999,,,,,
10,512.0,0.14222222222222222,all,10000.0,0.1562097832568512,3.653934400480345e-05,2.3088923244022555e-15,53,144,8,0.3003356372176594,5.899783513975732e-05,1e-08,4.726526147325844e-06,si03,1.0,1.0,0.0592716372733394,1.451288316492584e-05,0.24106399994431998,846.7377260981913,7e-05,1.3e-05,1.3e-09,0.06499999999999999,,,,,
11,1024.0,0.28444444444444444,maxwell,1.0,0.14299530644619457,3.023806914397466e-09,1.9572179652281913e-15,53,144,8,0.25703182121031604,4.448495197483147e-09,1e-08,4.726526147325844e-10,si03,1.0,1.0,0.008310985012042978,0.02034975917891224,0.25703182121031604,830.5447889750214,7e-05,1.3e-05,1.3e-09,0.06499999999999999,,,,,
11,1024.0,0.28444444444444444,maxwell,2.5,0.14299530644587555,7.559517286029556e-09,2.181340068989017e-15,53,144,8,0.25703182121031604,1.112123799370787e-08,1e-08,1.1816315368314611e-09,si03,1.0,1.0,0.029673610913730074,0.029062780654189265,0.25703182121031604,830.5447889750214,7e-05,1.3e-05,1.3e-09,0.06499999999999999,,,,,
11,1024.0,0.28444444444444444,maxwell,10.0,0.14299530644624947,3.023806914418139e-08,1.9942361203193267e-15,53,144,8,0.25703182121031604,4.448495197483148e-08,1e-08,4.7265261473258444e-09,si03,1.0,1.0,0.05484971061189812,0.0134301578016055,0.25703182121031604,830.5447889750214,7e-05,1.3e-05,1.3e-09,0.06499999999999999,,,,,
11,1024.0,0.28444444444444444,maxwell,100.0,0.14299530644649378,3.0238069144131216e-07,1.9472618099223975e-15,53,144,8,0.25703182121031604,4.4484951974831477e-07,1e-08,4.7265261473258444e-08,si03,1.0,1.0,0.05810330034562105,0.0014226811476859417,0.25703182121031604,830.5447889750214,7e-05,1.3e-05,1.3e-09,0.06499999999999999,,,,,
11,1024.0,0.28444444444444444,maxwell,1000.0,0.14299530644819353,3.0238069143630083e-06,2.118869682728981e-15,53,144,8,0.25703182121031604,4.448495197483147e-06,1e-08,4.726526147325844e-07,si03,1.0,1.0,0.05813778667266806,0.0001423525558365729,0.25703182121031604,830.5447889750214,7e-05,1.3e-05,1.3e-09,0.06499999999999999,,,,,
11,1024.0,0.28444444444444444,maxwell,10000.0,0.14299530663019758,3.023806910486612e-05,1.9400987411209094e-15,53,144,8,0.25703182121031604,4.448495197483148e-05,1e-08,4.726526147325844e-06,si03,1.0,1.0,0.05813813174267498,1.4235340075345465e-05,0.25703182121031604,830.5447889750214,7e-05,1.3e-05,1.3e-09,0.06499999999999999,,,,,
11,1024.0,0.28444444444444444,interface,1.0,0.14761898201474108,0.011321243415833092,2.1889291842285153e-15,53,144,8,0.265342806222359,0.02034975917891224,1e-08,0.0,si03,1.0,1.0,0.008310985012042978,0.02034975917891224,0.25703182121031604,830.5447889750214,7e-05,1.3e-05,1.3e-09,0.06499999999999999,,,,,
11,1024.0,0.28444444444444444,interface,2.5,0.1595037166558186,0.016168585153080325,2.3436221395269967e-15,53,144,8,0.2867054321240461,0.029062780654189265,1e-08,0.0,si03,1.0,1.0,0.029673610913730074,0.029062780654189265,0.25703182121031604,830.5447889750214,7e-05,1.3e-05,1.3e-09,0.06499999999999999,,,,,
11,1024.0,0.28444444444444444,interface,10.0,0.1735100127714794,0.007471640536325508,2.4099333044878256e-15,53,144,8,0.3118815318222142,0.0134301578016055,1e-08,0.0,si03,1.0,1.0,0.05484971061189812,0.0134301578016055,0.25703182121031604,830.5447889750214,7e-05,1.3e-05,1.3e-09,0.06499999999999999,,,,,
11,1024.0,0.28444444444444444,interface,100.0,0.17532009224380316,0.0007914845298453299,2.5256183142524984e-15,53,144,8,0.3151351215559371,0.0014226811476859417,1e-08,0.0,si03,1.0,1.0,0.05810330034562105,0.0014226811476859417,0.25703182121031604,830.5447889750214,7e-05,1.3e-05,1.3e-09,0.06499999999999999,,,,,
11,1024.0,0.28444444444444444,interface,1000.0,0.17533927812636185,7.919543034097679e-05,2.3804087954665116e-15,53,144,8,0.3151696078829841,0.0001423525558365729,1e-08,0.0,si03,1.0,1.0,0.05813778667266806,0.0001423525558365729,0.25703182121031604,830.5447889750214,7e-05,1.3e-05,1.3e-09,0.06499999999999999,,,,,
11,1024.0,0.28444444444444444,interface,10000.0,0.17533947009977055,7.919590039542084e-06,2.2050602878608225e-15,53,144,8,0.315169952952991,1.4235340075345465e-05,1e-08,0.0,si03,1.0,1.0,0.05813813174267498,1.4235340075345465e-05,0.25703182121031604,830.5447889750214,7e-05,1.3e-05,1.3e-09,0.06499999999999999,,,,,
11,1024.0,0.28444444444444444,all,1.0,0.1476189820151027,0.011321246439702322,2.0925466552750934e-15,53,144,8,0.265342806222359,0.02034976362740744,1e-08,4.726526147325844e-10,si03,1.0,1.0,0.008310985012042978,0.02034975917891224,0.25703182121031604,830.5447889750214,7e-05,1.3e-05,1.3e-09,0.06499999999999999,,,,,
11,1024.0,0.28444444444444444,all,2.5,0.15950371665495316,0.01616859271249692,2.4879743110473285e-15,53,144,8,0.2867054321240461,0.029062791775427258,1e-08,1.1816315368314611e-09,si03,1.0,1.0,0.029673610913730074,0.029062780654189265,0.25703182121031604,830.5447889750214,7e-05,1.3e-05,1.3e-09,0.06499999999999999,,,,,
11,1024.0,0.28444444444444444,all,10.0,0.17351001277168013,0.007471670774376872,2.3810437242797884e-15,53,144,8,0.3118815318222142,0.013430202286557476,1e-08,4.7265261473258444e-09,si03,1.0,1.0,0.05484971061189812,0.0134301578016055,0.25703182121031604,830.5447889750214,7e-05,1.3e-05,1.3e-09,0.06499999999999999,,,,,
11,1024.0,0.28444444444444444,all,100.0,0.17532009224335168,0.0007917869105325381,2.2757314868569168e-15,53,144,8,0.3151351215559371,0.00142312599720569,1e-08,4.7265261473258444e-08,si03,1.0,1.0,0.05810330034562105,0.0014226811476859417,0.25703182121031604,830.5447889750214,7e-05,1.3e-05,1.3e-09,0.06499999999999999,,,,,
11,1024.0,0.28444444444444444,all,1000.0,0.17533927812658362,8.221923726839758e-05,2.791053905825913e-15,53,144,8,0.3151696078829841,0.00014680105103405603,1e-08,4.726526147325844e-07,si03,1.0,1.0,0.05813778667266806,0.0001423525558365729,0.25703182121031604,830.5447889750214,7e-05,1.3e-05,1.3e-09,0.06499999999999999,,,,,
11,1024.0,0.28444444444444444,all,10000.0,0.17533947024990287,3.815765929434476e-05,2.3308277620852186e-15,53,144,8,0.315169952952991,5.872029205017694e-05,1e-08,4.726526147325844e-06,si03,1.0,1.0,0.05813813174267498,1.4235340075345465e-05,0.25703182121031604,830.5447889750214,7e-05,1.3e-05,1.3e-09,0.06499999999999999,,,,,
12,1924.0,0.5344444444444445,maxwell,1.0,0.16435574035921113,3.202909245556444e-09,2.046919912195465e-15,53,144,8,0.26779465525676804,4.448495197483147e-09,1e-08,4.726526147325844e-10,si03,1.0,1.0,0.008462194712000232,0.020720001812629767,0.26779465525676804,845.655684754522,7e-05,1.3e-05,1.3e-09,0.06499999999999999,,,,,
12,1924.0,0.5344444444444445,maxwell,2.5,0.1643557403597237,8.00727311394522e-09,2.084625338204656e-15,53,144,8,0.26779465525676804,1.112123799370787e-08,1e-08,1.1816315368314611e-09,si03,1.0,1.0,0.030213491300520763,0.02959154762179605,0.26779465525676804,845.655684754522,7e-05,1.3e-05,1.3e-09,0.06499999999999999,,,,,
12,1924.0,0.5344444444444445,maxwell,10.0,0.1643557403591037,3.202909245556004e-08,2.101978064024355e-15,53,144,8,0.26779465525676804,4.448495197483148e-08,1e-08,4.7265261473258444e-09,si03,1.0,1.0,0.05584764386197007,0.01367450550872044,0.26779465525676804,845.655684754522,7e-05,1.3e-05,1.3e-09,0.06499999999999999,,,,,
12,1924.0,0.5344444444444445,maxwell,100.0,0.164355740358808,3.2029092455586387e-07,2.2521883249582763e-15,53,144,8,0.26779465525676804,4.4484951974831477e-07,1e-08,4.7265261473258444e-08,si03,1.0,1.0,0.05916042926584609,0.001448565346630436,0.26779465525676804,845.655684754522,7e-05,1.3e-05,1.3e-09,0.06499999999999999,,,,,
12,1924.0,0.5344444444444445,maxwell,1000.0,0.16435574036126865,3.202909245554327e-06,2.2858640185172536e-15,53,144,8,0.26779465525676804,4.448495197483147e-06,1e-08,4.726526147325844e-07,si03,1.0,1.0,0.059195543035627976,0.00014494251204814174,0.26779465525676804,845.655684754522,7e-05,1.3e-05,1.3e-09,0.06499999999999999,,,,,
12,1924.0,0.5344444444444445,maxwell,10000.0,0.16435574050697427,3.202909242556999e-05,2.0122808419713558e-15,53,144,8,0.26779465525676804,4.448495197483148e-05,1e-08,4.726526147325844e-06,si03,1.0,1.0,0.0591958943838236,1.449433723374045e-05,0.26779465525676804,845.655684754522,7e-05,1.3e-05,1.3e-09,0.06499999999999999,,,,,
12,1924.0,0.5344444444444445,interface,1.0,0.16954931000305853,0.012716650478610259,2.1254098089483096e-15,53,144,8,0.27625684996876826,0.020720001812629767,1e-08,0.0,si03,1.0,1.0,0.008462194712000232,0.020720001812629767,0.26779465525676804,845.655684754522,7e-05,1.3e-05,1.3e-09,0.06499999999999999,,,,,
12,1924.0,0.5344444444444445,interface,2.5,0.1828989051758645,0.018161454406728457,2.3196614719081757e-15,53,144,8,0.2980081465572888,0.02959154762179605,1e-08,0.0,si03,1.0,1.0,0.030213491300520763,0.02959154762179605,0.26779465525676804,845.655684754522,7e-05,1.3e-05,1.3e-09,0.06499999999999999,,,,,
12,1924.0,0.5344444444444445,interface,10.0,0.1986315562337982,0.008392562346013663,2.51563760820107e-15,53,144,8,0.3236422991187381,0.01367450550872044,1e-08,0.0,si03,1.0,1.0,0.05584764386197007,0.01367450550872044,0.26779465525676804,845.655684754522,7e-05,1.3e-05,1.3e-09,0.06499999999999999,,,,,
12,1924.0,0.5344444444444445,interface,100.0,0.20066473820242095,0.0008890394593131143,2.505282537683777e-15,53,144,8,0.3269550845226141,0.001448565346630436,1e-08,0.0,si03,1.0,1.0,0.05916042926584609,0.001448565346630436,0.26779465525676804,845.655684754522,7e-05,1.3e-05,1.3e-09,0.06499999999999999,,,,,
12,1924.0,0.5344444444444445,interface,1000.0,0.20068628885491524,8.895671351153011e-05,2.3121365993907106e-15,53,144,8,0.326990198292396,0.00014494251204814174,1e-08,0.0,si03,1.0,1.0,0.059195543035627976,0.00014494251204814174,0.26779465525676804,845.655684754522,7e-05,1.3e-05,1.3e-09,0.06499999999999999,,,,,
12,1924.0,0.5344444444444445,interface,10000.0,0.20068650448953793,8.895724150361292e-06,2.214012456413096e-15,53,144,8,0.32699054964059165,1.449433723374045e-05,1e-08,0.0,si03,1.0,1.0,0.0591958943838236,1.449433723374045e-05,0.26779465525676804,845.655684754522,7e-05,1.3e-05,1.3e-09,0.06499999999999999,,,,,
12,1924.0,0.5344444444444445,all,1.0,0.1695493100031028,0.012716653681486426,2.247321579220488e-15,53,144,8,0.27625684996876826,0.020720006261124965,1e-08,4.726526147325844e-10,si03,1.0,1.0,0.008462194712000232,0.020720001812629767,0.26779465525676804,845.655684754522,7e-05,1.3e-05,1.3e-09,0.06499999999999999,,,,,
12,1924.0,0.5344444444444445,all,2.5,0.1828989051757108,0.0181614624140559,2.2223727790390997e-15,53,144,8,0.2980081465572888,0.029591558743034044,1e-08,1.1816315368314611e-09,si03,1.0,1.0,0.030213491300520763,0.02959154762179605,0.26779465525676804,845.655684754522,7e-05,1.3e-05,1.3e-09,0.06499999999999999,,,,,
12,1924.0,0.5344444444444445,all,10.0,0.19863155623394912,0.008392594375123727,2.4239388032175896e-15,53,144,8,0.3236422991187381,0.013674549993672416,1e-08,4.7265261473258444e-09,si03,1.0,1.0,0.05584764386197007,0.01367450550872044,0.26779465525676804,845.655684754522,7e-05,1.3e-05,1.3e-09,0.06499999999999999,,,,,
12,1924.0,0.5344444444444445,all,100.0,0.20066473820370767,0.0008893597502415112,2.381302591820467e-15,53,144,8,0.3269550845226141,0.0014490101961501841,1e-08,4.7265261473258444e-08,si03,1.0,1.0,0.05916042926584609,0.001448565346630436,0.26779465525676804,845.655684754522,7e-05,1.3e-05,1.3e-09,0.06499999999999999,,,,,
12,1924.0,0.5344444444444445,all,1000.0,0.2006862888560886,9.215962276817562e-05,2.452438590806785e-15,53,144,8,0.326990198292396,0.00014939100724562488,1e-08,4.726526147325844e-07,si03,1.0,1.0,0.059195543035627976,0.00014494251204814174,0.26779465525676804,845.655684754522,7e-05,1.3e-05,1.3e-09,0.06499999999999999,,,,,
12,1924.0,0.5344444444444445,all,10000.0,0.20068650461107337,4.092481669385032e-05,2.4485700344614603e-15,53,144,8,0.32699054964059165,5.897928920857193e-05,1e-08,4.726526147325844e-06,si03,1.0,1.0,0.0591958943838236,1.449433723374045e-05,0.26779465525676804,845.655684754522,7e-05,1.3e-05,1.3e-09,0.06499999999999999,,,,,
13,2824.0,0.7844444444444445,maxwell,1.0,0.1814576706982614,3.3265772614838873e-09,2.114356630002032e-15,53,144,8,0.27855748930322,4.448495197483147e-09,1e-08,4.726526147325844e-10,si03,1.0,1.0,0.008160152393631756,0.01998043984353317,0.27855748930322,815.4715762273902,7e-05,1.3e-05,1.3e-09,0.06499999999999999,,,,,
13,2824.0,0.7844444444444445,maxwell,2.5,0.18145767069812543,8.316443153755244e-09,2.1616045330570054e-15,53,144,8,0.27855748930322,1.112123799370787e-08,1e-08,1.1816315368314611e-09,si03,1.0,1.0,0.02913507686206855,0.028535332307449344,0.27855748930322,815.4715762273902,7e-05,1.3e-05,1.3e-09,0.06499999999999999,,,,,
13,2824.0,0.7844444444444445,maxwell,10.0,0.18145767069855973,3.326577261508974e-08,2.2659121788699893e-15,53,144,8,0.27855748930322,4.448495197483148e-08,1e-08,4.7265261473258444e-09,si03,1.0,1.0,0.05385426597342239,0.013186419440393598,0.27855748930322,815.4715762273902,7e-05,1.3e-05,1.3e-09,0.06499999999999999,,,,,
13,2824.0,0.7844444444444445,maxwell,100.0,0.18145767069878485,3.3265772615043927e-07,2.459061051755501e-15,53,144,8,0.27855748930322,4.4484951974831477e-07,1e-08,4.7265261473258444e-08,si03,1.0,1.0,0.057048807657117284,0.0013968614978659977,0.27855748930322,815.4715762273902,7e-05,1.3e-05,1.3e-09,0.06499999999999999,,,,,
13,2824.0,0.7844444444444445,maxwell,1000.0,0.18145767069966734,3.326577261461085e-06,2.290298535834221e-15,53,144,8,0.27855748930322,4.448495197483147e-06,1e-08,4.726526147325844e-07,si03,1.0,1.0,0.05708266810612453,0.00013976905836867386,0.27855748930322,815.4715762273902,7e-05,1.3e-05,1.3e-09,0.06499999999999999,,,,,
13,2824.0,0.7844444444444445,maxwell,10000.0,0.181457670835202,3.326577258799435e-05,2.369906994968454e-15,53,144,8,0.27855748930322,4.448495197483148e-05,1e-08,4.726526147325844e-06,si03,1.0,1.0,0.05708300691359908,1.397698879515097e-05,0.27855748930322,815.4715762273902,7e-05,1.3e-05,1.3e-09,0.06499999999999999,,,,,
13,2824.0,0.7844444444444445,interface,1.0,0.18677334961108796,0.013015639613117056,2.570854826647117e-15,53,144,8,0.28671764169685177,0.01998043984353317,1e-08,0.0,si03,1.0,1.0,0.008160152393631756,0.01998043984353317,0.27855748930322,815.4715762273902,7e-05,1.3e-05,1.3e-09,0.06499999999999999,,,,,
13,2824.0,0.7844444444444445,interface,2.5,0.20043681547905742,0.01858845973681416,2.4921730328998975e-15,53,144,8,0.30769256616528856,0.028535332307449344,1e-08,0.0,si03,1.0,1.0,0.02913507686206855,0.028535332307449344,0.27855748930322,815.4715762273902,7e-05,1.3e-05,1.3e-09,0.06499999999999999,,,,,
13,2824.0,0.7844444444444445,interface,10.0,0.21653936674955537,0.008589885136029794,2.3877021269770212e-15,53,144,8,0.3324117552766424,0.013186419440393598,1e-08,0.0,si03,1.0,1.0,0.05385426597342239,0.013186419440393598,0.27855748930322,815.4715762273902,7e-05,1.3e-05,1.3e-09,0.06499999999999999,,,,,
13,2824.0,0.7844444444444445,interface,100.0,0.21862035213359002,0.0009099422228970084,2.4556209936384565e-15,53,144,8,0.3356062969603373,0.0013968614978659977,1e-08,0.0,si03,1.0,1.0,0.057048807657117284,0.0013968614978659977,0.27855748930322,815.4715762273902,7e-05,1.3e-05,1.3e-09,0.06499999999999999,,,,,
13,2824.0,0.7844444444444445,interface,1000.0,0.2186424094755024,9.104823052132538e-05,2.2119667956507772e-15,53,144,8,0.3356401574093445,0.00013976905836867386,1e-08,0.0,si03,1.0,1.0,0.05708266810612453,0.00013976905836867386,0.27855748930322,815.4715762273902,7e-05,1.3e-05,1.3e-09,0.06499999999999999,,,,,
13,2824.0,0.7844444444444445,interface,10000.0,0.21864263018125293,9.104877092743657e-06,2.1931876389111764e-15,53,144,8,0.3356404962168191,1.397698879515097e-05,1e-08,0.0,si03,1.0,1.0,0.05708300691359908,1.397698879515097e-05,0.27855748930322,815.4715762273902,7e-05,1.3e-05,1.3e-09,0.06499999999999999,,,,,
13,2824.0,0.7844444444444445,all,1.0,0.18677334961119077,0.013015642939624485,2.4864326882894947e-15,53,144,8,0.28671764169685177,0.019980444292028367,1e-08,4.726526147325844e-10,si03,1.0,1.0,0.008160152393631756,0.01998043984353317,0.27855748930322,815.4715762273902,7e-05,1.3e-05,1.3e-09,0.06499999999999999,,,,,
13,2824.0,0.7844444444444445,all,2.5,0.20043681547856718,0.018588468053126393,2.2741144600792535e-15,53,144,8,0.30769256616528856,0.028535343428687337,1e-08,1.1816315368314611e-09,si03,1.0,1.0,0.02913507686206855,0.028535332307449344,0.27855748930322,815.4715762273902,7e-05,1.3e-05,1.3e-09,0.06499999999999999,,,,,
13,2824.0,0.7844444444444445,all,10.0,0.21653936674817403,0.00858991840179877,2.345232819855248e-15,53,144,8,0.3324117552766424,0.013186463925345573,1e-08,4.7265261473258444e-09,si03,1.0,1.0,0.05385426597342239,0.013186419440393598,0.27855748930322,815.4715762273902,7e-05,1.3e-05,1.3e-09,0.06499999999999999,,,,,
13,2824.0,0.7844444444444445,all,100.0,0.2186203521332767,0.0009102748806204421,2.3867626566968628e-15,53,144,8,0.3356062969603373,0.0013973063473857459,1e-08,4.7265261473258444e-08,si03,1.0,1.0,0.057048807657117284,0.0013968614978659977,0.27855748930322,815.4715762273902,7e-05,1.3e-05,1.3e-09,0.06499999999999999,,,,,
13,2824.0,0.7844444444444445,all,1000.0,0.21864240947743452,9.43748077923174e-05,2.6005742835597648e-15,53,144,8,0.3356401574093445,0.000144217553566157,1e-08,4.726526147325844e-07,si03,1.0,1.0,0.05708266810612453,0.00013976905836867386,0.27855748930322,815.4715762273902,7e-05,1.3e-05,1.3e-09,0.06499999999999999,,,,,
13,2824.0,0.7844444444444445,all,10000.0,0.2186426302939591,4.237064978163135e-05,2.7332048294749545e-15,53,144,8,0.3356404962168191,5.846194076998245e-05,1e-08,4.726526147325844e-06,si03,1.0,1.0,0.05708300691359908,1.397698879515097e-05,0.27855748930322,815.4715762273902,7e-05,1.3e-05,1.3e-09,0.06499999999999999,,,,,
14,3724.0,1.0344444444444445,maxwell,1.0,0.20270196133996335,3.4633313698287504e-09,2.0429518096669913e-15,53,144,8,0.289320323349672,4.448495197483147e-09,1e-08,4.726526147325844e-10,si03,1.0,1.0,0.007534466371186629,0.01844842410052319,0.289320323349672,752.9446597760551,7e-05,1.3e-05,1.3e-09,0.06499999999999999,,,,,
14,3724.0,1.0344444444444445,maxwell,2.5,0.2027019613403732,8.658328424590509e-09,2.245290035481019e-15,53,144,8,0.289320323349672,1.112123799370787e-08,1e-08,1.1816315368314611e-09,si03,1.0,1.0,0.026901122215622592,0.02634736354052638,0.289320323349672,752.9446597760551,7e-05,1.3e-05,1.3e-09,0.06499999999999999,,,,,
14,3724.0,1.0344444444444445,maxwell,10.0,0.202701961339338,3.4633313698351395e-08,2.444799434343819e-15,53,144,8,0.289320323349672,4.448495197483148e-08,1e-08,4.7265261473258444e-09,si03,1.0,1.0,0.04972494830345961,0.012175340488437776,0.289320323349672,752.9446597760551,7e-05,1.3e-05,1.3e-09,0.06499999999999999,,,,,
14,3724.0,1.0344444444444445,maxwell,100.0,0.20270196133998133,3.463331369840537e-07,2.243160014075703e-15,53,144,8,0.289320323349672,4.4484951974831477e-07,1e-08,4.7265261473258444e-08,si03,1.0,1.0,0.05267454602248467,0.0012897560576307647,0.289320323349672,752.9446597760551,7e-05,1.3e-05,1.3e-09,0.06499999999999999,,,,,
14,3724.0,1.0344444444444445,maxwell,1000.0,0.202701961340545,3.4633313698066038e-06,2.2213418848650417e-15,53,144,8,0.289320323349672,4.448495197483147e-06,1e-08,4.726526147325844e-07,si03,1.0,1.0,0.05270581019526623,0.00012905215726522824,0.289320323349672,752.9446597760551,7e-05,1.3e-05,1.3e-09,0.06499999999999999,,,,,
14,3724.0,1.0344444444444445,maxwell,10000.0,0.20270196142954475,3.463331368193219e-05,2.2542659770686684e-15,53,144,8,0.289320323349672,4.448495197483148e-05,1e-08,4.726526147325844e-06,si03,1.0,1.0,0.05270612302441453,1.2905292323915585e-05,0.289320323349672,752.9446597760551,7e-05,1.3e-05,1.3e-09,0.06499999999999999,,,,,
14,3724.0,1.0344444444444445,interface,1.0,0.20798071617496308,0.012925229621594772,2.286488383585247e-15,53,144,8,0.29685478972085866,0.01844842410052319,1e-08,0.0,si03,1.0,1.0,0.007534466371186629,0.01844842410052319,0.289320323349672,752.9446597760551,7e-05,1.3e-05,1.3e-09,0.06499999999999999,,,,,
14,3724.0,1.0344444444444445,interface,2.5,0.22154927208127803,0.0184593394986057,2.4007857736333554e-15,53,144,8,0.3162214455652946,0.02634736354052638,1e-08,0.0,si03,1.0,1.0,0.026901122215622592,0.02634736354052638,0.289320323349672,752.9446597760551,7e-05,1.3e-05,1.3e-09,0.06499999999999999,,,,,
14,3724.0,1.0344444444444445,interface,10.0,0.23753997087605622,0.008530217577247144,2.389590290771266e-15,53,144,8,0.3390452716531316,0.012175340488437776,1e-08,0.0,si03,1.0,1.0,0.04972494830345961,0.012175340488437776,0.289320323349672,752.9446597760551,7e-05,1.3e-05,1.3e-09,0.06499999999999999,,,,,
14,3724.0,1.0344444444444445,interface,100.0,0.23960650119736787,0.0009036215294040501,2.350950881283158e-15,53,144,8,0.3419948693721567,0.0012897560576307647,1e-08,0.0,si03,1.0,1.0,0.05267454602248467,0.0012897560576307647,0.289320323349672,752.9446597760551,7e-05,1.3e-05,1.3e-09,0.06499999999999999,,,,,
14,3724.0,1.0344444444444445,interface,1000.0,0.23962840532521898,9.041578601682703e-05,2.252703690024301e-15,53,144,8,0.3420261335449382,0.00012905215726522824,1e-08,0.0,si03,1.0,1.0,0.05270581019526623,0.00012905215726522824,0.289320323349672,752.9446597760551,7e-05,1.3e-05,1.3e-09,0.06499999999999999,,,,,
14,3724.0,1.0344444444444445,interface,10000.0,0.23962862449838593,9.041632266942578e-06,2.184645272797758e-15,53,144,8,0.3420264463740865,1.2905292323915585e-05,1e-08,0.0,si03,1.0,1.0,0.05270612302441453,1.2905292323915585e-05,0.289320323349672,752.9446597760551,7e-05,1.3e-05,1.3e-09,0.06499999999999999,,,,,
14,3724.0,1.0344444444444445,all,1.0,0.20798071617501354,0.012925233084921418,2.2668732866094773e-15,53,144,8,0.29685478972085866,0.018448428549018386,1e-08,4.726526147325844e-10,si03,1.0,1.0,0.007534466371186629,0.01844842410052319,0.289320323349672,752.9446597760551,7e-05,1.3e-05,1.3e-09,0.06499999999999999,,,,,
14,3724.0,1.0344444444444445,all,2.5,0.22154927208190894,0.018459348156881064,2.391227948435375e-15,53,144,8,0.3162214455652946,0.026347374661764372,1e-08,1.1816315368314611e-09,si03,1.0,1.0,0.026901122215622592,0.02634736354052638,0.289320323349672,752.9446597760551,7e-05,1.3e-05,1.3e-09,0.06499999999999999,,,,,
14,3724.0,1.0344444444444445,all,10.0,0.2375399708759715,0.008530252210541807,2.3393996924718654e-15,53,144,8,0.3390452716531316,0.012175384973389752,1e-08,4.7265261473258444e-09,si03,1.0,1.0,0.04972494830345961,0.012175340488437776,0.289320323349672,752.9446597760551,7e-05,1.3e-05,1.3e-09,0.06499999999999999,,,,,
14,3724.0,1.0344444444444445,all,100.0,0.23960650119764046,0.0009039678625416364,2.266995761761536e-15,53,144,8,0.3419948693721567,0.001290200907150513,1e-08,4.7265261473258444e-08,si03,1.0,1.0,0.05267454602248467,0.0012897560576307647,0.289320323349672,752.9446597760551,7e-05,1.3e-05,1.3e-09,0.06499999999999999,,,,,
14,3724.0,1.0344444444444445,all,1000.0,0.23962840532683327,9.387911739279712e-05,2.535320755617346e-15,53,144,8,0.3420261335449382,0.00013350065246271137,1e-08,4.726526147325844e-07,si03,1.0,1.0,0.05270581019526623,0.00012905215726522824,0.289320323349672,752.9446597760551,7e-05,1.3e-05,1.3e-09,0.06499999999999999,,,,,
14,3724.0,1.0344444444444445,all,10000.0,0.23962862457338416,4.367494600896964e-05,2.339149222874434e-15,53,144,8,0.3420264463740865,5.739024429874706e-05,1e-08,4.726526147325844e-06,si03,1.0,1.0,0.05270612302441453,1.2905292323915585e-05,0.289320323349672,752.9446597760551,7e-05,1.3e-05,1.3e-09,0.06499999999999999,,,,,
15,4624.0,1.2844444444444445,maxwell,1.0,0.2220297530309678,3.5968707579391187e-09,2.152367096908836e-15,53,144,8,0.300083157396124,4.448495197483147e-09,1e-08,4.726526147325844e-10,si03,1.0,1.0,0.0072435210240298364,0.01773603348252948,0.300083157396124,723.8695090439276,7e-05,1.3e-05,1.3e-09,0.06499999999999999,,,,,
15,4624.0,1.2844444444444445,maxwell,2.5,0.2220297530307886,8.992176894889351e-09,2.188166404010912e-15,53,144,8,0.300083157396124,1.112123799370787e-08,1e-08,1.1816315368314611e-09,si03,1.0,1.0,0.025862328496685474,0.02532995335454696,0.300083157396124,723.8695090439276,7e-05,1.3e-05,1.3e-09,0.06499999999999999,,,,,
15,4624.0,1.2844444444444445,maxwell,10.0,0.22202975303076067,3.5968707579576615e-08,2.1500555651301826e-15,53,144,8,0.300083157396124,4.448495197483148e-08,1e-08,4.7265261473258444e-09,si03,1.0,1.0,0.04780480669902836,0.01170518659954295,0.300083157396124,723.8695090439276,7e-05,1.3e-05,1.3e-09,0.06499999999999999,,,,,
15,4624.0,1.2844444444444445,maxwell,100.0,0.2220297530310243,3.596870757954437e-07,2.2772661088970773e-15,53,144,8,0.300083157396124,4.4484951974831477e-07,1e-08,4.7265261473258444e-08,si03,1.0,1.0,0.05064050494726721,0.0012399517973887934,0.300083157396124,723.8695090439276,7e-05,1.3e-05,1.3e-09,0.06499999999999999,,,,,
15,4624.0,1.2844444444444445,maxwell,1000.0,0.22202975303135958,3.596870757921031e-06,2.3569456446688324e-15,53,144,8,0.300083157396124,4.448495197483147e-06,1e-08,4.726526147325844e-07,si03,1.0,1.0,0.050670561846015635,0.00012406877518518435,0.300083157396124,723.8695090439276,7e-05,1.3e-05,1.3e-09,0.06499999999999999,,,,,
15,4624.0,1.2844444444444445,maxwell,10000.0,0.22202975311251155,3.596870756460311e-05,2.3871393542365086e-15,53,144,8,0.300083157396124,4.448495197483148e-05,1e-08,4.726526147325844e-06,si03,1.0,1.0,0.05067086259518631,1.2406951158083273e-05,0.300083157396124,723.8695090439276,7e-05,1.3e-05,1.3e-09,0.06499999999999999,,,,,
15,4624.0,1.2844444444444445,interface,1.0,0.22738919123205534,0.013122785875255194,2.465132510767554e-15,53,144,8,0.3073266784201538,0.01773603348252948,1e-08,0.0,si03,1.0,1.0,0.0072435210240298364,0.01773603348252948,0.300083157396124,723.8695090439276,7e-05,1.3e-05,1.3e-09,0.06499999999999999,,,,,
15,4624.0,1.2844444444444445,interface,2.5,0.24116513634266135,0.018741482103542855,2.585694373566382e-15,53,144,8,0.3259454858928095,0.02532995335454696,1e-08,0.0,si03,1.0,1.0,0.025862328496685474,0.02532995335454696,0.300083157396124,723.8695090439276,7e-05,1.3e-05,1.3e-09,0.06499999999999999,,,,,
15,4624.0,1.2844444444444445,interface,10.0,0.2574002456921087,0.008660598071519489,2.2949838479894434e-15,53,144,8,0.3478879640951524,0.01170518659954295,1e-08,0.0,si03,1.0,1.0,0.04780480669902836,0.01170518659954295,0.300083157396124,723.8695090439276,7e-05,1.3e-05,1.3e-09,0.06499999999999999,,,,,
15,4624.0,1.2844444444444445,interface,100.0,0.2594983619897987,0.0009174329733115955,2.5254665982305564e-15,53,144,8,0.35072366234339125,0.0012399517973887934,1e-08,0.0,si03,1.0,1.0,0.05064050494726721,0.0012399517973887934,0.300083157396124,723.8695090439276,7e-05,1.3e-05,1.3e-09,0.06499999999999999,,,,,
15,4624.0,1.2844444444444445,interface,1000.0,0.25952060091109264,9.17977501657748e-05,2.106679326270796e-15,53,144,8,0.35075371924213966,0.00012406877518518435,1e-08,0.0,si03,1.0,1.0,0.050670561846015635,0.00012406877518518435,0.300083157396124,723.8695090439276,7e-05,1.3e-05,1.3e-09,0.06499999999999999,,,,,
15,4624.0,1.2844444444444445,interface,10000.0,0.25952082343287286,9.179829501997934e-06,2.0926674693698538e-15,53,144,8,0.35075401999131034,1.2406951158083273e-05,1e-08,0.0,si03,1.0,1.0,0.05067086259518631,1.2406951158083273e-05,0.300083157396124,723.8695090439276,7e-05,1.3e-05,1.3e-09,0.06499999999999999,,,,,
15,4624.0,1.2844444444444445,all,1.0,0.22738919123133838,0.013122789472046802,2.6529343897795022e-15,53,144,8,0.3073266784201538,0.017736037931024677,1e-08,4.726526147325844e-10,si03,1.0,1.0,0.0072435210240298364,0.01773603348252948,0.300083157396124,723.8695090439276,7e-05,1.3e-05,1.3e-09,0.06499999999999999,,,,,
15,4624.0,1.2844444444444445,all,2.5,0.2411651363420138,0.018741491095700596,2.3307048659453675e-15,53,144,8,0.3259454858928095,0.025329964475784953,1e-08,1.1816315368314611e-09,si03,1.0,1.0,0.025862328496685474,0.02532995335454696,0.300083157396124,723.8695090439276,7e-05,1.3e-05,1.3e-09,0.06499999999999999,,,,,
15,4624.0,1.2844444444444445,all,10.0,0.25740024569198783,0.008660634040251167,2.3413071788514504e-15,53,144,8,0.3478879640951524,0.011705231084494925,1e-08,4.7265261473258444e-09,si03,1.0,1.0,0.04780480669902836,0.01170518659954295,0.300083157396124,723.8695090439276,7e-05,1.3e-05,1.3e-09,0.06499999999999999,,,,,
15,4624.0,1.2844444444444445,all,100.0,0.2594983619907232,0.0009177926603915758,2.3125927260298507e-15,53,144,8,0.35072366234339125,0.0012403966469085417,1e-08,4.7265261473258444e-08,si03,1.0,1.0,0.05064050494726721,0.0012399517973887934,0.300083157396124,723.8695090439276,7e-05,1.3e-05,1.3e-09,0.06499999999999999,,,,,
15,4624.0,1.2844444444444445,all,1000.0,0.25952060091165463,9.539462092825879e-05,2.268686581435577e-15,53,144,8,0.35075371924213966,0.00012851727038266748,1e-08,4.726526147325844e-07,si03,1.0,1.0,0.050670561846015635,0.00012406877518518435,0.300083157396124,723.8695090439276,7e-05,1.3e-05,1.3e-09,0.06499999999999999,,,,,
15,4624.0,1.2844444444444445,all,10000.0,0.25952082350213757,4.51485371179391e-05,2.5175130451486135e-15,53,144,8,0.35075401999131034,5.6891903132914755e-05,1e-08,4.726526147325844e-06,si03,1.0,1.0,0.05067086259518631,1.2406951158083273e-05,0.300083157396124,723.8695090439276,7e-05,1.3e-05,1.3e-09,0.06499999999999999,,,,,
16,5524.0,1.5344444444444445,maxwell,1.0,0.24027042559670156,3.697937432030753e-09,2.3074043360098386e-15,53,144,8,0.310845991442576,4.448495197483147e-09,1e-08,4.726526147325844e-10,si03,1.0,1.0,0.00650104745990059,0.015918059054125994,0.310845991442576,649.6716192937123,7e-05,1.3e-05,1.3e-09,0.06499999999999999,,,,,
16,5524.0,1.5344444444444445,maxwell,2.5,0.24027042559669326,9.244843580128204e-09,2.437419104833522e-15,53,144,8,0.310845991442576,1.112123799370787e-08,1e-08,1.1816315368314611e-09,si03,1.0,1.0,0.02321139462738159,0.022733588867719652,0.310845991442576,649.6716192937123,7e-05,1.3e-05,1.3e-09,0.06499999999999999,,,,,
16,5524.0,1.5344444444444445,maxwell,10.0,0.24027042559600897,3.6979374320423495e-08,2.4117953045184646e-15,53,144,8,0.310845991442576,4.448495197483148e-08,1e-08,4.7265261473258444e-09,si03,1.0,1.0,0.04290473046613151,0.010505384516477338,0.310845991442576,649.6716192937123,7e-05,1.3e-05,1.3e-09,0.06499999999999999,,,,,
16,5524.0,1.5344444444444445,maxwell,100.0,0.24027042559442194,3.6979374320303867e-07,2.559963128720354e-15,53,144,8,0.310845991442576,4.4484951974831477e-07,1e-08,4.7265261473258444e-08,si03,1.0,1.0,0.045449764688107394,0.001112854571150118,0.310845991442576,649.6716192937123,7e-05,1.3e-05,1.3e-09,0.06499999999999999,,,,,
16,5524.0,1.5344444444444445,maxwell,1000.0,0.24027042559489156,3.6979374320067043e-06,2.7348154964894753e-15,53,144,8,0.310845991442576,4.448495197483147e-06,1e-08,4.726526147325844e-07,si03,1.0,1.0,0.04547674070220505,0.00011135150889945117,0.310845991442576,649.6716192937123,7e-05,1.3e-05,1.3e-09,0.06499999999999999,,,,,
16,5524.0,1.5344444444444445,maxwell,10000.0,0.2402704256576057,3.697937430987143e-05,2.3822577913370804e-15,53,144,8,0.310845991442576,4.448495197483148e-05,1e-08,4.726526147325844e-06,si03,1.0,1.0,0.04547701062406013,1.1135216981325864e-05,0.310845991442576,649.6716192937123,7e-05,1.3e-05,1.3e-09,0.06499999999999999,,,,,
16,5524.0,1.5344444444444445,interface,1.0,0.24529545228850996,0.012303966727878987,2.3719438632946067e-15,53,144,8,0.3173470389024766,0.015918059054125994,1e-08,0.0,si03,1.0,1.0,0.00650104745990059,0.015918059054125994,0.310845991442576,649.6716192937123,7e-05,1.3e-05,1.3e-09,0.06499999999999999,,,,,
16,5524.0,1.5344444444444445,interface,2.5,0.25821182323855574,0.017572074590438806,2.5445151475075966e-15,53,144,8,0.3340573860699576,0.022733588867719652,1e-08,0.0,si03,1.0,1.0,0.02321139462738159,0.022733588867719652,0.310845991442576,649.6716192937123,7e-05,1.3e-05,1.3e-09,0.06499999999999999,,,,,
16,5524.0,1.5344444444444445,interface,10.0,0.2734339145831432,0.008120204926729982,2.446858214192335e-15,53,144,8,0.35375072190870754,0.010505384516477338,1e-08,0.0,si03,1.0,1.0,0.04290473046613151,0.010505384516477338,0.310845991442576,649.6716192937123,7e-05,1.3e-05,1.3e-09,0.06499999999999999,,,,,
16,5524.0,1.5344444444444445,interface,100.0,0.2754011152482181,0.0008601881403911524,2.5815558906626203e-15,53,144,8,0.3562957561306834,0.001112854571150118,1e-08,0.0,si03,1.0,1.0,0.045449764688107394,0.001112854571150118,0.310845991442576,649.6716192937123,7e-05,1.3e-05,1.3e-09,0.06499999999999999,,,,,
16,5524.0,1.5344444444444445,interface,1000.0,0.27542196653336787,8.606986919362442e-05,2.180981943005311e-15,53,144,8,0.35632273214478105,0.00011135150889945117,1e-08,0.0,si03,1.0,1.0,0.04547674070220505,0.00011135150889945117,0.310845991442576,649.6716192937123,7e-05,1.3e-05,1.3e-09,0.06499999999999999,,,,,
16,5524.0,1.5344444444444445,interface,10000.0,0.2754221751717767,8.607038005093937e-06,2.2558551186474905e-15,53,144,8,0.35632300206663614,1.1135216981325864e-05,1e-08,0.0,si03,1.0,1.0,0.04547701062406013,1.1135216981325864e-05,0.310845991442576,649.6716192937123,7e-05,1.3e-05,1.3e-09,0.06499999999999999,,,,,
16,5524.0,1.5344444444444445,all,1.0,0.24529545228822855,0.012303970425795984,2.3391722673662775e-15,53,144,8,0.3173470389024766,0.01591806350262119,1e-08,4.726526147325844e-10,si03,1.0,1.0,0.00650104745990059,0.015918059054125994,0.310845991442576,649.6716192937123,7e-05,1.3e-05,1.3e-09,0.06499999999999999,,,,,
16,5524.0,1.5344444444444445,all,2.5,0.25821182323914466,0.017572083835310257,2.296451683721815e-15,53,144,8,0.3340573860699576,0.022733599988957645,1e-08,1.1816315368314611e-09,si03,1.0,1.0,0.02321139462738159,0.022733588867719652,0.310845991442576,649.6716192937123,7e-05,1.3e-05,1.3e-09,0.06499999999999999,,,,,
16,5524.0,1.5344444444444445,all,10.0,0.2734339145819367,0.008120241906040666,2.5967124567721274e-15,53,144,8,0.35375072190870754,0.010505429001429313,1e-08,4.7265261473258444e-09,si03,1.0,1.0,0.04290473046613151,0.010505384516477338,0.310845991442576,649.6716192937123,7e-05,1.3e-05,1.3e-09,0.06499999999999999,,,,,
16,5524.0,1.5344444444444445,all,100.0,0.2754011152484498,0.0008605579341379843,2.3700700336658416e-15,53,144,8,0.3562957561306834,0.0011132994206698662,1e-08,4.7265261473258444e-08,si03,1.0,1.0,0.045449764688107394,0.001112854571150118,0.310845991442576,649.6716192937123,7e-05,1.3e-05,1.3e-09,0.06499999999999999,,,,,
16,5524.0,1.5344444444444445,all,1000.0,0.2754219665347183,8.976780662870741e-05,2.459130413745083e-15,53,144,8,0.35632273214478105,0.00011580000409693432,1e-08,4.726526147325844e-07,si03,1.0,1.0,0.04547674070220505,0.00011135150889945117,0.310845991442576,649.6716192937123,7e-05,1.3e-05,1.3e-09,0.06499999999999999,,,,,
16,5524.0,1.5344444444444445,all,10000.0,0.2754221752242512,4.558641234896744e-05,2.535112988105298e-15,53,144,8,0.35632300206663614,5.5620168956157346e-05,1e-08,4.726526147325844e-06,si03,1.0,1.0,0.04547701062406013,1.1135216981325864e-05,0.310845991442576,649.6716192937123,7e-05,1.3e-05,1.3e-09,0.06499999999999999,,,,,
17,6424.0,1.7844444444444445,maxwell,1.0,0.2602899600691742,3.816379929226588e-09,2.247193160168877e-15,53,144,8,0.321608825489028,4.448495197483147e-09,1e-08,4.726526147325844e-10,si03,1.0,1.0,0.005862648402475089,0.014354914967134062,0.321608825489028,585.8742463393627,7e-05,1.3e-05,1.3e-09,0.06499999999999999,,,,,
17,6424.0,1.7844444444444445,maxwell,2.5,0.2602899600683723,9.540949823093617e-09,2.5320250619263095e-15,53,144,8,0.321608825489028,1.112123799370787e-08,1e-08,1.1816315368314611e-09,si03,1.0,1.0,0.02093204925372417,0.0205011637401429,0.321608825489028,585.8742463393627,7e-05,1.3e-05,1.3e-09,0.06499999999999999,,,,,
17,6424.0,1.7844444444444445,maxwell,10.0,0.26028996006885413,3.816379929241385e-08,2.274612116257482e-15,53,144,8,0.321608825489028,4.448495197483148e-08,1e-08,4.7265261473258444e-09,si03,1.0,1.0,0.03869151103378293,0.009473761902647947,0.321608825489028,585.8742463393627,7e-05,1.3e-05,1.3e-09,0.06499999999999999,,,,,
17,6424.0,1.7844444444444445,maxwell,100.0,0.26028996006846694,3.816379929232014e-07,2.5093619527982713e-15,53,144,8,0.321608825489028,4.4484951974831477e-07,1e-08,4.7265261473258444e-08,si03,1.0,1.0,0.04098662438401519,0.001003572903287204,0.321608825489028,585.8742463393627,7e-05,1.3e-05,1.3e-09,0.06499999999999999,,,,,
17,6424.0,1.7844444444444445,maxwell,1000.0,0.2602899600688719,3.816379929209848e-06,2.6758703071232986e-15,53,144,8,0.321608825489028,4.448495197483147e-06,1e-08,4.726526147325844e-07,si03,1.0,1.0,0.04101095136930952,0.00010041685586656838,0.321608825489028,585.8742463393627,7e-05,1.3e-05,1.3e-09,0.06499999999999999,,,,,
17,6424.0,1.7844444444444445,maxwell,10000.0,0.2602899601186041,3.81637992841936e-05,2.404041664604301e-15,53,144,8,0.321608825489028,4.448495197483148e-05,1e-08,4.726526147325844e-06,si03,1.0,1.0,0.04101119478499633,1.0041745187902659e-05,0.321608825489028,585.8742463393627,7e-05,1.3e-05,1.3e-09,0.06499999999999999,,,,,
17,6424.0,1.7844444444444445,interface,1.0,0.2650348189501094,0.011617965310170468,2.4095364215475463e-15,53,144,8,0.3274714738915031,0.014354914967134062,1e-08,0.0,si03,1.0,1.0,0.005862648402475089,0.014354914967134062,0.321608825489028,585.8742463393627,7e-05,1.3e-05,1.3e-09,0.06499999999999999,,,,,
17,6424.0,1.7844444444444445,interface,2.5,0.2772310441969931,0.01659235249372935,2.3742330644922964e-15,53,144,8,0.3425408747427522,0.0205011637401429,1e-08,0.0,si03,1.0,1.0,0.02093204925372417,0.0205011637401429,0.321608825489028,585.8742463393627,7e-05,1.3e-05,1.3e-09,0.06499999999999999,,,,,
17,6424.0,1.7844444444444445,interface,10.0,0.29160443556635096,0.007667467023928787,2.437910501768345e-15,53,144,8,0.36030033652281096,0.009473761902647947,1e-08,0.0,si03,1.0,1.0,0.03869151103378293,0.009473761902647947,0.321608825489028,585.8742463393627,7e-05,1.3e-05,1.3e-09,0.06499999999999999,,,,,
17,6424.0,1.7844444444444445,interface,100.0,0.2934619559563707,0.0008122287873710328,2.3069831893087075e-15,53,144,8,0.3625954498730432,0.001003572903287204,1e-08,0.0,si03,1.0,1.0,0.04098662438401519,0.001003572903287204,0.321608825489028,585.8742463393627,7e-05,1.3e-05,1.3e-09,0.06499999999999999,,,,,
17,6424.0,1.7844444444444445,interface,1000.0,0.29348164468994087,8.127108733699391e-05,2.297554147833347e-15,53,144,8,0.3626197768583376,0.00010041685586656838,1e-08,0.0,si03,1.0,1.0,0.04101095136930952,0.00010041685586656838,0.321608825489028,585.8742463393627,7e-05,1.3e-05,1.3e-09,0.06499999999999999,,,,,
17,6424.0,1.7844444444444445,interface,10000.0,0.29348184169359187,8.127156971229557e-06,2.4139207262869038e-15,53,144,8,0.36262002027402435,1.0041745187902659e-05,1e-08,0.0,si03,1.0,1.0,0.04101119478499633,1.0041745187902659e-05,0.321608825489028,585.8742463393627,7e-05,1.3e-05,1.3e-09,0.06499999999999999,,,,,
17,6424.0,1.7844444444444445,all,1.0,0.26503481895002934,0.011617969126521549,2.3807516352324146e-15,53,144,8,0.3274714738915031,0.01435491941562926,1e-08,4.726526147325844e-10,si03,1.0,1.0,0.005862648402475089,0.014354914967134062,0.321608825489028,585.8742463393627,7e-05,1.3e-05,1.3e-09,0.06499999999999999,,,,,
17,6424.0,1.7844444444444445,all,2.5,0.27723104419590927,0.01659236203461293,2.4989824326605417e-15,53,144,8,0.3425408747427522,0.020501174861380894,1e-08,1.1816315368314611e-09,si03,1.0,1.0,0.02093204925372417,0.0205011637401429,0.321608825489028,585.8742463393627,7e-05,1.3e-05,1.3e-09,0.06499999999999999,,,,,
17,6424.0,1.7844444444444445,all,10.0,0.2916044355666686,0.007667505187744294,2.5025114959574916e-15,53,144,8,0.36030033652281096,0.009473806387599922,1e-08,4.7265261473258444e-09,si03,1.0,1.0,0.03869151103378293,0.009473761902647947,0.321608825489028,585.8742463393627,7e-05,1.3e-05,1.3e-09,0.06499999999999999,,,,,
17,6424.0,1.7844444444444445,all,100.0,0.29346195595656627,0.0008126104253671793,2.316651337993083e-15,53,144,8,0.3625954498730432,0.0010040177528069523,1e-08,4.7265261473258444e-08,si03,1.0,1.0,0.04098662438401519,0.001003572903287204,0.321608825489028,585.8742463393627,7e-05,1.3e-05,1.3e-09,0.06499999999999999,,,,,
17,6424.0,1.7844444444444445,all,1000.0,0.29348164469130583,8.508746726874051e-05,2.4370318447845184e-15,53,144,8,0.3626197768583376,0.00010486535106405153,1e-08,4.726526147325844e-07,si03,1.0,1.0,0.04101095136930952,0.00010041685586656838,0.321608825489028,585.8742463393627,7e-05,1.3e-05,1.3e-09,0.06499999999999999,,,,,
17,6424.0,1.7844444444444445,all,10000.0,0.29348184173812003,4.62909562794809e-05,2.5434316542079735e-15,53,144,8,0.36262002027402435,5.452669716273414e-05,1e-08,4.726526147325844e-06,si03,1.0,1.0,0.04101119478499633,1.0041745187902659e-05,0.321608825489028,585.8742463393627,7e-05,1.3e-05,1.3e-09,0.06499999999999999,,,,,
18,7324.0,2.0344444444444445,maxwell,1.0,0.2787513249461871,3.915084722336228e-09,2.1606455577012902e-15,53,144,8,0.33237165953548,4.448495197483147e-09,1e-08,4.726526147325844e-10,si03,1.0,1.0,0.0057920264157832625,0.014181994378319077,0.33237165953548,578.816752799311,7e-05,1.3e-05,1.3e-09,0.06499999999999999,,,,,
18,7324.0,2.0344444444444445,maxwell,2.5,0.2787513249460648,9.787711805884393e-09,2.1793558530321036e-15,53,144,8,0.33237165953548,1.112123799370787e-08,1e-08,1.1816315368314611e-09,si03,1.0,1.0,0.020679899917392643,0.02025420488922288,0.33237165953548,578.816752799311,7e-05,1.3e-05,1.3e-09,0.06499999999999999,,,,,
18,7324.0,2.0344444444444445,maxwell,10.0,0.27875132494653215,3.91508472235845e-08,2.435823184676863e-15,53,144,8,0.33237165953548,4.448495197483148e-08,1e-08,4.7265261473258444e-09,si03,1.0,1.0,0.03822542963341089,0.009359640119951941,0.33237165953548,578.816752799311,7e-05,1.3e-05,1.3e-09,0.06499999999999999,,,,,
18,7324.0,2.0344444444444445,maxwell,100.0,0.2787513249453166,3.915084722333013e-07,2.5103935166140117e-15,53,144,8,0.33237165953548,4.4484951974831477e-07,1e-08,4.7265261473258444e-08,si03,1.0,1.0,0.04049289584307646,0.000991483774389366,0.33237165953548,578.816752799311,7e-05,1.3e-05,1.3e-09,0.06499999999999999,,,,,
18,7324.0,2.0344444444444445,maxwell,1000.0,0.2787513249461022,3.915084722325987e-06,2.4332094738420284e-15,53,144,8,0.33237165953548,4.448495197483147e-06,1e-08,4.726526147325844e-07,si03,1.0,1.0,0.040516929783331455,9.920722544499137e-05,0.33237165953548,578.816752799311,7e-05,1.3e-05,1.3e-09,0.06499999999999999,,,,,
18,7324.0,2.0344444444444445,maxwell,10000.0,0.27875132498751987,3.915084721617462e-05,2.425227770149366e-15,53,144,8,0.33237165953548,4.448495197483148e-05,1e-08,4.726526147325844e-06,si03,1.0,1.0,0.04051717026681115,9.92078142778302e-06,0.33237165953548,578.816752799311,7e-05,1.3e-05,1.3e-09,0.06499999999999999,,,,,
18,7324.0,2.0344444444444445,interface,1.0,0.2836089443250575,0.011894063632164876,2.3705289232614043e-15,53,144,8,0.3381636859512632,0.014181994378319077,1e-08,0.0,si03,1.0,1.0,0.0057920264157832625,0.014181994378319077,0.33237165953548,578.816752799311,7e-05,1.3e-05,1.3e-09,0.06499999999999999,,,,,
18,7324.0,2.0344444444444445,interface,2.5,0.29609501011223355,0.01698666600374639,2.417038203098158e-15,53,144,8,0.35305155945287264,0.02025420488922288,1e-08,0.0,si03,1.0,1.0,0.020679899917392643,0.02025420488922288,0.33237165953548,578.816752799311,7e-05,1.3e-05,1.3e-09,0.06499999999999999,,,,,
18,7324.0,2.0344444444444445,interface,10.0,0.3108099818788045,0.00784968264625135,2.339008294489978e-15,53,144,8,0.3705970891688909,0.009359640119951941,1e-08,0.0,si03,1.0,1.0,0.03822542963341089,0.009359640119951941,0.33237165953548,578.816752799311,7e-05,1.3e-05,1.3e-09,0.06499999999999999,,,,,
18,7324.0,2.0344444444444445,interface,100.0,0.3127116458256672,0.0008315312210844108,2.4029005536628768e-15,53,144,8,0.37286455537855645,0.000991483774389366,1e-08,0.0,si03,1.0,1.0,0.04049289584307646,0.000991483774389366,0.33237165953548,578.816752799311,7e-05,1.3e-05,1.3e-09,0.06499999999999999,,,,,
18,7324.0,2.0344444444444445,interface,1000.0,0.3127318024570517,8.320247637497051e-05,2.1857254016504246e-15,53,144,8,0.3728885893188114,9.920722544499137e-05,1e-08,0.0,si03,1.0,1.0,0.040516929783331455,9.920722544499137e-05,0.33237165953548,578.816752799311,7e-05,1.3e-05,1.3e-09,0.06499999999999999,,,,,
18,7324.0,2.0344444444444445,interface,10000.0,0.31273200414314123,8.32029702135697e-06,2.350674494360474e-15,53,144,8,0.3728888298022911,9.92078142778302e-06,1e-08,0.0,si03,1.0,1.0,0.04051717026681115,9.92078142778302e-06,0.33237165953548,578.816752799311,7e-05,1.3e-05,1.3e-09,0.06499999999999999,,,,,
18,7324.0,2.0344444444444445,all,1.0,0.2836089443244218,0.01189406754720246,2.672464173428069e-15,53,144,8,0.3381636859512632,0.014181998826814275,1e-08,4.726526147325844e-10,si03,1.0,1.0,0.0057920264157832625,0.014181994378319077,0.33237165953548,578.816752799311,7e-05,1.3e-05,1.3e-09,0.06499999999999999,,,,,
18,7324.0,2.0344444444444445,all,2.5,0.296095010110177,0.01698667579137626,2.3832802739231606e-15,53,144,8,0.35305155945287264,0.020254216010460874,1e-08,1.1816315368314611e-09,si03,1.0,1.0,0.020679899917392643,0.02025420488922288,0.33237165953548,578.816752799311,7e-05,1.3e-05,1.3e-09,0.06499999999999999,,,,,
18,7324.0,2.0344444444444445,all,10.0,0.31080998188036185,0.007849721797126613,2.2683465717288475e-15,53,144,8,0.3705970891688909,0.009359684604903917,1e-08,4.7265261473258444e-09,si03,1.0,1.0,0.03822542963341089,0.009359640119951941,0.33237165953548,578.816752799311,7e-05,1.3e-05,1.3e-09,0.06499999999999999,,,,,
18,7324.0,2.0344444444444445,all,100.0,0.3127116458262904,0.0008319227295582929,2.278603126125874e-15,53,144,8,0.37286455537855645,0.0009919286239091143,1e-08,4.7265261473258444e-08,si03,1.0,1.0,0.04049289584307646,0.000991483774389366,0.33237165953548,578.816752799311,7e-05,1.3e-05,1.3e-09,0.06499999999999999,,,,,
18,7324.0,2.0344444444444445,all,1000.0,0.3127318024551364,8.711756109878416e-05,2.4666794624784394e-15,53,144,8,0.3728885893188114,0.00010365572064247452,1e-08,4.726526147325844e-07,si03,1.0,1.0,0.040516929783331455,9.920722544499137e-05,0.33237165953548,578.816752799311,7e-05,1.3e-05,1.3e-09,0.06499999999999999,,,,,
18,7324.0,2.0344444444444445,all,10000.0,0.3127320041813529,4.747114425804601e-05,2.2777334239239924e-15,53,144,8,0.3728888298022911,5.44057334026145e-05,1e-08,4.726526147325844e-06,si03,1.0,1.0,0.04051717026681115,9.92078142778302e-06,0.33237165953548,578.816752799311,7e-05,1.3e-05,1.3e-09,0.06499999999999999,,,,,
19,8224.0,2.2844444444444445,maxwell,1.0,0.29731044689390446,4.002638792332518e-09,2.2834570338277385e-15,53,144,8,0.34313449358193204,4.448495197483147e-09,1e-08,4.726526147325844e-10,si03,1.0,1.0,0.005165532361453789,0.012648000138869565,0.34313449358193204,516.2090869939707,7e-05,1.3e-05,1.3e-09,0.06499999999999999,,,,,
19,8224.0,2.2844444444444445,maxwell,2.5,0.2973104468956781,1.000659698089607e-08,2.326885422273619e-15,53,144,8,0.34313449358193204,1.112123799370787e-08,1e-08,1.1816315368314611e-09,si03,1.0,1.0,0.0184430602670985,0.018063410506156667,0.34313449358193204,516.2090869939707,7e-05,1.3e-05,1.3e-09,0.06499999999999999,,,,,
19,8224.0,2.2844444444444445,maxwell,10.0,0.2973104468941137,4.00263879233755e-08,2.3234495859558284e-15,53,144,8,0.34313449358193204,4.448495197483148e-08,1e-08,4.7265261473258444e-09,si03,1.0,1.0,0.034090779224313424,0.008347255426775342,0.34313449358193204,516.2090869939707,7e-05,1.3e-05,1.3e-09,0.06499999999999999,,,,,
19,8224.0,2.2844444444444445,maxwell,100.0,0.29731044689334535,4.0026387923406374e-07,2.4897492371758697e-15,53,144,8,0.34313449358193204,4.4484951974831477e-07,1e-08,4.7265261473258444e-08,si03,1.0,1.0,0.03611298514046971,0.0008842400146015262,0.34313449358193204,516.2090869939707,7e-05,1.3e-05,1.3e-09,0.06499999999999999,,,,,
19,8224.0,2.2844444444444445,maxwell,1000.0,0.29731044689443215,4.002638792335842e-06,2.5053242526152252e-15,53,144,8,0.34313449358193204,4.448495197483147e-06,1e-08,4.726526147325844e-07,si03,1.0,1.0,0.03613441945158096,8.847648417653915e-05,0.34313449358193204,516.2090869939707,7e-05,1.3e-05,1.3e-09,0.06499999999999999,,,,,
19,8224.0,2.2844444444444445,maxwell,10000.0,0.2973104469266127,4.0026387918686633e-05,2.4584957830345842e-15,53,144,8,0.34313449358193204,4.448495197483148e-05,1e-08,4.726526147325844e-06,si03,1.0,1.0,0.036134633923185125,8.847700931832307e-06,0.34313449358193204,516.2090869939707,7e-05,1.3e-05,1.3e-09,0.06499999999999999,,,,,
19,8224.0,2.2844444444444445,interface,1.0,0.3017861459195399,0.010958917288333613,2.2785712548943727e-15,53,144,8,0.3483000259433858,0.012648000138869565,1e-08,0.0,si03,1.0,1.0,0.005165532361453789,0.012648000138869565,0.34313449358193204,516.2090869939707,7e-05,1.3e-05,1.3e-09,0.06499999999999999,,,,,
19,8224.0,2.2844444444444445,interface,2.5,0.31329052040671007,0.015651124249572053,2.398412093790651e-15,53,144,8,0.36157755384903056,0.018063410506156667,1e-08,0.0,si03,1.0,1.0,0.0184430602670985,0.018063410506156667,0.34313449358193204,516.2090869939707,7e-05,1.3e-05,1.3e-09,0.06499999999999999,,,,,
19,8224.0,2.2844444444444445,interface,10.0,0.3268485577197276,0.007232517457525347,2.7986518544147448e-15,53,144,8,0.37722527280624546,0.008347255426775342,1e-08,0.0,si03,1.0,1.0,0.034090779224313424,0.008347255426775342,0.34313449358193204,516.2090869939707,7e-05,1.3e-05,1.3e-09,0.06499999999999999,,,,,
19,8224.0,2.2844444444444445,interface,100.0,0.32860070723838497,0.0007661537853164995,2.393214985796206e-15,53,144,8,0.3792474787224018,0.0008842400146015262,1e-08,0.0,si03,1.0,1.0,0.03611298514046971,0.0008842400146015262,0.34313449358193204,516.2090869939707,7e-05,1.3e-05,1.3e-09,0.06499999999999999,,,,,
19,8224.0,2.2844444444444445,interface,1000.0,0.32861927909578675,7.666085241990627e-05,2.1425008046432655e-15,53,144,8,0.379268913033513,8.847648417653915e-05,1e-08,0.0,si03,1.0,1.0,0.03613441945158096,8.847648417653915e-05,0.34313449358193204,516.2090869939707,7e-05,1.3e-05,1.3e-09,0.06499999999999999,,,,,
19,8224.0,2.2844444444444445,interface,10000.0,0.32861946492526634,7.666130743134154e-06,2.2519299861207732e-15,53,144,8,0.37926912750511715,8.847700931832307e-06,1e-08,0.0,si03,1.0,1.0,0.036134633923185125,8.847700931832307e-06,0.34313449358193204,516.2090869939707,7e-05,1.3e-05,1.3e-09,0.06499999999999999,,,,,
19,8224.0,2.2844444444444445,all,1.0,0.301786145919319,0.010958921290959128,2.322403491255376e-15,53,144,8,0.3483000259433858,0.012648004587364762,1e-08,4.726526147325844e-10,si03,1.0,1.0,0.005165532361453789,0.012648000138869565,0.34313449358193204,516.2090869939707,7e-05,1.3e-05,1.3e-09,0.06499999999999999,,,,,
19,8224.0,2.2844444444444445,all,2.5,0.31329052040749883,0.01565113425616324,2.708422688682509e-15,53,144,8,0.36157755384903056,0.01806342162739466,1e-08,1.1816315368314611e-09,si03,1.0,1.0,0.0184430602670985,0.018063410506156667,0.34313449358193204,516.2090869939707,7e-05,1.3e-05,1.3e-09,0.06499999999999999,,,,,
19,8224.0,2.2844444444444445,all,10.0,0.32684855771774984,0.007232557483891022,2.563826364704616e-15,53,144,8,0.37722527280624546,0.008347299911727318,1e-08,4.7265261473258444e-09,si03,1.0,1.0,0.034090779224313424,0.008347255426775342,0.34313449358193204,516.2090869939707,7e-05,1.3e-05,1.3e-09,0.06499999999999999,,,,,
19,8224.0,2.2844444444444445,all,100.0,0.32860070723931145,0.0007665540491977323,2.3791403325893734e-15,53,144,8,0.3792474787224018,0.0008846848641212745,1e-08,4.7265261473258444e-08,si03,1.0,1.0,0.03611298514046971,0.0008842400146015262,0.34313449358193204,516.2090869939707,7e-05,1.3e-05,1.3e-09,0.06499999999999999,,,,,
19,8224.0,2.2844444444444445,all,1000.0,0.32861927909663713,8.066349121349005e-05,2.247506247552466e-15,53,144,8,0.379268913033513,9.29249793740223e-05,1e-08,4.726526147325844e-07,si03,1.0,1.0,0.03613441945158096,8.847648417653915e-05,0.34313449358193204,516.2090869939707,7e-05,1.3e-05,1.3e-09,0.06499999999999999,,,,,
19,8224.0,2.2844444444444445,all,10000.0,0.3286194649538246,4.769251867435681e-05,2.2496083067022543e-15,53,144,8,0.37926912750511715,5.333265290666379e-05,1e-08,4.726526147325844e-06,si03,1.0,1.0,0.036134633923185125,8.847700931832307e-06,0.34313449358193204,516.2090869939707,7e-05,1.3e-05,1.3e-09,0.06499999999999999,,,,,
20,9124.0,2.5344444444444445,maxwell,1.0,0.3154082179818568,4.090229970602684e-09,2.1507087801179355e-15,53,144,8,0.353897327628384,4.448495197483147e-09,1e-08,4.726526147325844e-10,si03,1.0,1.0,0.0048874077868619505,0.011967001664383076,0.353897327628384,488.4151593453919,7e-05,1.3e-05,1.3e-09,0.06499999999999999,,,,,
20,9124.0,2.5344444444444445,maxwell,2.5,0.3154082179797914,1.0225574926458219e-08,2.358414440313482e-15,53,144,8,0.353897327628384,1.112123799370787e-08,1e-08,1.1816315368314611e-09,si03,1.0,1.0,0.017450041942552612,0.017090833429650145,0.353897327628384,488.4151593453919,7e-05,1.3e-05,1.3e-09,0.06499999999999999,,,,,
20,9124.0,2.5344444444444445,maxwell,10.0,0.3154082179802471,4.090229970584847e-08,2.173410349331158e-15,53,144,8,0.353897327628384,4.448495197483148e-08,1e-08,4.7265261473258444e-09,si03,1.0,1.0,0.03225525041415261,0.007897819298583528,0.353897327628384,488.4151593453919,7e-05,1.3e-05,1.3e-09,0.06499999999999999,,,,,
20,9124.0,2.5344444444444445,maxwell,100.0,0.31540821798041974,4.0902299705978815e-07,2.3997295616010963e-15,53,144,8,0.353897327628384,4.4484951974831477e-07,1e-08,4.7265261473258444e-08,si03,1.0,1.0,0.03416857594377508,0.0008366304245942504,0.353897327628384,488.4151593453919,7e-05,1.3e-05,1.3e-09,0.06499999999999999,,,,,
20,9124.0,2.5344444444444445,maxwell,1000.0,0.31540821798112995,4.090229970584363e-06,2.408358650317625e-15,53,144,8,0.353897327628384,4.448495197483147e-06,1e-08,4.726526147325844e-07,si03,1.0,1.0,0.03418885618048657,8.371269938126669e-05,0.353897327628384,488.4151593453919,7e-05,1.3e-05,1.3e-09,0.06499999999999999,,,,,
20,9124.0,2.5344444444444445,maxwell,10000.0,0.3154082180094039,4.0902299701242965e-05,2.3828490961214307e-15,53,144,8,0.353897327628384,4.448495197483148e-05,1e-08,4.726526147325844e-06,si03,1.0,1.0,0.034189059104428356,8.371319624816526e-06,0.353897327628384,488.4151593453919,7e-05,1.3e-05,1.3e-09,0.06499999999999999,,,,,
20,9124.0,2.5344444444444445,interface,1.0,0.3197640818075236,0.010665496298173587,2.296701171956576e-15,53,144,8,0.35878473541524597,0.011967001664383076,1e-08,0.0,si03,1.0,1.0,0.0048874077868619505,0.011967001664383076,0.353897327628384,488.4151593453919,7e-05,1.3e-05,1.3e-09,0.06499999999999999,,,,,
20,9124.0,2.5344444444444445,interface,2.5,0.3309604308880423,0.015232071139409362,2.298056073347094e-15,53,144,8,0.3713473695709366,0.017090833429650145,1e-08,0.0,si03,1.0,1.0,0.017450041942552612,0.017090833429650145,0.353897327628384,488.4151593453919,7e-05,1.3e-05,1.3e-09,0.06499999999999999,,,,,
20,9124.0,2.5344444444444445,interface,10.0,0.3441554567255461,0.007038869455808452,2.352901156674391e-15,53,144,8,0.3861525780425366,0.007897819298583528,1e-08,0.0,si03,1.0,1.0,0.03225525041415261,0.007897819298583528,0.353897327628384,488.4151593453919,7e-05,1.3e-05,1.3e-09,0.06499999999999999,,,,,
20,9124.0,2.5344444444444445,interface,100.0,0.3458606930844466,0.0007456402987719671,2.3552241393556206e-15,53,144,8,0.3880659035721591,0.0008366304245942504,1e-08,0.0,si03,1.0,1.0,0.03416857594377508,0.0008366304245942504,0.353897327628384,488.4151593453919,7e-05,1.3e-05,1.3e-09,0.06499999999999999,,,,,
20,9124.0,2.5344444444444445,interface,1000.0,0.34587876768683845,7.460828621933945e-05,2.4816136699244988e-15,53,144,8,0.38808618380887056,8.371269938126669e-05,1e-08,0.0,si03,1.0,1.0,0.03418885618048657,8.371269938126669e-05,0.353897327628384,488.4151593453919,7e-05,1.3e-05,1.3e-09,0.06499999999999999,,,,,
20,9124.0,2.5344444444444445,interface,10000.0,0.34587894853940726,7.460872904804023e-06,2.109402678711556e-15,53,144,8,0.38808638673281237,8.371319624816526e-06,1e-08,0.0,si03,1.0,1.0,0.034189059104428356,8.371319624816526e-06,0.353897327628384,488.4151593453919,7e-05,1.3e-05,1.3e-09,0.06499999999999999,,,,,
20,9124.0,2.5344444444444445,all,1.0,0.3197640818082386,0.010665500388429549,2.5703286026447804e-15,53,144,8,0.35878473541524597,0.011967006112878273,1e-08,4.726526147325844e-10,si03,1.0,1.0,0.0048874077868619505,0.011967001664383076,0.353897327628384,488.4151593453919,7e-05,1.3e-05,1.3e-09,0.06499999999999999,,,,,
20,9124.0,2.5344444444444445,all,2.5,0.33096043088740157,0.015232081364940009,2.5567873982548945e-15,53,144,8,0.3713473695709366,0.017090844550888138,1e-08,1.1816315368314611e-09,si03,1.0,1.0,0.017450041942552612,0.017090833429650145,0.353897327628384,488.4151593453919,7e-05,1.3e-05,1.3e-09,0.06499999999999999,,,,,
20,9124.0,2.5344444444444445,all,10.0,0.344155456724092,0.007038910358105198,2.3224187715092816e-15,53,144,8,0.3861525780425366,0.007897863783535504,1e-08,4.7265261473258444e-09,si03,1.0,1.0,0.03225525041415261,0.007897819298583528,0.353897327628384,488.4151593453919,7e-05,1.3e-05,1.3e-09,0.06499999999999999,,,,,
20,9124.0,2.5344444444444445,all,100.0,0.345860693083971,0.0007460493217699159,2.346204339083846e-15,53,144,8,0.3880659035721591,0.0008370752741139987,1e-08,4.7265261473258444e-08,si03,1.0,1.0,0.03416857594377508,0.0008366304245942504,0.353897327628384,488.4151593453919,7e-05,1.3e-05,1.3e-09,0.06499999999999999,,,,,
20,9124.0,2.5344444444444445,all,1000.0,0.3458787676870139,7.869851619069453e-05,2.5143803469719913e-15,53,144,8,0.38808618380887056,8.816119457874984e-05,1e-08,4.726526147325844e-07,si03,1.0,1.0,0.03418885618048657,8.371269938126669e-05,0.353897327628384,488.4151593453919,7e-05,1.3e-05,1.3e-09,0.06499999999999999,,,,,
20,9124.0,2.5344444444444445,all,10000.0,0.34587894856708623,4.8363172617367595e-05,2.5560914402576876e-15,53,144,8,0.38808638673281237,5.285627159964801e-05,1e-08,4.726526147325844e-06,si03,1.0,1.0,0.034189059104428356,8.371319624816526e-06,0.353897327628384,488.4151593453919,7e-05,1.3e-05,1.3e-09,0.06499999999999999,,,,,
21,10024.0,2.7844444444444445,maxwell,1.0,0.3338120998773299,4.169294483449321e-09,2.1265389112336395e-15,53,144,8,0.364660161674836,4.448495197483147e-09,1e-08,4.726526147325844e-10,si03,1.0,1.0,0.004062999789660036,0.009948407697011167,0.364660161674836,406.0292850990525,7e-05,1.3e-05,1.3e-09,0.06499999999999999,,,,,
21,10024.0,2.7844444444444445,maxwell,2.5,0.3338120998769289,1.0423236208664367e-08,2.1611476156320717e-15,53,144,8,0.364660161674836,1.112123799370787e-08,1e-08,1.1816315368314611e-09,si03,1.0,1.0,0.014506568683042592,0.014207951465897326,0.364660161674836,406.0292850990525,7e-05,1.3e-05,1.3e-09,0.06499999999999999,,,,,
21,10024.0,2.7844444444444445,maxwell,10.0,0.3338120998787934,4.1692944834726065e-08,2.1797054992810394e-15,53,144,8,0.364660161674836,4.448495197483148e-08,1e-08,4.7265261473258444e-09,si03,1.0,1.0,0.026814434432998042,0.006565615055731021,0.364660161674836,406.0292850990525,7e-05,1.3e-05,1.3e-09,0.06499999999999999,,,,,
21,10024.0,2.7844444444444445,maxwell,100.0,0.3338120998772822,4.1692944834617725e-07,2.3279151535020295e-15,53,144,8,0.364660161674836,4.4484951974831477e-07,1e-08,4.7265261473258444e-08,si03,1.0,1.0,0.028405020192038746,0.0006955075957212407,0.364660161674836,406.0292850990525,7e-05,1.3e-05,1.3e-09,0.06499999999999999,,,,,
21,10024.0,2.7844444444444445,maxwell,1000.0,0.33381209987955573,4.169294483458139e-06,2.480087516864702e-15,53,144,8,0.364660161674836,4.448495197483147e-06,1e-08,4.726526147325844e-07,si03,1.0,1.0,0.02842187955820715,6.959204036386405e-05,0.364660161674836,406.0292850990525,7e-05,1.3e-05,1.3e-09,0.06499999999999999,,,,,
21,10024.0,2.7844444444444445,maxwell,10000.0,0.33381209989855487,4.1692944831459924e-05,2.3152748844411474e-15,53,144,8,0.364660161674836,4.448495197483148e-05,1e-08,4.726526147325844e-06,si03,1.0,1.0,0.0284220482529363,6.959245341924894e-06,0.364660161674836,406.0292850990525,7e-05,1.3e-05,1.3e-09,0.06499999999999999,,,,,
21,10024.0,2.7844444444444445,interface,1.0,0.3375313942380226,0.00910683203801868,2.5683925138184318e-15,53,144,8,0.368723161464496,0.009948407697011167,1e-08,0.0,si03,1.0,1.0,0.004062999789660036,0.009948407697011167,0.364660161674836,406.0292850990525,7e-05,1.3e-05,1.3e-09,0.06499999999999999,,,,,
21,10024.0,2.7844444444444445,interface,2.5,0.34709149980455906,0.013006043936454001,2.3352247248255675e-15,53,144,8,0.3791667303578786,0.014207951465897326,1e-08,0.0,si03,1.0,1.0,0.014506568683042592,0.014207951465897326,0.364660161674836,406.0292850990525,7e-05,1.3e-05,1.3e-09,0.06499999999999999,,,,,
21,10024.0,2.7844444444444445,interface,10.0,0.35835819388818013,0.006010203377290869,2.5022033318687934e-15,53,144,8,0.391474596107834,0.006565615055731021,1e-08,0.0,si03,1.0,1.0,0.026814434432998042,0.006565615055731021,0.364660161674836,406.0292850990525,7e-05,1.3e-05,1.3e-09,0.06499999999999999,,,,,
21,10024.0,2.7844444444444445,interface,100.0,0.35981422562620763,0.0006366718220982228,2.4272331777772357e-15,53,144,8,0.3930651818668747,0.0006955075957212407,1e-08,0.0,si03,1.0,1.0,0.028405020192038746,0.0006955075957212407,0.364660161674836,406.0292850990525,7e-05,1.3e-05,1.3e-09,0.06499999999999999,,,,,
21,10024.0,2.7844444444444445,interface,1000.0,0.35982965878882767,6.370497089389868e-05,2.123243652731369e-15,53,144,8,0.39308204123304313,6.959204036386405e-05,1e-08,0.0,si03,1.0,1.0,0.02842187955820715,6.959204036386405e-05,0.364660161674836,406.0292850990525,7e-05,1.3e-05,1.3e-09,0.06499999999999999,,,,,
21,10024.0,2.7844444444444445,interface,10000.0,0.3598298132139688,6.370534900691008e-06,2.1765452424140973e-15,53,144,8,0.3930822099277723,6.959245341924894e-06,1e-08,0.0,si03,1.0,1.0,0.0284220482529363,6.959245341924894e-06,0.364660161674836,406.0292850990525,7e-05,1.3e-05,1.3e-09,0.06499999999999999,,,,,
21,10024.0,2.7844444444444445,all,1.0,0.3375313942391416,0.00910683620734485,2.2864849347120673e-15,53,144,8,0.368723161464496,0.009948412145506364,1e-08,4.726526147325844e-10,si03,1.0,1.0,0.004062999789660036,0.009948407697011167,0.364660161674836,406.0292850990525,7e-05,1.3e-05,1.3e-09,0.06499999999999999,,,,,
21,10024.0,2.7844444444444445,all,2.5,0.3470914998045332,0.013006054359641089,2.4542587236047137e-15,53,144,8,0.3791667303578786,0.014207962587135319,1e-08,1.1816315368314611e-09,si03,1.0,1.0,0.014506568683042592,0.014207951465897326,0.364660161674836,406.0292850990525,7e-05,1.3e-05,1.3e-09,0.06499999999999999,,,,,
21,10024.0,2.7844444444444445,all,10.0,0.35835819388841633,0.006010245070202892,2.4005570005194486e-15,53,144,8,0.391474596107834,0.0065656595406829955,1e-08,4.7265261473258444e-09,si03,1.0,1.0,0.026814434432998042,0.006565615055731021,0.364660161674836,406.0292850990525,7e-05,1.3e-05,1.3e-09,0.06499999999999999,,,,,
21,10024.0,2.7844444444444445,all,100.0,0.3598142256254523,0.0006370887515469796,2.2501810342957216e-15,53,144,8,0.3930651818668747,0.000695952445240989,1e-08,4.7265261473258444e-08,si03,1.0,1.0,0.028405020192038746,0.0006955075957212407,0.364660161674836,406.0292850990525,7e-05,1.3e-05,1.3e-09,0.06499999999999999,,,,,
21,10024.0,2.7844444444444445,all,1000.0,0.3598296587915163,6.787426537830513e-05,2.589800145980185e-15,53,144,8,0.39308204123304313,7.40405355613472e-05,1e-08,4.726526147325844e-07,si03,1.0,1.0,0.02842187955820715,6.959204036386405e-05,0.364660161674836,406.0292850990525,7e-05,1.3e-05,1.3e-09,0.06499999999999999,,,,,
21,10024.0,2.7844444444444445,all,10000.0,0.3598298132335277,4.806347973856661e-05,2.416323964061277e-15,53,144,8,0.3930822099277723,5.1444197316756376e-05,1e-08,4.726526147325844e-06,si03,1.0,1.0,0.0284220482529363,6.959245341924894e-06,0.364660161674836,406.0292850990525,7e-05,1.3e-05,1.3e-09,0.06499999999999999,,,,,
22,10924.0,3.0344444444444445,maxwell,1.0,0.3521460924899412,4.2470135312813834e-09,2.0848947664433383e-15,53,144,8,0.375422995721288,4.448495197483147e-09,1e-08,4.726526147325844e-10,si03,1.0,1.0,0.003563743822718888,0.008725960696906435,0.375422995721288,356.1369509043928,7e-05,1.3e-05,1.3e-09,0.06499999999999999,,,,,
22,10924.0,3.0344444444444445,maxwell,2.5,0.35214609249009493,1.0617533828206308e-08,2.1342159023209398e-15,53,144,8,0.375422995721288,1.112123799370787e-08,1e-08,1.1816315368314611e-09,si03,1.0,1.0,0.01272402097204293,0.01246209743818816,0.375422995721288,356.1369509043928,7e-05,1.3e-05,1.3e-09,0.06499999999999999,,,,,
22,10924.0,3.0344444444444445,maxwell,10.0,0.3521460924896172,4.247013531296537e-08,2.11089114335551e-15,53,144,8,0.375422995721288,4.448495197483148e-08,1e-08,4.7265261473258444e-09,si03,1.0,1.0,0.023519512679643334,0.00575884108011961,0.375422995721288,356.1369509043928,7e-05,1.3e-05,1.3e-09,0.06499999999999999,,,,,
22,10924.0,3.0344444444444445,maxwell,100.0,0.3521460924892912,4.247013531284064e-07,2.4729595236112056e-15,53,144,8,0.375422995721288,4.4484951974831477e-07,1e-08,4.7265261473258444e-08,si03,1.0,1.0,0.02491464939309127,0.0006100445548172255,0.375422995721288,356.1369509043928,7e-05,1.3e-05,1.3e-09,0.06499999999999999,,,,,
22,10924.0,3.0344444444444445,maxwell,1000.0,0.3521460924904949,4.24701353128858e-06,2.3663398568894656e-15,53,144,8,0.375422995721288,4.448495197483147e-06,1e-08,4.726526147325844e-07,si03,1.0,1.0,0.024929437102948038,6.104066374511815e-05,0.375422995721288,356.1369509043928,7e-05,1.3e-05,1.3e-09,0.06499999999999999,,,,,
22,10924.0,3.0344444444444445,maxwell,10000.0,0.3521460925076631,4.2470135310489286e-05,2.5188166833993365e-15,53,144,8,0.375422995721288,4.448495197483148e-05,1e-08,4.726526147325844e-06,si03,1.0,1.0,0.024929585068695033,6.104102604481112e-06,0.375422995721288,356.1369509043928,7e-05,1.3e-05,1.3e-09,0.06499999999999999,,,,,
22,10924.0,3.0344444444444445,interface,1.0,0.35548887774765076,0.008184935350036204,2.2960324240286388e-15,53,144,8,0.3789867395440069,0.008725960696906435,1e-08,0.0,si03,1.0,1.0,0.003563743822718888,0.008725960696906435,0.375422995721288,356.1369509043928,7e-05,1.3e-05,1.3e-09,0.06499999999999999,,,,,
22,10924.0,3.0344444444444445,interface,2.5,0.36408120114639025,0.011689424855393588,2.35517050768953e-15,53,144,8,0.38814701669333096,0.01246209743818816,1e-08,0.0,si03,1.0,1.0,0.01272402097204293,0.01246209743818816,0.375422995721288,356.1369509043928,7e-05,1.3e-05,1.3e-09,0.06499999999999999,,,,,
22,10924.0,3.0344444444444445,interface,10.0,0.37420735284017315,0.005401782516489417,2.2044202079326827e-15,53,144,8,0.3989425084009314,0.00575884108011961,1e-08,0.0,si03,1.0,1.0,0.023519512679643334,0.00575884108011961,0.375422995721288,356.1369509043928,7e-05,1.3e-05,1.3e-09,0.06499999999999999,,,,,
22,10924.0,3.0344444444444445,interface,100.0,0.3755159885551359,0.0005722206889634069,2.2755078213596315e-15,53,144,8,0.4003376451143793,0.0006100445548172255,1e-08,0.0,si03,1.0,1.0,0.02491464939309127,0.0006100445548172255,0.375422995721288,356.1369509043928,7e-05,1.3e-05,1.3e-09,0.06499999999999999,,,,,
22,10924.0,3.0344444444444445,interface,1000.0,0.3755298593979044,5.725603218200137e-05,2.292234166108321e-15,53,144,8,0.40035243282423605,6.104066374511815e-05,1e-08,0.0,si03,1.0,1.0,0.024929437102948038,6.104066374511815e-05,0.375422995721288,356.1369509043928,7e-05,1.3e-05,1.3e-09,0.06499999999999999,,,,,
22,10924.0,3.0344444444444445,interface,10000.0,0.3755299981909011,5.725637201812299e-06,2.2521577365348467e-15,53,144,8,0.40035258078998304,6.104102604481112e-06,1e-08,0.0,si03,1.0,1.0,0.024929585068695033,6.104102604481112e-06,0.375422995721288,356.1369509043928,7e-05,1.3e-05,1.3e-09,0.06499999999999999,,,,,
22,10924.0,3.0344444444444445,all,1.0,0.3554888777471977,0.008184939597065158,2.457789649572312e-15,53,144,8,0.3789867395440069,0.008725965145401632,1e-08,4.726526147325844e-10,si03,1.0,1.0,0.003563743822718888,0.008725960696906435,0.375422995721288,356.1369509043928,7e-05,1.3e-05,1.3e-09,0.06499999999999999,,,,,
22,10924.0,3.0344444444444445,all,2.5,0.3640812011462447,0.01168943547292743,2.3790771510299795e-15,53,144,8,0.38814701669333096,0.012462108559426152,1e-08,1.1816315368314611e-09,si03,1.0,1.0,0.01272402097204293,0.01246209743818816,0.375422995721288,356.1369509043928,7e-05,1.3e-05,1.3e-09,0.06499999999999999,,,,,
22,10924.0,3.0344444444444445,all,10.0,0.374207352839745,0.005401824986604341,2.359791458492024e-15,53,144,8,0.3989425084009314,0.005758885565071585,1e-08,4.7265261473258444e-09,si03,1.0,1.0,0.023519512679643334,0.00575884108011961,0.375422995721288,356.1369509043928,7e-05,1.3e-05,1.3e-09,0.06499999999999999,,,,,
22,10924.0,3.0344444444444445,all,100.0,0.375515988553807,0.0005726453903153828,2.5016449623833153e-15,53,144,8,0.4003376451143793,0.0006104894043369738,1e-08,4.7265261473258444e-08,si03,1.0,1.0,0.02491464939309127,0.0006100445548172255,0.375422995721288,356.1369509043928,7e-05,1.3e-05,1.3e-09,0.06499999999999999,,,,,
22,10924.0,3.0344444444444445,all,1000.0,0.3755298593984938,6.150304571352293e-05,2.4996148969965165e-15,53,144,8,0.40035243282423605,6.54891589426013e-05,1e-08,4.726526147325844e-07,si03,1.0,1.0,0.024929437102948038,6.104066374511815e-05,0.375422995721288,356.1369509043928,7e-05,1.3e-05,1.3e-09,0.06499999999999999,,,,,
22,10924.0,3.0344444444444445,all,10000.0,0.375529998206623,4.8195772516703434e-05,2.4381225246016164e-15,53,144,8,0.40035258078998304,5.058905457931259e-05,1e-08,4.726526147325844e-06,si03,1.0,1.0,0.024929585068695033,6.104102604481112e-06,0.375422995721288,356.1369509043928,7e-05,1.3e-05,1.3e-09,0.06499999999999999,,,,,
23,11824.0,3.2844444444444445,maxwell,1.0,0.37168829088371436,4.324762058338174e-09,2.1093610745941364e-15,53,144,8,0.38618582976774,4.448495197483147e-09,1e-08,4.726526147325844e-10,si03,1.0,1.0,0.002693008664147812,0.006593932933668095,0.38618582976774,269.1214470284238,7e-05,1.3e-05,1.3e-09,0.06499999999999999,,,,,
23,11824.0,3.2844444444444445,maxwell,2.5,0.3716882908856012,1.081190514585559e-08,2.3521652519012512e-15,53,144,8,0.38618582976774,1.112123799370787e-08,1e-08,1.1816315368314611e-09,si03,1.0,1.0,0.009615140825236868,0.00941721348222236,0.38618582976774,269.1214470284238,7e-05,1.3e-05,1.3e-09,0.06499999999999999,,,,,
23,11824.0,3.2844444444444445,maxwell,10.0,0.3716882908841582,4.324762058322693e-08,2.3032662940605987e-15,53,144,8,0.38618582976774,4.448495197483148e-08,1e-08,4.7265261473258444e-09,si03,1.0,1.0,0.01777295298809979,0.00435177434060916,0.38618582976774,269.1214470284238,7e-05,1.3e-05,1.3e-09,0.06499999999999999,,,,,
23,11824.0,3.2844444444444445,maxwell,100.0,0.37168829088390254,4.3247620583271117e-07,2.277232129479419e-15,53,144,8,0.38618582976774,4.4484951974831477e-07,1e-08,4.7265261473258444e-08,si03,1.0,1.0,0.018827213744171636,0.00046099140492809025,0.38618582976774,269.1214470284238,7e-05,1.3e-05,1.3e-09,0.06499999999999999,,,,,
23,11824.0,3.2844444444444445,maxwell,1000.0,0.3716882908831588,4.324762058307767e-06,2.285343378766147e-15,53,144,8,0.38618582976774,4.448495197483147e-06,1e-08,4.726526147325844e-07,si03,1.0,1.0,0.01883838834951597,4.612650193400367e-05,0.38618582976774,269.1214470284238,7e-05,1.3e-05,1.3e-09,0.06499999999999999,,,,,
23,11824.0,3.2844444444444445,maxwell,10000.0,0.37168829089416744,4.324762058199359e-05,2.357650016734639e-15,53,144,8,0.38618582976774,4.448495197483148e-05,1e-08,4.726526147325844e-06,si03,1.0,1.0,0.01883850016255823,4.612677571244025e-06,0.38618582976774,269.1214470284238,7e-05,1.3e-05,1.3e-09,0.06499999999999999,,,,,
23,11824.0,3.2844444444444445,interface,1.0,0.3742802031406065,0.006346394578363432,2.367662270903636e-15,53,144,8,0.3888788384318878,0.006593932933668095,1e-08,0.0,si03,1.0,1.0,0.002693008664147812,0.006593932933668095,0.38618582976774,269.1214470284238,7e-05,1.3e-05,1.3e-09,0.06499999999999999,,,,,
23,11824.0,3.2844444444444445,interface,2.5,0.3809424762423128,0.009063688270443314,2.3628147261509293e-15,53,144,8,0.39580097059297686,0.00941721348222236,1e-08,0.0,si03,1.0,1.0,0.009615140825236868,0.00941721348222236,0.38618582976774,269.1214470284238,7e-05,1.3e-05,1.3e-09,0.06499999999999999,,,,,
23,11824.0,3.2844444444444445,interface,10.0,0.3887940415216873,0.004188407337376329,2.358248710804157e-15,53,144,8,0.4039587827558398,0.00435177434060916,1e-08,0.0,si03,1.0,1.0,0.01777295298809979,0.00435177434060916,0.38618582976774,269.1214470284238,7e-05,1.3e-05,1.3e-09,0.06499999999999999,,,,,
23,11824.0,3.2844444444444445,interface,100.0,0.3898087249915161,0.00044368563986642187,2.331200367164978e-15,53,144,8,0.40501304351191164,0.00046099140492809025,1e-08,0.0,si03,1.0,1.0,0.018827213744171636,0.00046099140492809025,0.38618582976774,269.1214470284238,7e-05,1.3e-05,1.3e-09,0.06499999999999999,,,,,
23,11824.0,3.2844444444444445,interface,1000.0,0.38981948009682676,4.4394898270511314e-05,2.4405280476394905e-15,53,144,8,0.405024218117256,4.612650193400367e-05,1e-08,0.0,si03,1.0,1.0,0.01883838834951597,4.612650193400367e-05,0.38618582976774,269.1214470284238,7e-05,1.3e-05,1.3e-09,0.06499999999999999,,,,,
23,11824.0,3.2844444444444445,interface,10000.0,0.38981958771369124,4.43951617714122e-06,2.135721140209991e-15,53,144,8,0.40502432993029824,4.612677571244025e-06,1e-08,0.0,si03,1.0,1.0,0.01883850016255823,4.612677571244025e-06,0.38618582976774,269.1214470284238,7e-05,1.3e-05,1.3e-09,0.06499999999999999,,,,,
23,11824.0,3.2844444444444445,all,1.0,0.3742802031397194,0.006346398903154477,2.254540972624815e-15,53,144,8,0.3888788384318878,0.006593937382163293,1e-08,4.726526147325844e-10,si03,1.0,1.0,0.002693008664147812,0.006593932933668095,0.38618582976774,269.1214470284238,7e-05,1.3e-05,1.3e-09,0.06499999999999999,,,,,
23,11824.0,3.2844444444444445,all,2.5,0.38094247624336847,0.0090636990823466,2.4597193007063533e-15,53,144,8,0.39580097059297686,0.009417224603460353,1e-08,1.1816315368314611e-09,si03,1.0,1.0,0.009615140825236868,0.00941721348222236,0.38618582976774,269.1214470284238,7e-05,1.3e-05,1.3e-09,0.06499999999999999,,,,,
23,11824.0,3.2844444444444445,all,10.0,0.3887940415212372,0.00418845058499142,2.2636990133491617e-15,53,144,8,0.4039587827558398,0.0043518188255611346,1e-08,4.7265261473258444e-09,si03,1.0,1.0,0.01777295298809979,0.00435177434060916,0.38618582976774,269.1214470284238,7e-05,1.3e-05,1.3e-09,0.06499999999999999,,,,,
23,11824.0,3.2844444444444445,all,100.0,0.3898087249918216,0.00044411811607464346,2.257575264035537e-15,53,144,8,0.40501304351191164,0.0004614362544478386,1e-08,4.7265261473258444e-08,si03,1.0,1.0,0.018827213744171636,0.00046099140492809025,0.38618582976774,269.1214470284238,7e-05,1.3e-05,1.3e-09,0.06499999999999999,,,,,
23,11824.0,3.2844444444444445,all,1000.0,0.3898194800971804,4.871966032905686e-05,2.429745299275292e-15,53,144,8,0.405024218117256,5.0574997131486816e-05,1e-08,4.726526147325844e-07,si03,1.0,1.0,0.01883838834951597,4.612650193400367e-05,0.38618582976774,269.1214470284238,7e-05,1.3e-05,1.3e-09,0.06499999999999999,,,,,
23,11824.0,3.2844444444444445,all,10000.0,0.38981958772303543,4.768713676094346e-05,2.34025732302432e-15,53,144,8,0.40502432993029824,4.90976295460755e-05,1e-08,4.726526147325844e-06,si03,1.0,1.0,0.01883850016255823,4.612677571244025e-06,0.38618582976774,269.1214470284238,7e-05,1.3e-05,1.3e-09,0.06499999999999999,,,,,
24,12724.0,3.5344444444444445,maxwell,1.0,0.38773001842759064,4.378523687172575e-09,1.9889680541561638e-15,53,144,8,0.396948663814192,4.448495197483147e-09,1e-08,4.726526147325844e-10,si03,1.0,1.0,0.0023335422131984924,0.005713765817602179,0.396948663814192,233.19875107665803,7e-05,1.3e-05,1.3e-09,0.06499999999999999,,,,,
24,12724.0,3.5344444444444445,maxwell,2.5,0.387730018427892,1.0946309217992487e-08,2.147833117416389e-15,53,144,8,0.396948663814192,1.112123799370787e-08,1e-08,1.1816315368314611e-09,si03,1.0,1.0,0.00833169877997351,0.008160191047295373,0.396948663814192,233.19875107665803,7e-05,1.3e-05,1.3e-09,0.06499999999999999,,,,,
24,12724.0,3.5344444444444445,maxwell,10.0,0.38773001842827554,4.3785236872047644e-08,2.4250517392878226e-15,53,144,8,0.396948663814192,4.448495197483148e-08,1e-08,4.7265261473258444e-09,si03,1.0,1.0,0.015400595105046697,0.0037708935961923533,0.396948663814192,233.19875107665803,7e-05,1.3e-05,1.3e-09,0.06499999999999999,,,,,
24,12724.0,3.5344444444444445,maxwell,100.0,0.3877300184275448,4.3785236871851384e-07,2.3787205101694714e-15,53,144,8,0.396948663814192,4.4484951974831477e-07,1e-08,4.7265261473258444e-08,si03,1.0,1.0,0.016314131704748176,0.0003994576466250587,0.396948663814192,233.19875107665803,7e-05,1.3e-05,1.3e-09,0.06499999999999999,,,,,
24,12724.0,3.5344444444444445,maxwell,1000.0,0.3877300184270142,4.37852368716596e-06,2.2836595316982134e-15,53,144,8,0.396948663814192,4.448495197483147e-06,1e-08,4.726526147325844e-07,si03,1.0,1.0,0.016323814708607016,3.996947386139991e-05,0.396948663814192,233.19875107665803,7e-05,1.3e-05,1.3e-09,0.06499999999999999,,,,,
24,12724.0,3.5344444444444445,maxwell,10000.0,0.38773001843790605,4.378523687036819e-05,2.2815592424654275e-15,53,144,8,0.396948663814192,4.448495197483148e-05,1e-08,4.726526147325844e-06,si03,1.0,1.0,0.016323911596692664,3.996971109551926e-06,0.396948663814192,233.19875107665803,7e-05,1.3e-05,1.3e-09,0.06499999999999999,,,,,
24,12724.0,3.5344444444444445,interface,1.0,0.3900093669840852,0.005581070611073116,2.4626714753102373e-15,53,144,8,0.3992822060273905,0.005713765817602179,1e-08,0.0,si03,1.0,1.0,0.0023335422131984924,0.005713765817602179,0.396948663814192,233.19875107665803,7e-05,1.3e-05,1.3e-09,0.06499999999999999,,,,,
24,12724.0,3.5344444444444445,interface,2.5,0.39586822371866687,0.007970680613968184,2.4238675316983455e-15,53,144,8,0.40528036259416556,0.008160191047295373,1e-08,0.0,si03,1.0,1.0,0.00833169877997351,0.008160191047295373,0.396948663814192,233.19875107665803,7e-05,1.3e-05,1.3e-09,0.06499999999999999,,,,,
24,12724.0,3.5344444444444445,interface,10.0,0.40277295359166715,0.0036833192152089483,2.4054987988129027e-15,53,144,8,0.41234925891923874,0.0037708935961923533,1e-08,0.0,si03,1.0,1.0,0.015400595105046697,0.0037708935961923533,0.396948663814192,233.19875107665803,7e-05,1.3e-05,1.3e-09,0.06499999999999999,,,,,
24,12724.0,3.5344444444444445,interface,100.0,0.40366527442497485,0.0003901807324846853,2.3977170423193922e-15,53,144,8,0.4132627955189402,0.0003994576466250587,1e-08,0.0,si03,1.0,1.0,0.016314131704748176,0.0003994576466250587,0.396948663814192,233.19875107665803,7e-05,1.3e-05,1.3e-09,0.06499999999999999,,,,,
24,12724.0,3.5344444444444445,interface,1000.0,0.40367473255238034,3.904123183009375e-05,2.1054642479880384e-15,53,144,8,0.413272478522799,3.996947386139991e-05,1e-08,0.0,si03,1.0,1.0,0.016323814708607016,3.996947386139991e-05,0.396948663814192,233.19875107665803,7e-05,1.3e-05,1.3e-09,0.06499999999999999,,,,,
24,12724.0,3.5344444444444445,interface,10000.0,0.40367482718876185,3.904146355473386e-06,2.4857292634176748e-15,53,144,8,0.4132725754108847,3.996971109551926e-06,1e-08,0.0,si03,1.0,1.0,0.016323911596692664,3.996971109551926e-06,0.396948663814192,233.19875107665803,7e-05,1.3e-05,1.3e-09,0.06499999999999999,,,,,
24,12724.0,3.5344444444444445,all,1.0,0.39000936698449007,0.005581074989602337,2.4338111150375243e-15,53,144,8,0.3992822060273905,0.005713770266097376,1e-08,4.726526147325844e-10,si03,1.0,1.0,0.0023335422131984924,0.005713765817602179,0.396948663814192,233.19875107665803,7e-05,1.3e-05,1.3e-09,0.06499999999999999,,,,,
24,12724.0,3.5344444444444445,all,2.5,0.39586822371837693,0.007970691560222114,2.4302841432369718e-15,53,144,8,0.40528036259416556,0.008160202168533366,1e-08,1.1816315368314611e-09,si03,1.0,1.0,0.00833169877997351,0.008160191047295373,0.396948663814192,233.19875107665803,7e-05,1.3e-05,1.3e-09,0.06499999999999999,,,,,
24,12724.0,3.5344444444444445,all,10.0,0.4027729535920179,0.0036833630004459218,2.1983882434782295e-15,53,144,8,0.41234925891923874,0.003770938081144328,1e-08,4.7265261473258444e-09,si03,1.0,1.0,0.015400595105046697,0.0037708935961923533,0.396948663814192,233.19875107665803,7e-05,1.3e-05,1.3e-09,0.06499999999999999,,,,,
24,12724.0,3.5344444444444445,all,100.0,0.40366527442317035,0.0003906185848525149,2.1975119641279487e-15,53,144,8,0.4132627955189402,0.00039990249614480704,1e-08,4.7265261473258444e-08,si03,1.0,1.0,0.016314131704748176,0.0003994576466250587,0.396948663814192,233.19875107665803,7e-05,1.3e-05,1.3e-09,0.06499999999999999,,,,,
24,12724.0,3.5344444444444445,all,1000.0,0.40367473255144115,4.3419755517585084e-05,2.2816064660023537e-15,53,144,8,0.413272478522799,4.4417969058883056e-05,1e-08,4.726526147325844e-07,si03,1.0,1.0,0.016323814708607016,3.996947386139991e-05,0.396948663814192,233.19875107665803,7e-05,1.3e-05,1.3e-09,0.06499999999999999,,,,,
24,12724.0,3.5344444444444445,all,10000.0,0.4036748271967542,4.7689383227296885e-05,2.8923039152997275e-15,53,144,8,0.4132725754108847,4.8481923084383405e-05,1e-08,4.726526147325844e-06,si03,1.0,1.0,0.016323911596692664,3.996971109551926e-06,0.396948663814192,233.19875107665803,7e-05,1.3e-05,1.3e-09,0.06499999999999999,,,,,
25,13624.0,3.7844444444444445,maxwell,1.0,0.4033569784566929,4.418393090730867e-09,2.1390188995928665e-15,53,144,8,0.407711497860644,4.448495197483147e-09,1e-08,4.726526147325844e-10,si03,1.0,1.0,0.0014164260244659654,0.003468172358734774,0.407711497860644,141.5482342807924,7e-05,1.3e-05,1.3e-09,0.06499999999999999,,,,,
25,13624.0,3.7844444444444445,maxwell,2.5,0.40335697845384205,1.1045982726859016e-08,2.3984176008167255e-15,53,144,8,0.407711497860644,1.112123799370787e-08,1e-08,1.1816315368314611e-09,si03,1.0,1.0,0.0050572194122815274,0.004953116724707046,0.407711497860644,141.5482342807924,7e-05,1.3e-05,1.3e-09,0.06499999999999999,,,,,
25,13624.0,3.7844444444444445,maxwell,10.0,0.4033569784557145,4.418393090758568e-08,2.4541127448641915e-15,53,144,8,0.407711497860644,4.448495197483148e-08,1e-08,4.7265261473258444e-09,si03,1.0,1.0,0.009347936187171862,0.002288877310609242,0.407711497860644,141.5482342807924,7e-05,1.3e-05,1.3e-09,0.06499999999999999,,,,,
25,13624.0,3.7844444444444445,maxwell,100.0,0.4033569784537361,4.41839309073419e-07,2.5331267004089652e-15,53,144,8,0.407711497860644,4.4484951974831477e-07,1e-08,4.7265261473258444e-08,si03,1.0,1.0,0.009902439554113634,0.0002424649544162906,0.407711497860644,141.5482342807924,7e-05,1.3e-05,1.3e-09,0.06499999999999999,,,,,
25,13624.0,3.7844444444444445,maxwell,1000.0,0.40335697845427876,4.418393090725555e-06,2.297669302874761e-15,53,144,8,0.407711497860644,4.448495197483147e-06,1e-08,4.726526147325844e-07,si03,1.0,1.0,0.009908316995962807,2.426088657890647e-05,0.407711497860644,141.5482342807924,7e-05,1.3e-05,1.3e-09,0.06499999999999999,,,,,
25,13624.0,3.7844444444444445,maxwell,10000.0,0.4033569784601519,4.418393090640088e-05,2.4455751739180996e-15,53,144,8,0.407711497860644,4.448495197483148e-05,1e-08,4.726526147325844e-06,si03,1.0,1.0,0.009908375805615016,2.426103057655032e-06,0.407711497860644,141.5482342807924,7e-05,1.3e-05,1.3e-09,0.06499999999999999,,,,,
25,13624.0,3.7844444444444445,interface,1.0,0.40475827649283824,0.003431130908624907,2.4824977044577355e-15,53,144,8,0.40912792388510993,0.003468172358734774,1e-08,0.0,si03,1.0,1.0,0.0014164260244659654,0.003468172358734774,0.407711497860644,141.5482342807924,7e-05,1.3e-05,1.3e-09,0.06499999999999999,,,,,
25,13624.0,3.7844444444444445,interface,2.5,0.4083601847691441,0.004900215482445229,2.2281450072810266e-15,53,144,8,0.4127687172729255,0.004953116724707046,1e-08,0.0,si03,1.0,1.0,0.0050572194122815274,0.004953116724707046,0.407711497860644,141.5482342807924,7e-05,1.3e-05,1.3e-09,0.06499999999999999,,,,,
25,13624.0,3.7844444444444445,interface,10.0,0.41260507499420035,0.002264431197218716,2.4561961171033997e-15,53,144,8,0.41705943404781587,0.002288877310609242,1e-08,0.0,si03,1.0,1.0,0.009347936187171862,0.002288877310609242,0.407711497860644,141.5482342807924,7e-05,1.3e-05,1.3e-09,0.06499999999999999,,,,,
25,13624.0,3.7844444444444445,interface,100.0,0.4131536560463828,0.00023987533297250982,2.5202574899511483e-15,53,144,8,0.4176139374147576,0.0002424649544162906,1e-08,0.0,si03,1.0,1.0,0.009902439554113634,0.0002424649544162906,0.407711497860644,141.5482342807924,7e-05,1.3e-05,1.3e-09,0.06499999999999999,,,,,
25,13624.0,3.7844444444444445,interface,1000.0,0.41315947071648135,2.4001770731437296e-05,2.6181947287097304e-15,53,144,8,0.41761981485660676,2.426088657890647e-05,1e-08,0.0,si03,1.0,1.0,0.009908316995962807,2.426088657890647e-05,0.407711497860644,141.5482342807924,7e-05,1.3e-05,1.3e-09,0.06499999999999999,,,,,
25,13624.0,3.7844444444444445,interface,10000.0,0.4131595288959898,2.400191319100939e-06,2.418795946773831e-15,53,144,8,0.41761987366625897,2.426103057655032e-06,1e-08,0.0,si03,1.0,1.0,0.009908375805615016,2.426103057655032e-06,0.407711497860644,141.5482342807924,7e-05,1.3e-05,1.3e-09,0.06499999999999999,,,,,
25,13624.0,3.7844444444444445,all,1.0,0.4047582764915966,0.0034311353270014824,2.338982044649434e-15,53,144,8,0.40912792388510993,0.0034681768072299716,1e-08,4.726526147325844e-10,si03,1.0,1.0,0.0014164260244659654,0.003468172358734774,0.407711497860644,141.5482342807924,7e-05,1.3e-05,1.3e-09,0.06499999999999999,,,,,
25,13624.0,3.7844444444444445,all,2.5,0.4083601847688502,0.004900226528441726,2.2628210408316864e-15,53,144,8,0.4127687172729255,0.00495312784594504,1e-08,1.1816315368314611e-09,si03,1.0,1.0,0.0050572194122815274,0.004953116724707046,0.407711497860644,141.5482342807924,7e-05,1.3e-05,1.3e-09,0.06499999999999999,,,,,
25,13624.0,3.7844444444444445,all,10.0,0.41260507499395976,0.002264475381154464,2.3308173806038986e-15,53,144,8,0.41705943404781587,0.0022889217955612165,1e-08,4.7265261473258444e-09,si03,1.0,1.0,0.009347936187171862,0.002288877310609242,0.407711497860644,141.5482342807924,7e-05,1.3e-05,1.3e-09,0.06499999999999999,,,,,
25,13624.0,3.7844444444444445,all,100.0,0.41315365604582815,0.00024031717228087607,2.3489276154840424e-15,53,144,8,0.4176139374147576,0.00024290980393603892,1e-08,4.7265261473258444e-08,si03,1.0,1.0,0.009902439554113634,0.0002424649544162906,0.407711497860644,141.5482342807924,7e-05,1.3e-05,1.3e-09,0.06499999999999999,,,,,
25,13624.0,3.7844444444444445,all,1000.0,0.4131594707163754,2.842016382230418e-05,2.4647539112543746e-15,53,144,8,0.41761981485660676,2.8709381776389615e-05,1e-08,4.726526147325844e-07,si03,1.0,1.0,0.009908316995962807,2.426088657890647e-05,0.407711497860644,141.5482342807924,7e-05,1.3e-05,1.3e-09,0.06499999999999999,,,,,
25,13624.0,3.7844444444444445,all,10000.0,0.4131595289010736,4.6584122226230656e-05,2.2688088034445892e-15,53,144,8,0.41761987366625897,4.6911055032486515e-05,1e-08,4.726526147325844e-06,si03,1.0,1.0,0.009908375805615016,2.426103057655032e-06,0.407711497860644,141.5482342807924,7e-05,1.3e-05,1.3e-09,0.06499999999999999,,,,,
26,14524.0,4.0344444444444445,maxwell,1.0,0.4183016955096556,4.4472739397814695e-09,2.349115725259816e-15,53,144,8,0.41847433190709604,4.448495197483147e-09,1e-08,4.726526147325844e-10,si03,1.0,1.0,0.0003367876893953456,0.000824637315996418,0.41847433190709604,33.656330749354005,7e-05,1.3e-05,1.3e-09,0.06499999999999999,,,,,
26,14524.0,4.0344444444444445,maxwell,2.5,0.4183016955087165,1.111818484949341e-08,2.149434434798395e-15,53,144,8,0.41847433190709604,1.112123799370787e-08,1e-08,1.1816315368314611e-09,si03,1.0,1.0,0.0012024696039242455,0.0011777168085064448,0.41847433190709604,33.656330749354005,7e-05,1.3e-05,1.3e-09,0.06499999999999999,,,,,
26,14524.0,4.0344444444444445,maxwell,10.0,0.418301695508918,4.447273939778949e-08,2.1234829265570223e-15,53,144,8,0.41847433190709604,4.448495197483148e-08,1e-08,4.7265261473258444e-09,si03,1.0,1.0,0.002222685671339412,0.0005442329408203005,0.41847433190709604,33.656330749354005,7e-05,1.3e-05,1.3e-09,0.06499999999999999,,,,,
26,14524.0,4.0344444444444445,maxwell,100.0,0.41830169550995316,4.447273939785283e-07,2.192554564921943e-15,53,144,8,0.41847433190709604,4.4484951974831477e-07,1e-08,4.7265261473258444e-08,si03,1.0,1.0,0.0023545315316162796,5.765158952653264e-05,0.41847433190709604,33.656330749354005,7e-05,1.3e-05,1.3e-09,0.06499999999999999,,,,,
26,14524.0,4.0344444444444445,maxwell,1000.0,0.4183016955096418,4.447273939785916e-06,2.3328166076021943e-15,53,144,8,0.41847433190709604,4.448495197483147e-06,1e-08,4.726526147325844e-07,si03,1.0,1.0,0.002355929027867935,5.768580774751778e-06,0.41847433190709604,33.656330749354005,7e-05,1.3e-05,1.3e-09,0.06499999999999999,,,,,
26,14524.0,4.0344444444444445,maxwell,10000.0,0.4183016955085056,4.4472739397827535e-05,2.373056815760613e-15,53,144,8,0.41847433190709604,4.448495197483148e-05,1e-08,4.726526147325844e-06,si03,1.0,1.0,0.0023559430112080736,5.768615013485686e-07,0.41847433190709604,33.656330749354005,7e-05,1.3e-05,1.3e-09,0.06499999999999999,,,,,
26,14524.0,4.0344444444444445,interface,1.0,0.4186383442610533,0.000824297122068339,2.2500511089672905e-15,53,144,8,0.41881111959649137,0.000824637315996418,1e-08,0.0,si03,1.0,1.0,0.0003367876893953456,0.000824637315996418,0.41847433190709604,33.656330749354005,7e-05,1.3e-05,1.3e-09,0.06499999999999999,,,,,
26,14524.0,4.0344444444444445,interface,2.5,0.4195036690509581,0.0011772309560036612,2.314827378115476e-15,53,144,8,0.41967680151102027,0.0011777168085064448,1e-08,0.0,si03,1.0,1.0,0.0012024696039242455,0.0011777168085064448,0.41847433190709604,33.656330749354005,7e-05,1.3e-05,1.3e-09,0.06499999999999999,,,,,
26,14524.0,4.0344444444444445,interface,10.0,0.42052346423818504,0.0005440084242517356,2.2515215417682207e-15,53,144,8,0.4206970175784355,0.0005442329408203005,1e-08,0.0,si03,1.0,1.0,0.002222685671339412,0.0005442329408203005,0.41847433190709604,33.656330749354005,7e-05,1.3e-05,1.3e-09,0.06499999999999999,,,,,
26,14524.0,4.0344444444444445,interface,100.0,0.42065525570734486,5.762780607629475e-05,2.1362185596851058e-15,53,144,8,0.42082886343871234,5.765158952653264e-05,1e-08,0.0,si03,1.0,1.0,0.0023545315316162796,5.765158952653264e-05,0.41847433190709604,33.656330749354005,7e-05,1.3e-05,1.3e-09,0.06499999999999999,,,,,
26,14524.0,4.0344444444444445,interface,1000.0,0.4206566526280729,5.7662010180948804e-06,2.0550650788995514e-15,53,144,8,0.42083026093496395,5.768580774751778e-06,1e-08,0.0,si03,1.0,1.0,0.002355929027867935,5.768580774751778e-06,0.41847433190709604,33.656330749354005,7e-05,1.3e-05,1.3e-09,0.06499999999999999,,,,,
26,14524.0,4.0344444444444445,interface,10000.0,0.4206566666050532,5.76623524268862e-07,2.394158960060755e-15,53,144,8,0.4208302749183041,5.768615013485686e-07,1e-08,0.0,si03,1.0,1.0,0.0023559430112080736,5.768615013485686e-07,0.41847433190709604,33.656330749354005,7e-05,1.3e-05,1.3e-09,0.06499999999999999,,,,,
26,14524.0,4.0344444444444445,all,1.0,0.4186383442607212,0.0008243015693408607,2.48608907728097e-15,53,144,8,0.41881111959649137,0.0008246417644916155,1e-08,4.726526147325844e-10,si03,1.0,1.0,0.0003367876893953456,0.000824637315996418,0.41847433190709604,33.656330749354005,7e-05,1.3e-05,1.3e-09,0.06499999999999999,,,,,
26,14524.0,4.0344444444444445,all,2.5,0.419503669049649,0.0011772420741850277,2.3867645403305995e-15,53,144,8,0.41967680151102027,0.0011777279297444385,1e-08,1.1816315368314611e-09,si03,1.0,1.0,0.0012024696039242455,0.0011777168085064448,0.41847433190709604,33.656330749354005,7e-05,1.3e-05,1.3e-09,0.06499999999999999,,,,,
26,14524.0,4.0344444444444445,all,10.0,0.4205234642390863,0.0005440528969909841,2.149946928297083e-15,53,144,8,0.4206970175784355,0.0005442774257722753,1e-08,4.7265261473258444e-09,si03,1.0,1.0,0.002222685671339412,0.0005442329408203005,0.41847433190709604,33.656330749354005,7e-05,1.3e-05,1.3e-09,0.06499999999999999,,,,,
26,14524.0,4.0344444444444445,all,100.0,0.42065525570849205,5.807253347018364e-05,2.320991903447169e-15,53,144,8,0.42082886343871234,5.8096439046280954e-05,1e-08,4.7265261473258444e-08,si03,1.0,1.0,0.0023545315316162796,5.765158952653264e-05,0.41847433190709604,33.656330749354005,7e-05,1.3e-05,1.3e-09,0.06499999999999999,,,,,
26,14524.0,4.0344444444444445,all,1000.0,0.42065665262831553,1.0213474957882825e-05,2.3245607210338455e-15,53,144,8,0.42083026093496395,1.0217075972234926e-05,1e-08,4.726526147325844e-07,si03,1.0,1.0,0.002355929027867935,5.768580774751778e-06,0.41847433190709604,33.656330749354005,7e-05,1.3e-05,1.3e-09,0.06499999999999999,,,,,
26,14524.0,4.0344444444444445,all,10000.0,0.42065666660633494,4.5049362922193256e-05,2.264057181511997e-15,53,144,8,0.4208302749183041,4.506181347618005e-05,1e-08,4.726526147325844e-06,si03,1.0,1.0,0.0023559430112080736,5.768615013485686e-07,0.41847433190709604,33.656330749354005,7e-05,1.3e-05,1.3e-09,0.06499999999999999,,,,,
27,15424.0,4.2844444444444445,maxwell,1.0,0.42923716595137884,4.448495197455506e-09,2.701096052260084e-15,53,144,8,0.429237165953548,4.448495197483147e-09,1e-08,4.726526147325844e-10,si03,1.0,1.0,0.0,0.0,0.429237165953548,0.0,7e-05,1.3e-05,1.3e-09,0.06499999999999999,,,,,
27,15424.0,4.2844444444444445,maxwell,2.5,0.42923716595257544,1.1121237993723981e-08,2.1351971230067214e-15,53,144,8,0.429237165953548,1.112123799370787e-08,1e-08,1.1816315368314611e-09,si03,1.0,1.0,0.0,0.0,0.429237165953548,0.0,7e-05,1.3e-05,1.3e-09,0.06499999999999999,,,,,
27,15424.0,4.2844444444444445,maxwell,10.0,0.4292371659519401,4.448495197483262e-08,2.24141378963285e-15,53,144,8,0.429237165953548,4.448495197483148e-08,1e-08,4.7265261473258444e-09,si03,1.0,1.0,0.0,0.0,0.429237165953548,0.0,7e-05,1.3e-05,1.3e-09,0.06499999999999999,,,,,
27,15424.0,4.2844444444444445,maxwell,100.0,0.42923716595235706,4.4484951974807067e-07,2.1946818864415424e-15,53,144,8,0.429237165953548,4.4484951974831477e-07,1e-08,4.7265261473258444e-08,si03,1.0,1.0,0.0,0.0,0.429237165953548,0.0,7e-05,1.3e-05,1.3e-09,0.06499999999999999,,,,,
27,15424.0,4.2844444444444445,maxwell,1000.0,0.4292371659540297,4.448495197468276e-06,2.1236584025664633e-15,53,144,8,0.429237165953548,4.448495197483147e-06,1e-08,4.726526147325844e-07,si03,1.0,1.0,0.0,0.0,0.429237165953548,0.0,7e-05,1.3e-05,1.3e-09,0.06499999999999999,,,,,
27,15424.0,4.2844444444444445,maxwell,10000.0,0.4292371659536407,4.448495197475026e-05,2.3179213085342576e-15,53,144,8,0.429237165953548,4.448495197483148e-05,1e-08,4.726526147325844e-06,si03,1.0,1.0,0.0,0.0,0.429237165953548,0.0,7e-05,1.3e-05,1.3e-09,0.06499999999999999,,,,,
27,15424.0,4.2844444444444445,interface,1.0,0.42923716595274763,0.0,1.948908355623836e-15,53,144,8,0.429237165953548,0.0,1e-08,0.0,si03,1.0,1.0,0.0,0.0,0.429237165953548,0.0,7e-05,1.3e-05,1.3e-09,0.06499999999999999,,,,,
27,15424.0,4.2844444444444445,interface,2.5,0.42923716595274763,0.0,1.948908355623836e-15,53,144,8,0.429237165953548,0.0,1e-08,0.0,si03,1.0,1.0,0.0,0.0,0.429237165953548,0.0,7e-05,1.3e-05,1.3e-09,0.06499999999999999,,,,,
27,15424.0,4.2844444444444445,interface,10.0,0.42923716595274763,0.0,1.948908355623836e-15,53,144,8,0.429237165953548,0.0,1e-08,0.0,si03,1.0,1.0,0.0,0.0,0.429237165953548,0.0,7e-05,1.3e-05,1.3e-09,0.06499999999999999,,,,,
27,15424.0,4.2844444444444445,interface,100.0,0.42923716595274763,0.0,1.948908355623836e-15,53,144,8,0.429237165953548,0.0,1e-08,0.0,si03,1.0,1.0,0.0,0.0,0.429237165953548,0.0,7e-05,1.3e-05,1.3e-09,0.06499999999999999,,,,,
27,15424.0,4.2844444444444445,interface,1000.0,0.42923716595274763,0.0,1.948908355623836e-15,53,144,8,0.429237165953548,0.0,1e-08,0.0,si03,1.0,1.0,0.0,0.0,0.429237165953548,0.0,7e-05,1.3e-05,1.3e-09,0.06499999999999999,,,,,
27,15424.0,4.2844444444444445,interface,10000.0,0.42923716595274763,0.0,1.948908355623836e-15,53,144,8,0.429237165953548,0.0,1e-08,0.0,si03,1.0,1.0,0.0,0.0,0.429237165953548,0.0,7e-05,1.3e-05,1.3e-09,0.06499999999999999,,,,,
27,15424.0,4.2844444444444445,all,1.0,0.42923716595137884,4.448495197455506e-09,2.701096052260084e-15,53,144,8,0.429237165953548,4.448495197483147e-09,1e-08,4.726526147325844e-10,si03,1.0,1.0,0.0,0.0,0.429237165953548,0.0,7e-05,1.3e-05,1.3e-09,0.06499999999999999,,,,,
27,15424.0,4.2844444444444445,all,2.5,0.42923716595257544,1.1121237993723981e-08,2.1351971230067214e-15,53,144,8,0.429237165953548,1.112123799370787e-08,1e-08,1.1816315368314611e-09,si03,1.0,1.0,0.0,0.0,0.429237165953548,0.0,7e-05,1.3e-05,1.3e-09,0.06499999999999999,,,,,
27,15424.0,4.2844444444444445,all,10.0,0.4292371659519401,4.448495197483262e-08,2.24141378963285e-15,53,144,8,0.429237165953548,4.448495197483148e-08,1e-08,4.7265261473258444e-09,si03,1.0,1.0,0.0,0.0,0.429237165953548,0.0,7e-05,1.3e-05,1.3e-09,0.06499999999999999,,,,,
27,15424.0,4.2844444444444445,all,100.0,0.42923716595235706,4.4484951974807067e-07,2.1946818864415424e-15,53,144,8,0.429237165953548,4.4484951974831477e-07,1e-08,4.7265261473258444e-08,si03,1.0,1.0,0.0,0.0,0.429237165953548,0.0,7e-05,1.3e-05,1.3e-09,0.06499999999999999,,,,,
27,15424.0,4.2844444444444445,all,1000.0,0.4292371659540297,4.448495197468276e-06,2.1236584025664633e-15,53,144,8,0.429237165953548,4.448495197483147e-06,1e-08,4.726526147325844e-07,si03,1.0,1.0,0.0,0.0,0.429237165953548,0.0,7e-05,1.3e-05,1.3e-09,0.06499999999999999,,,,,
27,15424.0,4.2844444444444445,all,10000.0,0.4292371659536407,4.448495197475026e-05,2.3179213085342576e-15,53,144,8,0.429237165953548,4.448495197483148e-05,1e-08,4.726526147325844e-06,si03,1.0,1.0,0.0,0.0,0.429237165953548,0.0,7e-05,1.3e-05,1.3e-09,0.06499999999999999,,,,,
28,16324.0,4.5344444444444445,maxwell,1.0,0.43999999999888634,4.44849519747941e-09,2.3653618928013298e-15,53,144,8,0.44,4.448495197483147e-09,1e-08,4.726526147325844e-10,si03,1.0,1.0,0.0,0.0,0.44,0.0,7e-05,1.3e-05,1.3e-09,0.06499999999999999,,,,,
28,16324.0,4.5344444444444445,maxwell,2.5,0.4400000000000922,1.112123799373072e-08,2.013130976601701e-15,53,144,8,0.44,1.112123799370787e-08,1e-08,1.1816315368314611e-09,si03,1.0,1.0,0.0,0.0,0.44,0.0,7e-05,1.3e-05,1.3e-09,0.06499999999999999,,,,,
28,16324.0,4.5344444444444445,maxwell,10.0,0.43999999999997064,4.4484951974909933e-08,2.0108588622306836e-15,53,144,8,0.44,4.448495197483148e-08,1e-08,4.7265261473258444e-09,si03,1.0,1.0,0.0,0.0,0.44,0.0,7e-05,1.3e-05,1.3e-09,0.06499999999999999,,,,,
28,16324.0,4.5344444444444445,maxwell,100.0,0.4399999999991249,4.448495197476578e-07,2.2657916290138274e-15,53,144,8,0.44,4.4484951974831477e-07,1e-08,4.7265261473258444e-08,si03,1.0,1.0,0.0,0.0,0.44,0.0,7e-05,1.3e-05,1.3e-09,0.06499999999999999,,,,,
28,16324.0,4.5344444444444445,maxwell,1000.0,0.4399999999984578,4.448495197467893e-06,2.078870650573656e-15,53,144,8,0.44,4.448495197483147e-06,1e-08,4.726526147325844e-07,si03,1.0,1.0,0.0,0.0,0.44,0.0,7e-05,1.3e-05,1.3e-09,0.06499999999999999,,,,,
28,16324.0,4.5344444444444445,maxwell,10000.0,0.4400000000005265,4.44849519749042e-05,2.105062968429029e-15,53,144,8,0.44,4.448495197483148e-05,1e-08,4.726526147325844e-06,si03,1.0,1.0,0.0,0.0,0.44,0.0,7e-05,1.3e-05,1.3e-09,0.06499999999999999,,,,,
28,16324.0,4.5344444444444445,interface,1.0,0.4399999999999149,0.0,1.9267078293872954e-15,53,144,8,0.44,0.0,1e-08,0.0,si03,1.0,1.0,0.0,0.0,0.44,0.0,7e-05,1.3e-05,1.3e-09,0.06499999999999999,,,,,
28,16324.0,4.5344444444444445,interface,2.5,0.4399999999999149,0.0,1.9267078293872954e-15,53,144,8,0.44,0.0,1e-08,0.0,si03,1.0,1.0,0.0,0.0,0.44,0.0,7e-05,1.3e-05,1.3e-09,0.06499999999999999,,,,,
28,16324.0,4.5344444444444445,interface,10.0,0.4399999999999149,0.0,1.9267078293872954e-15,53,144,8,0.44,0.0,1e-08,0.0,si03,1.0,1.0,0.0,0.0,0.44,0.0,7e-05,1.3e-05,1.3e-09,0.06499999999999999,,,,,
28,16324.0,4.5344444444444445,interface,100.0,0.4399999999999149,0.0,1.9267078293872954e-15,53,144,8,0.44,0.0,1e-08,0.0,si03,1.0,1.0,0.0,0.0,0.44,0.0,7e-05,1.3e-05,1.3e-09,0.06499999999999999,,,,,
28,16324.0,4.5344444444444445,interface,1000.0,0.4399999999999149,0.0,1.9267078293872954e-15,53,144,8,0.44,0.0,1e-08,0.0,si03,1.0,1.0,0.0,0.0,0.44,0.0,7e-05,1.3e-05,1.3e-09,0.06499999999999999,,,,,
28,16324.0,4.5344444444444445,interface,10000.0,0.4399999999999149,0.0,1.9267078293872954e-15,53,144,8,0.44,0.0,1e-08,0.0,si03,1.0,1.0,0.0,0.0,0.44,0.0,7e-05,1.3e-05,1.3e-09,0.06499999999999999,,,,,
28,16324.0,4.5344444444444445,all,1.0,0.43999999999888634,4.44849519747941e-09,2.3653618928013298e-15,53,144,8,0.44,4.448495197483147e-09,1e-08,4.726526147325844e-10,si03,1.0,1.0,0.0,0.0,0.44,0.0,7e-05,1.3e-05,1.3e-09,0.06499999999999999,,,,,
28,16324.0,4.5344444444444445,all,2.5,0.4400000000000922,1.112123799373072e-08,2.013130976601701e-15,53,144,8,0.44,1.112123799370787e-08,1e-08,1.1816315368314611e-09,si03,1.0,1.0,0.0,0.0,0.44,0.0,7e-05,1.3e-05,1.3e-09,0.06499999999999999,,,,,
28,16324.0,4.5344444444444445,all,10.0,0.43999999999997064,4.4484951974909933e-08,2.0108588622306836e-15,53,144,8,0.44,4.448495197483148e-08,1e-08,4.7265261473258444e-09,si03,1.0,1.0,0.0,0.0,0.44,0.0,7e-05,1.3e-05,1.3e-09,0.06499999999999999,,,,,
28,16324.0,4.5344444444444445,all,100.0,0.4399999999991249,4.448495197476578e-07,2.2657916290138274e-15,53,144,8,0.44,4.4484951974831477e-07,1e-08,4.7265261473258444e-08,si03,1.0,1.0,0.0,0.0,0.44,0.0,7e-05,1.3e-05,1.3e-09,0.06499999999999999,,,,,
28,16324.0,4.5344444444444445,all,1000.0,0.4399999999984578,4.448495197467893e-06,2.078870650573656e-15,53,144,8,0.44,4.448495197483147e-06,1e-08,4.726526147325844e-07,si03,1.0,1.0,0.0,0.0,0.44,0.0,7e-05,1.3e-05,1.3e-09,0.06499999999999999,,,,,
28,16324.0,4.5344444444444445,all,10000.0,0.4400000000005265,4.44849519749042e-05,2.105062968429029e-15,53,144,8,0.44,4.448495197483148e-05,1e-08,4.726526147325844e-06,si03,1.0,1.0,0.0,0.0,0.44,0.0,7e-05,1.3e-05,1.3e-09,0.06499999999999999,,,,,
