frame,frequency_hz,mechanism,water_sigma_real_s_m,water_sigma_imag_s_m,solid_sigma_real_s_m,solid_sigma_imag_s_m,driver_mode,saturation_factor,interface_saturation_factor,interface_delta_real_s_m,interface_delta_imag_s_m,solution_sigma_w_s_m,interface_density_1_m,schwarz_sigma_s_s,schwarz_characteristic_length_m,schwarz_diffusion_coefficient_m2_s,schwarz_tau_s
1,1.0,maxwell,0.019808629190565665,4.448495197483147e-09,1e-08,4.726526147325844e-10,si03,1.0,1.0,0.008786269366415201,0.02151351078464423,0.019808629190565665,878.0415590008613,7e-05,1.3e-05,1.3e-09,0.06499999999999999
1,2.5,maxwell,0.019808629190565665,1.112123799370787e-08,1e-08,1.1816315368314611e-09,si03,1.0,1.0,0.031370570177233534,0.0307248080696487,0.019808629190565665,878.0415590008613,7e-05,1.3e-05,1.3e-09,0.06499999999999999
1,10.0,maxwell,0.019808629190565665,4.448495197483148e-08,1e-08,4.7265261473258444e-09,si03,1.0,1.0,0.05798642777092366,0.014198194787667163,0.019808629190565665,878.0415590008613,7e-05,1.3e-05,1.3e-09,0.06499999999999999
1,100.0,maxwell,0.019808629190565665,4.4484951974831477e-07,1e-08,4.7265261473258444e-08,si03,1.0,1.0,0.06142608212800276,0.0015040407085292876,0.019808629190565665,878.0415590008613,7e-05,1.3e-05,1.3e-09,0.06499999999999999
1,1000.0,maxwell,0.019808629190565665,4.448495197483147e-06,1e-08,4.726526147325844e-07,si03,1.0,1.0,0.06146254064145865,0.00015049334089345628,0.019808629190565665,878.0415590008613,7e-05,1.3e-05,1.3e-09,0.06499999999999999
1,10000.0,maxwell,0.019808629190565665,4.448495197483148e-05,1e-08,4.726526147325844e-06,si03,1.0,1.0,0.061462905445152406,1.5049423412901196e-05,0.019808629190565665,878.0415590008613,7e-05,1.3e-05,1.3e-09,0.06499999999999999
1,1.0,interface,0.028594898556980865,0.02151351078464423,1e-08,0.0,si03,1.0,1.0,0.008786269366415201,0.02151351078464423,0.019808629190565665,878.0415590008613,7e-05,1.3e-05,1.3e-09,0.06499999999999999
1,2.5,interface,0.0511791993677992,0.0307248080696487,1e-08,0.0,si03,1.0,1.0,0.031370570177233534,0.0307248080696487,0.019808629190565665,878.0415590008613,7e-05,1.3e-05,1.3e-09,0.06499999999999999
1,10.0,interface,0.07779505696148932,0.014198194787667163,1e-08,0.0,si03,1.0,1.0,0.05798642777092366,0.014198194787667163,0.019808629190565665,878.0415590008613,7e-05,1.3e-05,1.3e-09,0.06499999999999999
1,100.0,interface,0.08123471131856842,0.0015040407085292876,1e-08,0.0,si03,1.0,1.0,0.06142608212800276,0.0015040407085292876,0.019808629190565665,878.0415590008613,7e-05,1.3e-05,1.3e-09,0.06499999999999999
1,1000.0,interface,0.08127116983202431,0.00015049334089345628,1e-08,0.0,si03,1.0,1.0,0.06146254064145865,0.00015049334089345628,0.019808629190565665,878.0415590008613,7e-05,1.3e-05,1.3e-09,0.06499999999999999
1,10000.0,interface,0.08127153463571807,1.5049423412901196e-05,1e-08,0.0,si03,1.0,1.0,0.061462905445152406,1.5049423412901196e-05,0.019808629190565665,878.0415590008613,7e-05,1.3e-05,1.3e-09,0.06499999999999999
1,1.0,all,0.028594898556980865,0.02151351523313943,1e-08,4.726526147325844e-10,si03,1.0,1.0,0.008786269366415201,0.02151351078464423,0.019808629190565665,878.0415590008613,7e-05,1.3e-05,1.3e-09,0.06499999999999999
1,2.5,all,0.0511791993677992,0.030724819190886692,1e-08,1.1816315368314611e-09,si03,1.0,1.0,0.031370570177233534,0.0307248080696487,0.019808629190565665,878.0415590008613,7e-05,1.3e-05,1.3e-09,0.06499999999999999
1,10.0,all,0.07779505696148932,0.014198239272619139,1e-08,4.7265261473258444e-09,si03,1.0,1.0,0.05798642777092366,0.014198194787667163,0.019808629190565665,878.0415590008613,7e-05,1.3e-05,1.3e-09,0.06499999999999999
1,100.0,all,0.08123471131856842,0.0015044855580490359,1e-08,4.7265261473258444e-08,si03,1.0,1.0,0.06142608212800276,0.0015040407085292876,0.019808629190565665,878.0415590008613,7e-05,1.3e-05,1.3e-09,0.06499999999999999
1,1000.0,all,0.08127116983202431,0.00015494183609093942,1e-08,4.726526147325844e-07,si03,1.0,1.0,0.06146254064145865,0.00015049334089345628,0.019808629190565665,878.0415590008613,7e-05,1.3e-05,1.3e-09,0.06499999999999999
1,10000.0,all,0.08127153463571807,5.9534375387732674e-05,1e-08,4.726526147325844e-06,si03,1.0,1.0,0.061462905445152406,1.5049423412901196e-05,0.019808629190565665,878.0415590008613,7e-05,1.3e-05,1.3e-09,0.06499999999999999
2,1.0,maxwell,0.02992655838113133,4.448495197483147e-09,1e-08,4.726526147325844e-10,si03,1.0,1.0,0.008786269366415201,0.02151351078464423,0.02992655838113133,878.0415590008613,7e-05,1.3e-05,1.3e-09,0.06499999999999999
2,2.5,maxwell,0.02992655838113133,1.112123799370787e-08,1e-08,1.1816315368314611e-09,si03,1.0,1.0,0.031370570177233534,0.0307248080696487,0.02992655838113133,878.0415590008613,7e-05,1.3e-05,1.3e-09,0.06499999999999999
2,10.0,maxwell,0.02992655838113133,4.448495197483148e-08,1e-08,4.7265261473258444e-09,si03,1.0,1.0,0.05798642777092366,0.014198194787667163,0.02992655838113133,878.0415590008613,7e-05,1.3e-05,1.3e-09,0.06499999999999999
2,100.0,maxwell,0.02992655838113133,4.4484951974831477e-07,1e-08,4.7265261473258444e-08,si03,1.0,1.0,0.06142608212800276,0.0015040407085292876,0.02992655838113133,878.0415590008613,7e-05,1.3e-05,1.3e-09,0.06499999999999999
2,1000.0,maxwell,0.02992655838113133,4.448495197483147e-06,1e-08,4.726526147325844e-07,si03,1.0,1.0,0.06146254064145865,0.00015049334089345628,0.02992655838113133,878.0415590008613,7e-05,1.3e-05,1.3e-09,0.06499999999999999
2,10000.0,maxwell,0.02992655838113133,4.448495197483148e-05,1e-08,4.726526147325844e-06,si03,1.0,1.0,0.061462905445152406,1.5049423412901196e-05,0.02992655838113133,878.0415590008613,7e-05,1.3e-05,1.3e-09,0.06499999999999999
2,1.0,interface,0.03871282774754653,0.02151351078464423,1e-08,0.0,si03,1.0,1.0,0.008786269366415201,0.02151351078464423,0.02992655838113133,878.0415590008613,7e-05,1.3e-05,1.3e-09,0.06499999999999999
2,2.5,interface,0.06129712855836486,0.0307248080696487,1e-08,0.0,si03,1.0,1.0,0.031370570177233534,0.0307248080696487,0.02992655838113133,878.0415590008613,7e-05,1.3e-05,1.3e-09,0.06499999999999999
2,10.0,interface,0.08791298615205499,0.014198194787667163,1e-08,0.0,si03,1.0,1.0,0.05798642777092366,0.014198194787667163,0.02992655838113133,878.0415590008613,7e-05,1.3e-05,1.3e-09,0.06499999999999999
2,100.0,interface,0.0913526405091341,0.0015040407085292876,1e-08,0.0,si03,1.0,1.0,0.06142608212800276,0.0015040407085292876,0.02992655838113133,878.0415590008613,7e-05,1.3e-05,1.3e-09,0.06499999999999999
2,1000.0,interface,0.09138909902258999,0.00015049334089345628,1e-08,0.0,si03,1.0,1.0,0.06146254064145865,0.00015049334089345628,0.02992655838113133,878.0415590008613,7e-05,1.3e-05,1.3e-09,0.06499999999999999
2,10000.0,interface,0.09138946382628374,1.5049423412901196e-05,1e-08,0.0,si03,1.0,1.0,0.061462905445152406,1.5049423412901196e-05,0.02992655838113133,878.0415590008613,7e-05,1.3e-05,1.3e-09,0.06499999999999999
2,1.0,all,0.03871282774754653,0.02151351523313943,1e-08,4.726526147325844e-10,si03,1.0,1.0,0.008786269366415201,0.02151351078464423,0.02992655838113133,878.0415590008613,7e-05,1.3e-05,1.3e-09,0.06499999999999999
2,2.5,all,0.06129712855836486,0.030724819190886692,1e-08,1.1816315368314611e-09,si03,1.0,1.0,0.031370570177233534,0.0307248080696487,0.02992655838113133,878.0415590008613,7e-05,1.3e-05,1.3e-09,0.06499999999999999
2,10.0,all,0.08791298615205499,0.014198239272619139,1e-08,4.7265261473258444e-09,si03,1.0,1.0,0.05798642777092366,0.014198194787667163,0.02992655838113133,878.0415590008613,7e-05,1.3e-05,1.3e-09,0.06499999999999999
2,100.0,all,0.0913526405091341,0.0015044855580490359,1e-08,4.7265261473258444e-08,si03,1.0,1.0,0.06142608212800276,0.0015040407085292876,0.02992655838113133,878.0415590008613,7e-05,1.3e-05,1.3e-09,0.06499999999999999
2,1000.0,all,0.09138909902258999,0.00015494183609093942,1e-08,4.726526147325844e-07,si03,1.0,1.0,0.06146254064145865,0.00015049334089345628,0.02992655838113133,878.0415590008613,7e-05,1.3e-05,1.3e-09,0.06499999999999999
2,10000.0,all,0.09138946382628374,5.9534375387732674e-05,1e-08,4.726526147325844e-06,si03,1.0,1.0,0.061462905445152406,1.5049423412901196e-05,0.02992655838113133,878.0415590008613,7e-05,1.3e-05,1.3e-09,0.06499999999999999
3,1.0,maxwell,0.05016241676226266,4.448495197483147e-09,1e-08,4.726526147325844e-10,si03,1.0,1.0,0.008786269366415201,0.02151351078464423,0.05016241676226266,878.0415590008613,7e-05,1.3e-05,1.3e-09,0.06499999999999999
3,2.5,maxwell,0.05016241676226266,1.112123799370787e-08,1e-08,1.1816315368314611e-09,si03,1.0,1.0,0.031370570177233534,0.0307248080696487,0.05016241676226266,878.0415590008613,7e-05,1.3e-05,1.3e-09,0.06499999999999999
3,10.0,maxwell,0.05016241676226266,4.448495197483148e-08,1e-08,4.7265261473258444e-09,si03,1.0,1.0,0.05798642777092366,0.014198194787667163,0.05016241676226266,878.0415590008613,7e-05,1.3e-05,1.3e-09,0.06499999999999999
3,100.0,maxwell,0.05016241676226266,4.4484951974831477e-07,1e-08,4.7265261473258444e-08,si03,1.0,1.0,0.06142608212800276,0.0015040407085292876,0.05016241676226266,878.0415590008613,7e-05,1.3e-05,1.3e-09,0.06499999999999999
3,1000.0,maxwell,0.05016241676226266,4.448495197483147e-06,1e-08,4.726526147325844e-07,si03,1.0,1.0,0.06146254064145865,0.00015049334089345628,0.05016241676226266,878.0415590008613,7e-05,1.3e-05,1.3e-09,0.06499999999999999
3,10000.0,maxwell,0.05016241676226266,4.448495197483148e-05,1e-08,4.726526147325844e-06,si03,1.0,1.0,0.061462905445152406,1.5049423412901196e-05,0.05016241676226266,878.0415590008613,7e-05,1.3e-05,1.3e-09,0.06499999999999999
3,1.0,interface,0.05894868612867786,0.02151351078464423,1e-08,0.0,si03,1.0,1.0,0.008786269366415201,0.02151351078464423,0.05016241676226266,878.0415590008613,7e-05,1.3e-05,1.3e-09,0.06499999999999999
3,2.5,interface,0.08153298693949619,0.0307248080696487,1e-08,0.0,si03,1.0,1.0,0.031370570177233534,0.0307248080696487,0.05016241676226266,878.0415590008613,7e-05,1.3e-05,1.3e-09,0.06499999999999999
3,10.0,interface,0.10814884453318632,0.014198194787667163,1e-08,0.0,si03,1.0,1.0,0.05798642777092366,0.014198194787667163,0.05016241676226266,878.0415590008613,7e-05,1.3e-05,1.3e-09,0.06499999999999999
3,100.0,interface,0.11158849889026543,0.0015040407085292876,1e-08,0.0,si03,1.0,1.0,0.06142608212800276,0.0015040407085292876,0.05016241676226266,878.0415590008613,7e-05,1.3e-05,1.3e-09,0.06499999999999999
3,1000.0,interface,0.1116249574037213,0.00015049334089345628,1e-08,0.0,si03,1.0,1.0,0.06146254064145865,0.00015049334089345628,0.05016241676226266,878.0415590008613,7e-05,1.3e-05,1.3e-09,0.06499999999999999
3,10000.0,interface,0.11162532220741506,1.5049423412901196e-05,1e-08,0.0,si03,1.0,1.0,0.061462905445152406,1.5049423412901196e-05,0.05016241676226266,878.0415590008613,7e-05,1.3e-05,1.3e-09,0.06499999999999999
3,1.0,all,0.05894868612867786,0.02151351523313943,1e-08,4.726526147325844e-10,si03,1.0,1.0,0.008786269366415201,0.02151351078464423,0.05016241676226266,878.0415590008613,7e-05,1.3e-05,1.3e-09,0.06499999999999999
3,2.5,all,0.08153298693949619,0.030724819190886692,1e-08,1.1816315368314611e-09,si03,1.0,1.0,0.031370570177233534,0.0307248080696487,0.05016241676226266,878.0415590008613,7e-05,1.3e-05,1.3e-09,0.06499999999999999
3,10.0,all,0.10814884453318632,0.014198239272619139,1e-08,4.7265261473258444e-09,si03,1.0,1.0,0.05798642777092366,0.014198194787667163,0.05016241676226266,878.0415590008613,7e-05,1.3e-05,1.3e-09,0.06499999999999999
3,100.0,all,0.11158849889026543,0.0015044855580490359,1e-08,4.7265261473258444e-08,si03,1.0,1.0,0.06142608212800276,0.0015040407085292876,0.05016241676226266,878.0415590008613,7e-05,1.3e-05,1.3e-09,0.06499999999999999
3,1000.0,all,0.1116249574037213,0.00015494183609093942,1e-08,4.726526147325844e-07,si03,1.0,1.0,0.06146254064145865,0.00015049334089345628,0.05016241676226266,878.0415590008613,7e-05,1.3e-05,1.3e-09,0.06499999999999999
3,10000.0,all,0.11162532220741506,5.9534375387732674e-05,1e-08,4.726526147325844e-06,si03,1.0,1.0,0.061462905445152406,1.5049423412901196e-05,0.05016241676226266,878.0415590008613,7e-05,1.3e-05,1.3e-09,0.06499999999999999
4,1.0,maxwell,0.09063413352452532,4.448495197483147e-09,1e-08,4.726526147325844e-10,si03,1.0,1.0,0.008786269366415201,0.02151351078464423,0.09063413352452532,878.0415590008613,7e-05,1.3e-05,1.3e-09,0.06499999999999999
4,2.5,maxwell,0.09063413352452532,1.112123799370787e-08,1e-08,1.1816315368314611e-09,si03,1.0,1.0,0.031370570177233534,0.0307248080696487,0.09063413352452532,878.0415590008613,7e-05,1.3e-05,1.3e-09,0.06499999999999999
4,10.0,maxwell,0.09063413352452532,4.448495197483148e-08,1e-08,4.7265261473258444e-09,si03,1.0,1.0,0.05798642777092366,0.014198194787667163,0.09063413352452532,878.0415590008613,7e-05,1.3e-05,1.3e-09,0.06499999999999999
4,100.0,maxwell,0.09063413352452532,4.4484951974831477e-07,1e-08,4.7265261473258444e-08,si03,1.0,1.0,0.06142608212800276,0.0015040407085292876,0.09063413352452532,878.0415590008613,7e-05,1.3e-05,1.3e-09,0.06499999999999999
4,1000.0,maxwell,0.09063413352452532,4.448495197483147e-06,1e-08,4.726526147325844e-07,si03,1.0,1.0,0.06146254064145865,0.00015049334089345628,0.09063413352452532,878.0415590008613,7e-05,1.3e-05,1.3e-09,0.06499999999999999
4,10000.0,maxwell,0.09063413352452532,4.448495197483148e-05,1e-08,4.726526147325844e-06,si03,1.0,1.0,0.061462905445152406,1.5049423412901196e-05,0.09063413352452532,878.0415590008613,7e-05,1.3e-05,1.3e-09,0.06499999999999999
4,1.0,interface,0.09942040289094052,0.02151351078464423,1e-08,0.0,si03,1.0,1.0,0.008786269366415201,0.02151351078464423,0.09063413352452532,878.0415590008613,7e-05,1.3e-05,1.3e-09,0.06499999999999999
4,2.5,interface,0.12200470370175885,0.0307248080696487,1e-08,0.0,si03,1.0,1.0,0.031370570177233534,0.0307248080696487,0.09063413352452532,878.0415590008613,7e-05,1.3e-05,1.3e-09,0.06499999999999999
4,10.0,interface,0.14862056129544898,0.014198194787667163,1e-08,0.0,si03,1.0,1.0,0.05798642777092366,0.014198194787667163,0.09063413352452532,878.0415590008613,7e-05,1.3e-05,1.3e-09,0.06499999999999999
4,100.0,interface,0.15206021565252809,0.0015040407085292876,1e-08,0.0,si03,1.0,1.0,0.06142608212800276,0.0015040407085292876,0.09063413352452532,878.0415590008613,7e-05,1.3e-05,1.3e-09,0.06499999999999999
4,1000.0,interface,0.15209667416598396,0.00015049334089345628,1e-08,0.0,si03,1.0,1.0,0.06146254064145865,0.00015049334089345628,0.09063413352452532,878.0415590008613,7e-05,1.3e-05,1.3e-09,0.06499999999999999
4,10000.0,interface,0.15209703896967772,1.5049423412901196e-05,1e-08,0.0,si03,1.0,1.0,0.061462905445152406,1.5049423412901196e-05,0.09063413352452532,878.0415590008613,7e-05,1.3e-05,1.3e-09,0.06499999999999999
4,1.0,all,0.09942040289094052,0.02151351523313943,1e-08,4.726526147325844e-10,si03,1.0,1.0,0.008786269366415201,0.02151351078464423,0.09063413352452532,878.0415590008613,7e-05,1.3e-05,1.3e-09,0.06499999999999999
4,2.5,all,0.12200470370175885,0.030724819190886692,1e-08,1.1816315368314611e-09,si03,1.0,1.0,0.031370570177233534,0.0307248080696487,0.09063413352452532,878.0415590008613,7e-05,1.3e-05,1.3e-09,0.06499999999999999
4,10.0,all,0.14862056129544898,0.014198239272619139,1e-08,4.7265261473258444e-09,si03,1.0,1.0,0.05798642777092366,0.014198194787667163,0.09063413352452532,878.0415590008613,7e-05,1.3e-05,1.3e-09,0.06499999999999999
4,100.0,all,0.15206021565252809,0.0015044855580490359,1e-08,4.7265261473258444e-08,si03,1.0,1.0,0.06142608212800276,0.0015040407085292876,0.09063413352452532,878.0415590008613,7e-05,1.3e-05,1.3e-09,0.06499999999999999
4,1000.0,all,0.15209667416598396,0.00015494183609093942,1e-08,4.726526147325844e-07,si03,1.0,1.0,0.06146254064145865,0.00015049334089345628,0.09063413352452532,878.0415590008613,7e-05,1.3e-05,1.3e-09,0.06499999999999999
4,10000.0,all,0.15209703896967772,5.9534375387732674e-05,1e-08,4.726526147325844e-06,si03,1.0,1.0,0.061462905445152406,1.5049423412901196e-05,0.09063413352452532,878.0415590008613,7e-05,1.3e-05,1.3e-09,0.06499999999999999
5,1.0,maxwell,0.11139799988736,4.448495197483147e-09,1e-08,4.726526147325844e-10,si03,1.0,1.0,0.008786269366415201,0.02151351078464423,0.11139799988736,878.0415590008613,7e-05,1.3e-05,1.3e-09,0.06499999999999999
5,2.5,maxwell,0.11139799988736,1.112123799370787e-08,1e-08,1.1816315368314611e-09,si03,1.0,1.0,0.031370570177233534,0.0307248080696487,0.11139799988736,878.0415590008613,7e-05,1.3e-05,1.3e-09,0.06499999999999999
5,10.0,maxwell,0.11139799988736,4.448495197483148e-08,1e-08,4.7265261473258444e-09,si03,1.0,1.0,0.05798642777092366,0.014198194787667163,0.11139799988736,878.0415590008613,7e-05,1.3e-05,1.3e-09,0.06499999999999999
5,100.0,maxwell,0.11139799988736,4.4484951974831477e-07,1e-08,4.7265261473258444e-08,si03,1.0,1.0,0.06142608212800276,0.0015040407085292876,0.11139799988736,878.0415590008613,7e-05,1.3e-05,1.3e-09,0.06499999999999999
5,1000.0,maxwell,0.11139799988736,4.448495197483147e-06,1e-08,4.726526147325844e-07,si03,1.0,1.0,0.06146254064145865,0.00015049334089345628,0.11139799988736,878.0415590008613,7e-05,1.3e-05,1.3e-09,0.06499999999999999
5,10000.0,maxwell,0.11139799988736,4.448495197483148e-05,1e-08,4.726526147325844e-06,si03,1.0,1.0,0.061462905445152406,1.5049423412901196e-05,0.11139799988736,878.0415590008613,7e-05,1.3e-05,1.3e-09,0.06499999999999999
5,1.0,interface,0.1201842692537752,0.02151351078464423,1e-08,0.0,si03,1.0,1.0,0.008786269366415201,0.02151351078464423,0.11139799988736,878.0415590008613,7e-05,1.3e-05,1.3e-09,0.06499999999999999
5,2.5,interface,0.14276857006459354,0.0307248080696487,1e-08,0.0,si03,1.0,1.0,0.031370570177233534,0.0307248080696487,0.11139799988736,878.0415590008613,7e-05,1.3e-05,1.3e-09,0.06499999999999999
5,10.0,interface,0.16938442765828365,0.014198194787667163,1e-08,0.0,si03,1.0,1.0,0.05798642777092366,0.014198194787667163,0.11139799988736,878.0415590008613,7e-05,1.3e-05,1.3e-09,0.06499999999999999
5,100.0,interface,0.17282408201536276,0.0015040407085292876,1e-08,0.0,si03,1.0,1.0,0.06142608212800276,0.0015040407085292876,0.11139799988736,878.0415590008613,7e-05,1.3e-05,1.3e-09,0.06499999999999999
5,1000.0,interface,0.17286054052881866,0.00015049334089345628,1e-08,0.0,si03,1.0,1.0,0.06146254064145865,0.00015049334089345628,0.11139799988736,878.0415590008613,7e-05,1.3e-05,1.3e-09,0.06499999999999999
5,10000.0,interface,0.17286090533251242,1.5049423412901196e-05,1e-08,0.0,si03,1.0,1.0,0.061462905445152406,1.5049423412901196e-05,0.11139799988736,878.0415590008613,7e-05,1.3e-05,1.3e-09,0.06499999999999999
5,1.0,all,0.1201842692537752,0.02151351523313943,1e-08,4.726526147325844e-10,si03,1.0,1.0,0.008786269366415201,0.02151351078464423,0.11139799988736,878.0415590008613,7e-05,1.3e-05,1.3e-09,0.06499999999999999
5,2.5,all,0.14276857006459354,0.030724819190886692,1e-08,1.1816315368314611e-09,si03,1.0,1.0,0.031370570177233534,0.0307248080696487,0.11139799988736,878.0415590008613,7e-05,1.3e-05,1.3e-09,0.06499999999999999
5,10.0,all,0.16938442765828365,0.014198239272619139,1e-08,4.7265261473258444e-09,si03,1.0,1.0,0.05798642777092366,0.014198194787667163,0.11139799988736,878.0415590008613,7e-05,1.3e-05,1.3e-09,0.06499999999999999
5,100.0,all,0.17282408201536276,0.0015044855580490359,1e-08,4.7265261473258444e-08,si03,1.0,1.0,0.06142608212800276,0.0015040407085292876,0.11139799988736,878.0415590008613,7e-05,1.3e-05,1.3e-09,0.06499999999999999
5,1000.0,all,0.17286054052881866,0.00015494183609093942,1e-08,4.726526147325844e-07,si03,1.0,1.0,0.06146254064145865,0.00015049334089345628,0.11139799988736,878.0415590008613,7e-05,1.3e-05,1.3e-09,0.06499999999999999
5,10000.0,all,0.17286090533251242,5.9534375387732674e-05,1e-08,4.726526147325844e-06,si03,1.0,1.0,0.061462905445152406,1.5049423412901196e-05,0.11139799988736,878.0415590008613,7e-05,1.3e-05,1.3e-09,0.06499999999999999
6,1.0,maxwell,0.11273800008215999,4.448495197483147e-09,1e-08,4.726526147325844e-10,si03,1.0,1.0,0.008786269366415201,0.02151351078464423,0.11273800008215999,878.0415590008613,7e-05,1.3e-05,1.3e-09,0.06499999999999999
6,2.5,maxwell,0.11273800008215999,1.112123799370787e-08,1e-08,1.1816315368314611e-09,si03,1.0,1.0,0.031370570177233534,0.0307248080696487,0.11273800008215999,878.0415590008613,7e-05,1.3e-05,1.3e-09,0.06499999999999999
6,10.0,maxwell,0.11273800008215999,4.448495197483148e-08,1e-08,4.7265261473258444e-09,si03,1.0,1.0,0.05798642777092366,0.014198194787667163,0.11273800008215999,878.0415590008613,7e-05,1.3e-05,1.3e-09,0.06499999999999999
6,100.0,maxwell,0.11273800008215999,4.4484951974831477e-07,1e-08,4.7265261473258444e-08,si03,1.0,1.0,0.06142608212800276,0.0015040407085292876,0.11273800008215999,878.0415590008613,7e-05,1.3e-05,1.3e-09,0.06499999999999999
6,1000.0,maxwell,0.11273800008215999,4.448495197483147e-06,1e-08,4.726526147325844e-07,si03,1.0,1.0,0.06146254064145865,0.00015049334089345628,0.11273800008215999,878.0415590008613,7e-05,1.3e-05,1.3e-09,0.06499999999999999
6,10000.0,maxwell,0.11273800008215999,4.448495197483148e-05,1e-08,4.726526147325844e-06,si03,1.0,1.0,0.061462905445152406,1.5049423412901196e-05,0.11273800008215999,878.0415590008613,7e-05,1.3e-05,1.3e-09,0.06499999999999999
6,1.0,interface,0.1215242694485752,0.02151351078464423,1e-08,0.0,si03,1.0,1.0,0.008786269366415201,0.02151351078464423,0.11273800008215999,878.0415590008613,7e-05,1.3e-05,1.3e-09,0.06499999999999999
6,2.5,interface,0.14410857025939353,0.0307248080696487,1e-08,0.0,si03,1.0,1.0,0.031370570177233534,0.0307248080696487,0.11273800008215999,878.0415590008613,7e-05,1.3e-05,1.3e-09,0.06499999999999999
6,10.0,interface,0.17072442785308364,0.014198194787667163,1e-08,0.0,si03,1.0,1.0,0.05798642777092366,0.014198194787667163,0.11273800008215999,878.0415590008613,7e-05,1.3e-05,1.3e-09,0.06499999999999999
6,100.0,interface,0.17416408221016275,0.0015040407085292876,1e-08,0.0,si03,1.0,1.0,0.06142608212800276,0.0015040407085292876,0.11273800008215999,878.0415590008613,7e-05,1.3e-05,1.3e-09,0.06499999999999999
6,1000.0,interface,0.17420054072361865,0.00015049334089345628,1e-08,0.0,si03,1.0,1.0,0.06146254064145865,0.00015049334089345628,0.11273800008215999,878.0415590008613,7e-05,1.3e-05,1.3e-09,0.06499999999999999
6,10000.0,interface,0.1742009055273124,1.5049423412901196e-05,1e-08,0.0,si03,1.0,1.0,0.061462905445152406,1.5049423412901196e-05,0.11273800008215999,878.0415590008613,7e-05,1.3e-05,1.3e-09,0.06499999999999999
6,1.0,all,0.1215242694485752,0.02151351523313943,1e-08,4.726526147325844e-10,si03,1.0,1.0,0.008786269366415201,0.02151351078464423,0.11273800008215999,878.0415590008613,7e-05,1.3e-05,1.3e-09,0.06499999999999999
6,2.5,all,0.14410857025939353,0.030724819190886692,1e-08,1.1816315368314611e-09,si03,1.0,1.0,0.031370570177233534,0.0307248080696487,0.11273800008215999,878.0415590008613,7e-05,1.3e-05,1.3e-09,0.06499999999999999
6,10.0,all,0.17072442785308364,0.014198239272619139,1e-08,4.7265261473258444e-09,si03,1.0,1.0,0.05798642777092366,0.014198194787667163,0.11273800008215999,878.0415590008613,7e-05,1.3e-05,1.3e-09,0.06499999999999999
6,100.0,all,0.17416408221016275,0.0015044855580490359,1e-08,4.7265261473258444e-08,si03,1.0,1.0,0.06142608212800276,0.0015040407085292876,0.11273800008215999,878.0415590008613,7e-05,1.3e-05,1.3e-09,0.06499999999999999
6,1000.0,all,0.17420054072361865,0.00015494183609093942,1e-08,4.726526147325844e-07,si03,1.0,1.0,0.06146254064145865,0.00015049334089345628,0.11273800008215999,878.0415590008613,7e-05,1.3e-05,1.3e-09,0.06499999999999999
6,10000.0,all,0.1742009055273124,5.9534375387732674e-05,1e-08,4.726526147325844e-06,si03,1.0,1.0,0.061462905445152406,1.5049423412901196e-05,0.11273800008215999,878.0415590008613,7e-05,1.3e-05,1.3e-09,0.06499999999999999
7,1.0,maxwell,0.11507399999472,4.448495197483147e-09,1e-08,4.726526147325844e-10,si03,1.0,1.0,0.008786269366415201,0.02151351078464423,0.11507399999472,878.0415590008613,7e-05,1.3e-05,1.3e-09,0.06499999999999999
7,2.5,maxwell,0.11507399999472,1.112123799370787e-08,1e-08,1.1816315368314611e-09,si03,1.0,1.0,0.031370570177233534,0.0307248080696487,0.11507399999472,878.0415590008613,7e-05,1.3e-05,1.3e-09,0.06499999999999999
7,10.0,maxwell,0.11507399999472,4.448495197483148e-08,1e-08,4.7265261473258444e-09,si03,1.0,1.0,0.05798642777092366,0.014198194787667163,0.11507399999472,878.0415590008613,7e-05,1.3e-05,1.3e-09,0.06499999999999999
7,100.0,maxwell,0.11507399999472,4.4484951974831477e-07,1e-08,4.7265261473258444e-08,si03,1.0,1.0,0.06142608212800276,0.0015040407085292876,0.11507399999472,878.0415590008613,7e-05,1.3e-05,1.3e-09,0.06499999999999999
7,1000.0,maxwell,0.11507399999472,4.448495197483147e-06,1e-08,4.726526147325844e-07,si03,1.0,1.0,0.06146254064145865,0.00015049334089345628,0.11507399999472,878.0415590008613,7e-05,1.3e-05,1.3e-09,0.06499999999999999
7,10000.0,maxwell,0.11507399999472,4.448495197483148e-05,1e-08,4.726526147325844e-06,si03,1.0,1.0,0.061462905445152406,1.5049423412901196e-05,0.11507399999472,878.0415590008613,7e-05,1.3e-05,1.3e-09,0.06499999999999999
7,1.0,interface,0.1238602693611352,0.02151351078464423,1e-08,0.0,si03,1.0,1.0,0.008786269366415201,0.02151351078464423,0.11507399999472,878.0415590008613,7e-05,1.3e-05,1.3e-09,0.06499999999999999
7,2.5,interface,0.14644457017195353,0.0307248080696487,1e-08,0.0,si03,1.0,1.0,0.031370570177233534,0.0307248080696487,0.11507399999472,878.0415590008613,7e-05,1.3e-05,1.3e-09,0.06499999999999999
7,10.0,interface,0.17306042776564365,0.014198194787667163,1e-08,0.0,si03,1.0,1.0,0.05798642777092366,0.014198194787667163,0.11507399999472,878.0415590008613,7e-05,1.3e-05,1.3e-09,0.06499999999999999
7,100.0,interface,0.17650008212272275,0.0015040407085292876,1e-08,0.0,si03,1.0,1.0,0.06142608212800276,0.0015040407085292876,0.11507399999472,878.0415590008613,7e-05,1.3e-05,1.3e-09,0.06499999999999999
7,1000.0,interface,0.17653654063617866,0.00015049334089345628,1e-08,0.0,si03,1.0,1.0,0.06146254064145865,0.00015049334089345628,0.11507399999472,878.0415590008613,7e-05,1.3e-05,1.3e-09,0.06499999999999999
7,10000.0,interface,0.1765369054398724,1.5049423412901196e-05,1e-08,0.0,si03,1.0,1.0,0.061462905445152406,1.5049423412901196e-05,0.11507399999472,878.0415590008613,7e-05,1.3e-05,1.3e-09,0.06499999999999999
7,1.0,all,0.1238602693611352,0.02151351523313943,1e-08,4.726526147325844e-10,si03,1.0,1.0,0.008786269366415201,0.02151351078464423,0.11507399999472,878.0415590008613,7e-05,1.3e-05,1.3e-09,0.06499999999999999
7,2.5,all,0.14644457017195353,0.030724819190886692,1e-08,1.1816315368314611e-09,si03,1.0,1.0,0.031370570177233534,0.0307248080696487,0.11507399999472,878.0415590008613,7e-05,1.3e-05,1.3e-09,0.06499999999999999
7,10.0,all,0.17306042776564365,0.014198239272619139,1e-08,4.7265261473258444e-09,si03,1.0,1.0,0.05798642777092366,0.014198194787667163,0.11507399999472,878.0415590008613,7e-05,1.3e-05,1.3e-09,0.06499999999999999
7,100.0,all,0.17650008212272275,0.0015044855580490359,1e-08,4.7265261473258444e-08,si03,1.0,1.0,0.06142608212800276,0.0015040407085292876,0.11507399999472,878.0415590008613,7e-05,1.3e-05,1.3e-09,0.06499999999999999
7,1000.0,all,0.17653654063617866,0.00015494183609093942,1e-08,4.726526147325844e-07,si03,1.0,1.0,0.06146254064145865,0.00015049334089345628,0.11507399999472,878.0415590008613,7e-05,1.3e-05,1.3e-09,0.06499999999999999
7,10000.0,all,0.1765369054398724,5.9534375387732674e-05,1e-08,4.726526147325844e-06,si03,1.0,1.0,0.061462905445152406,1.5049423412901196e-05,0.11507399999472,878.0415590008613,7e-05,1.3e-05,1.3e-09,0.06499999999999999
8,1.0,maxwell,0.12281400025927998,4.448495197483147e-09,1e-08,4.726526147325844e-10,si03,1.0,1.0,0.008786269366415201,0.02151351078464423,0.12281400025927998,878.0415590008613,7e-05,1.3e-05,1.3e-09,0.06499999999999999
8,2.5,maxwell,0.12281400025927998,1.112123799370787e-08,1e-08,1.1816315368314611e-09,si03,1.0,1.0,0.031370570177233534,0.0307248080696487,0.12281400025927998,878.0415590008613,7e-05,1.3e-05,1.3e-09,0.06499999999999999
8,10.0,maxwell,0.12281400025927998,4.448495197483148e-08,1e-08,4.7265261473258444e-09,si03,1.0,1.0,0.05798642777092366,0.014198194787667163,0.12281400025927998,878.0415590008613,7e-05,1.3e-05,1.3e-09,0.06499999999999999
8,100.0,maxwell,0.12281400025927998,4.4484951974831477e-07,1e-08,4.7265261473258444e-08,si03,1.0,1.0,0.06142608212800276,0.0015040407085292876,0.12281400025927998,878.0415590008613,7e-05,1.3e-05,1.3e-09,0.06499999999999999
8,1000.0,maxwell,0.12281400025927998,4.448495197483147e-06,1e-08,4.726526147325844e-07,si03,1.0,1.0,0.06146254064145865,0.00015049334089345628,0.12281400025927998,878.0415590008613,7e-05,1.3e-05,1.3e-09,0.06499999999999999
8,10000.0,maxwell,0.12281400025927998,4.448495197483148e-05,1e-08,4.726526147325844e-06,si03,1.0,1.0,0.061462905445152406,1.5049423412901196e-05,0.12281400025927998,878.0415590008613,7e-05,1.3e-05,1.3e-09,0.06499999999999999
8,1.0,interface,0.13160026962569518,0.02151351078464423,1e-08,0.0,si03,1.0,1.0,0.008786269366415201,0.02151351078464423,0.12281400025927998,878.0415590008613,7e-05,1.3e-05,1.3e-09,0.06499999999999999
8,2.5,interface,0.1541845704365135,0.0307248080696487,1e-08,0.0,si03,1.0,1.0,0.031370570177233534,0.0307248080696487,0.12281400025927998,878.0415590008613,7e-05,1.3e-05,1.3e-09,0.06499999999999999
8,10.0,interface,0.18080042803020363,0.014198194787667163,1e-08,0.0,si03,1.0,1.0,0.05798642777092366,0.014198194787667163,0.12281400025927998,878.0415590008613,7e-05,1.3e-05,1.3e-09,0.06499999999999999
8,100.0,interface,0.18424008238728273,0.0015040407085292876,1e-08,0.0,si03,1.0,1.0,0.06142608212800276,0.0015040407085292876,0.12281400025927998,878.0415590008613,7e-05,1.3e-05,1.3e-09,0.06499999999999999
8,1000.0,interface,0.18427654090073864,0.00015049334089345628,1e-08,0.0,si03,1.0,1.0,0.06146254064145865,0.00015049334089345628,0.12281400025927998,878.0415590008613,7e-05,1.3e-05,1.3e-09,0.06499999999999999
8,10000.0,interface,0.1842769057044324,1.5049423412901196e-05,1e-08,0.0,si03,1.0,1.0,0.061462905445152406,1.5049423412901196e-05,0.12281400025927998,878.0415590008613,7e-05,1.3e-05,1.3e-09,0.06499999999999999
8,1.0,all,0.13160026962569518,0.02151351523313943,1e-08,4.726526147325844e-10,si03,1.0,1.0,0.008786269366415201,0.02151351078464423,0.12281400025927998,878.0415590008613,7e-05,1.3e-05,1.3e-09,0.06499999999999999
8,2.5,all,0.1541845704365135,0.030724819190886692,1e-08,1.1816315368314611e-09,si03,1.0,1.0,0.031370570177233534,0.0307248080696487,0.12281400025927998,878.0415590008613,7e-05,1.3e-05,1.3e-09,0.06499999999999999
8,10.0,all,0.18080042803020363,0.014198239272619139,1e-08,4.7265261473258444e-09,si03,1.0,1.0,0.05798642777092366,0.014198194787667163,0.12281400025927998,878.0415590008613,7e-05,1.3e-05,1.3e-09,0.06499999999999999
8,100.0,all,0.18424008238728273,0.0015044855580490359,1e-08,4.7265261473258444e-08,si03,1.0,1.0,0.06142608212800276,0.0015040407085292876,0.12281400025927998,878.0415590008613,7e-05,1.3e-05,1.3e-09,0.06499999999999999
8,1000.0,all,0.18427654090073864,0.00015494183609093942,1e-08,4.726526147325844e-07,si03,1.0,1.0,0.06146254064145865,0.00015049334089345628,0.12281400025927998,878.0415590008613,7e-05,1.3e-05,1.3e-09,0.06499999999999999
8,10000.0,all,0.1842769057044324,5.9534375387732674e-05,1e-08,4.726526147325844e-06,si03,1.0,1.0,0.061462905445152406,1.5049423412901196e-05,0.12281400025927998,878.0415590008613,7e-05,1.3e-05,1.3e-09,0.06499999999999999
9,1.0,maxwell,0.19110000041439998,4.448495197483147e-09,1e-08,4.726526147325844e-10,si03,1.0,1.0,0.00867018211903085,0.02122926679616498,0.19110000041439998,866.4405684754522,7e-05,1.3e-05,1.3e-09,0.06499999999999999
9,2.5,maxwell,0.19110000041439998,1.112123799370787e-08,1e-08,1.1816315368314611e-09,si03,1.0,1.0,0.030956091291044038,0.030318861217068505,0.19110000041439998,866.4405684754522,7e-05,1.3e-05,1.3e-09,0.06499999999999999
9,10.0,maxwell,0.19110000041439998,4.448495197483148e-08,1e-08,4.7265261473258444e-09,si03,1.0,1.0,0.05722029091523965,0.014010603298948716,0.19110000041439998,866.4405684754522,7e-05,1.3e-05,1.3e-09,0.06499999999999999
9,100.0,maxwell,0.19110000041439998,4.4484951974831477e-07,1e-08,4.7265261473258444e-08,si03,1.0,1.0,0.06061449936238646,0.0014841687994714375,0.19110000041439998,866.4405684754522,7e-05,1.3e-05,1.3e-09,0.06499999999999999
9,1000.0,maxwell,0.19110000041439998,4.448495197483147e-06,1e-08,4.726526147325844e-07,si03,1.0,1.0,0.060650476173279615,0.00014850497052084111,0.19110000041439998,866.4405684754522,7e-05,1.3e-05,1.3e-09,0.06499999999999999
9,10000.0,maxwell,0.19110000041439998,4.448495197483148e-05,1e-08,4.726526147325844e-06,si03,1.0,1.0,0.06065083615706005,1.4850585195465789e-05,0.19110000041439998,866.4405684754522,7e-05,1.3e-05,1.3e-09,0.06499999999999999
9,1.0,interface,0.19977018253343082,0.02122926679616498,1e-08,0.0,si03,1.0,1.0,0.00867018211903085,0.02122926679616498,0.19110000041439998,866.4405684754522,7e-05,1.3e-05,1.3e-09,0.06499999999999999
9,2.5,interface,0.22205609170544402,0.030318861217068505,1e-08,0.0,si03,1.0,1.0,0.030956091291044038,0.030318861217068505,0.19110000041439998,866.4405684754522,7e-05,1.3e-05,1.3e-09,0.06499999999999999
9,10.0,interface,0.24832029132963962,0.014010603298948716,1e-08,0.0,si03,1.0,1.0,0.05722029091523965,0.014010603298948716,0.19110000041439998,866.4405684754522,7e-05,1.3e-05,1.3e-09,0.06499999999999999
9,100.0,interface,0.25171449977678645,0.0014841687994714375,1e-08,0.0,si03,1.0,1.0,0.06061449936238646,0.0014841687994714375,0.19110000041439998,866.4405684754522,7e-05,1.3e-05,1.3e-09,0.06499999999999999
9,1000.0,interface,0.2517504765876796,0.00014850497052084111,1e-08,0.0,si03,1.0,1.0,0.060650476173279615,0.00014850497052084111,0.19110000041439998,866.4405684754522,7e-05,1.3e-05,1.3e-09,0.06499999999999999
9,10000.0,interface,0.25175083657146,1.4850585195465789e-05,1e-08,0.0,si03,1.0,1.0,0.06065083615706005,1.4850585195465789e-05,0.19110000041439998,866.4405684754522,7e-05,1.3e-05,1.3e-09,0.06499999999999999
9,1.0,all,0.19977018253343082,0.02122927124466018,1e-08,4.726526147325844e-10,si03,1.0,1.0,0.00867018211903085,0.02122926679616498,0.19110000041439998,866.4405684754522,7e-05,1.3e-05,1.3e-09,0.06499999999999999
9,2.5,all,0.22205609170544402,0.030318872338306498,1e-08,1.1816315368314611e-09,si03,1.0,1.0,0.030956091291044038,0.030318861217068505,0.19110000041439998,866.4405684754522,7e-05,1.3e-05,1.3e-09,0.06499999999999999
9,10.0,all,0.24832029132963962,0.014010647783900692,1e-08,4.7265261473258444e-09,si03,1.0,1.0,0.05722029091523965,0.014010603298948716,0.19110000041439998,866.4405684754522,7e-05,1.3e-05,1.3e-09,0.06499999999999999
9,100.0,all,0.25171449977678645,0.0014846136489911857,1e-08,4.7265261473258444e-08,si03,1.0,1.0,0.06061449936238646,0.0014841687994714375,0.19110000041439998,866.4405684754522,7e-05,1.3e-05,1.3e-09,0.06499999999999999
9,1000.0,all,0.2517504765876796,0.00015295346571832425,1e-08,4.726526147325844e-07,si03,1.0,1.0,0.060650476173279615,0.00014850497052084111,0.19110000041439998,866.4405684754522,7e-05,1.3e-05,1.3e-09,0.06499999999999999
9,10000.0,all,0.25175083657146,5.933553717029727e-05,1e-08,4.726526147325844e-06,si03,1.0,1.0,0.06065083615706005,1.4850585195465789e-05,0.19110000041439998,866.4405684754522,7e-05,1.3e-05,1.3e-09,0.06499999999999999
10,1.0,maxwell,0.24106399994431998,4.448495197483147e-09,1e-08,4.726526147325844e-10,si03,1.0,1.0,0.008473022339250466,0.020746513664919478,0.24106399994431998,846.7377260981913,7e-05,1.3e-05,1.3e-09,0.06499999999999999
10,2.5,maxwell,0.24106399994431998,1.112123799370787e-08,1e-08,1.1816315368314611e-09,si03,1.0,1.0,0.030252150352086466,0.0296294108781156,0.24106399994431998,846.7377260981913,7e-05,1.3e-05,1.3e-09,0.06499999999999999
10,10.0,maxwell,0.24106399994431998,4.448495197483148e-08,1e-08,4.7265261473258444e-09,si03,1.0,1.0,0.05591910256637493,0.013692002441078868,0.24106399994431998,846.7377260981913,7e-05,1.3e-05,1.3e-09,0.06499999999999999
10,100.0,maxwell,0.24106399994431998,4.4484951974831477e-07,1e-08,4.7265261473258444e-08,si03,1.0,1.0,0.0592361267766994,0.0014504188286353678,0.24106399994431998,846.7377260981913,7e-05,1.3e-05,1.3e-09,0.06499999999999999
10,1000.0,maxwell,0.24106399994431998,4.448495197483147e-06,1e-08,4.726526147325844e-07,si03,1.0,1.0,0.05927128547558342,0.00014512797025923019,0.24106399994431998,846.7377260981913,7e-05,1.3e-05,1.3e-09,0.06499999999999999
10,10000.0,maxwell,0.24106399994431998,4.448495197483148e-05,1e-08,4.726526147325844e-06,si03,1.0,1.0,0.0592716372733394,1.451288316492584e-05,0.24106399994431998,846.7377260981913,7e-05,1.3e-05,1.3e-09,0.06499999999999999
10,1.0,interface,0.24953702228357044,0.020746513664919478,1e-08,0.0,si03,1.0,1.0,0.008473022339250466,0.020746513664919478,0.24106399994431998,846.7377260981913,7e-05,1.3e-05,1.3e-09,0.06499999999999999
10,2.5,interface,0.27131615029640643,0.0296294108781156,1e-08,0.0,si03,1.0,1.0,0.030252150352086466,0.0296294108781156,0.24106399994431998,846.7377260981913,7e-05,1.3e-05,1.3e-09,0.06499999999999999
10,10.0,interface,0.29698310251069493,0.013692002441078868,1e-08,0.0,si03,1.0,1.0,0.05591910256637493,0.013692002441078868,0.24106399994431998,846.7377260981913,7e-05,1.3e-05,1.3e-09,0.06499999999999999
10,100.0,interface,0.30030012672101936,0.0014504188286353678,1e-08,0.0,si03,1.0,1.0,0.0592361267766994,0.0014504188286353678,0.24106399994431998,846.7377260981913,7e-05,1.3e-05,1.3e-09,0.06499999999999999
10,1000.0,interface,0.3003352854199034,0.00014512797025923019,1e-08,0.0,si03,1.0,1.0,0.05927128547558342,0.00014512797025923019,0.24106399994431998,846.7377260981913,7e-05,1.3e-05,1.3e-09,0.06499999999999999
10,10000.0,interface,0.3003356372176594,1.451288316492584e-05,1e-08,0.0,si03,1.0,1.0,0.0592716372733394,1.451288316492584e-05,0.24106399994431998,846.7377260981913,7e-05,1.3e-05,1.3e-09,0.06499999999999999
10,1.0,all,0.24953702228357044,0.020746518113414675,1e-08,4.726526147325844e-10,si03,1.0,1.0,0.008473022339250466,0.020746513664919478,0.24106399994431998,846.7377260981913,7e-05,1.3e-05,1.3e-09,0.06499999999999999
10,2.5,all,0.27131615029640643,0.029629421999353592,1e-08,1.1816315368314611e-09,si03,1.0,1.0,0.030252150352086466,0.0296294108781156,0.24106399994431998,846.7377260981913,7e-05,1.3e-05,1.3e-09,0.06499999999999999
10,10.0,all,0.29698310251069493,0.013692046926030843,1e-08,4.7265261473258444e-09,si03,1.0,1.0,0.05591910256637493,0.013692002441078868,0.24106399994431998,846.7377260981913,7e-05,1.3e-05,1.3e-09,0.06499999999999999
10,100.0,all,0.30030012672101936,0.001450863678155116,1e-08,4.7265261473258444e-08,si03,1.0,1.0,0.0592361267766994,0.0014504188286353678,0.24106399994431998,846.7377260981913,7e-05,1.3e-05,1.3e-09,0.06499999999999999
10,1000.0,all,0.3003352854199034,0.00014957646545671333,1e-08,4.726526147325844e-07,si03,1.0,1.0,0.05927128547558342,0.00014512797025923019,0.24106399994431998,846.7377260981913,7e-05,1.3e-05,1.3e-09,0.06499999999999999
10,10000.0,all,0.3003356372176594,5.899783513975732e-05,1e-08,4.726526147325844e-06,si03,1.0,1.0,0.0592716372733394,1.451288316492584e-05,0.24106399994431998,846.7377260981913,7e-05,1.3e-05,1.3e-09,0.06499999999999999
11,1.0,maxwell,0.25703182121031604,4.448495197483147e-09,1e-08,4.726526147325844e-10,si03,1.0,1.0,0.008310985012042978,0.02034975917891224,0.25703182121031604,830.5447889750214,7e-05,1.3e-05,1.3e-09,0.06499999999999999
11,2.5,maxwell,0.25703182121031604,1.112123799370787e-08,1e-08,1.1816315368314611e-09,si03,1.0,1.0,0.029673610913730074,0.029062780654189265,0.25703182121031604,830.5447889750214,7e-05,1.3e-05,1.3e-09,0.06499999999999999
11,10.0,maxwell,0.25703182121031604,4.448495197483148e-08,1e-08,4.7265261473258444e-09,si03,1.0,1.0,0.05484971061189812,0.0134301578016055,0.25703182121031604,830.5447889750214,7e-05,1.3e-05,1.3e-09,0.06499999999999999
11,100.0,maxwell,0.25703182121031604,4.4484951974831477e-07,1e-08,4.7265261473258444e-08,si03,1.0,1.0,0.05810330034562105,0.0014226811476859417,0.25703182121031604,830.5447889750214,7e-05,1.3e-05,1.3e-09,0.06499999999999999
11,1000.0,maxwell,0.25703182121031604,4.448495197483147e-06,1e-08,4.726526147325844e-07,si03,1.0,1.0,0.05813778667266806,0.0001423525558365729,0.25703182121031604,830.5447889750214,7e-05,1.3e-05,1.3e-09,0.06499999999999999
11,10000.0,maxwell,0.25703182121031604,4.448495197483148e-05,1e-08,4.726526147325844e-06,si03,1.0,1.0,0.05813813174267498,1.4235340075345465e-05,0.25703182121031604,830.5447889750214,7e-05,1.3e-05,1.3e-09,0.06499999999999999
11,1.0,interface,0.265342806222359,0.02034975917891224,1e-08,0.0,si03,1.0,1.0,0.008310985012042978,0.02034975917891224,0.25703182121031604,830.5447889750214,7e-05,1.3e-05,1.3e-09,0.06499999999999999
11,2.5,interface,0.2867054321240461,0.029062780654189265,1e-08,0.0,si03,1.0,1.0,0.029673610913730074,0.029062780654189265,0.25703182121031604,830.5447889750214,7e-05,1.3e-05,1.3e-09,0.06499999999999999
11,10.0,interface,0.3118815318222142,0.0134301578016055,1e-08,0.0,si03,1.0,1.0,0.05484971061189812,0.0134301578016055,0.25703182121031604,830.5447889750214,7e-05,1.3e-05,1.3e-09,0.06499999999999999
11,100.0,interface,0.3151351215559371,0.0014226811476859417,1e-08,0.0,si03,1.0,1.0,0.05810330034562105,0.0014226811476859417,0.25703182121031604,830.5447889750214,7e-05,1.3e-05,1.3e-09,0.06499999999999999
11,1000.0,interface,0.3151696078829841,0.0001423525558365729,1e-08,0.0,si03,1.0,1.0,0.05813778667266806,0.0001423525558365729,0.25703182121031604,830.5447889750214,7e-05,1.3e-05,1.3e-09,0.06499999999999999
11,10000.0,interface,0.315169952952991,1.4235340075345465e-05,1e-08,0.0,si03,1.0,1.0,0.05813813174267498,1.4235340075345465e-05,0.25703182121031604,830.5447889750214,7e-05,1.3e-05,1.3e-09,0.06499999999999999
11,1.0,all,0.265342806222359,0.02034976362740744,1e-08,4.726526147325844e-10,si03,1.0,1.0,0.008310985012042978,0.02034975917891224,0.25703182121031604,830.5447889750214,7e-05,1.3e-05,1.3e-09,0.06499999999999999
11,2.5,all,0.2867054321240461,0.029062791775427258,1e-08,1.1816315368314611e-09,si03,1.0,1.0,0.029673610913730074,0.029062780654189265,0.25703182121031604,830.5447889750214,7e-05,1.3e-05,1.3e-09,0.06499999999999999
11,10.0,all,0.3118815318222142,0.013430202286557476,1e-08,4.7265261473258444e-09,si03,1.0,1.0,0.05484971061189812,0.0134301578016055,0.25703182121031604,830.5447889750214,7e-05,1.3e-05,1.3e-09,0.06499999999999999
11,100.0,all,0.3151351215559371,0.00142312599720569,1e-08,4.7265261473258444e-08,si03,1.0,1.0,0.05810330034562105,0.0014226811476859417,0.25703182121031604,830.5447889750214,7e-05,1.3e-05,1.3e-09,0.06499999999999999
11,1000.0,all,0.3151696078829841,0.00014680105103405603,1e-08,4.726526147325844e-07,si03,1.0,1.0,0.05813778667266806,0.0001423525558365729,0.25703182121031604,830.5447889750214,7e-05,1.3e-05,1.3e-09,0.06499999999999999
11,10000.0,all,0.315169952952991,5.872029205017694e-05,1e-08,4.726526147325844e-06,si03,1.0,1.0,0.05813813174267498,1.4235340075345465e-05,0.25703182121031604,830.5447889750214,7e-05,1.3e-05,1.3e-09,0.06499999999999999
12,1.0,maxwell,0.26779465525676804,4.448495197483147e-09,1e-08,4.726526147325844e-10,si03,1.0,1.0,0.008462194712000232,0.020720001812629767,0.26779465525676804,845.655684754522,7e-05,1.3e-05,1.3e-09,0.06499999999999999
12,2.5,maxwell,0.26779465525676804,1.112123799370787e-08,1e-08,1.1816315368314611e-09,si03,1.0,1.0,0.030213491300520763,0.02959154762179605,0.26779465525676804,845.655684754522,7e-05,1.3e-05,1.3e-09,0.06499999999999999
12,10.0,maxwell,0.26779465525676804,4.448495197483148e-08,1e-08,4.7265261473258444e-09,si03,1.0,1.0,0.05584764386197007,0.01367450550872044,0.26779465525676804,845.655684754522,7e-05,1.3e-05,1.3e-09,0.06499999999999999
12,100.0,maxwell,0.26779465525676804,4.4484951974831477e-07,1e-08,4.7265261473258444e-08,si03,1.0,1.0,0.05916042926584609,0.001448565346630436,0.26779465525676804,845.655684754522,7e-05,1.3e-05,1.3e-09,0.06499999999999999
12,1000.0,maxwell,0.26779465525676804,4.448495197483147e-06,1e-08,4.726526147325844e-07,si03,1.0,1.0,0.059195543035627976,0.00014494251204814174,0.26779465525676804,845.655684754522,7e-05,1.3e-05,1.3e-09,0.06499999999999999
12,10000.0,maxwell,0.26779465525676804,4.448495197483148e-05,1e-08,4.726526147325844e-06,si03,1.0,1.0,0.0591958943838236,1.449433723374045e-05,0.26779465525676804,845.655684754522,7e-05,1.3e-05,1.3e-09,0.06499999999999999
12,1.0,interface,0.27625684996876826,0.020720001812629767,1e-08,0.0,si03,1.0,1.0,0.008462194712000232,0.020720001812629767,0.26779465525676804,845.655684754522,7e-05,1.3e-05,1.3e-09,0.06499999999999999
12,2.5,interface,0.2980081465572888,0.02959154762179605,1e-08,0.0,si03,1.0,1.0,0.030213491300520763,0.02959154762179605,0.26779465525676804,845.655684754522,7e-05,1.3e-05,1.3e-09,0.06499999999999999
12,10.0,interface,0.3236422991187381,0.01367450550872044,1e-08,0.0,si03,1.0,1.0,0.05584764386197007,0.01367450550872044,0.26779465525676804,845.655684754522,7e-05,1.3e-05,1.3e-09,0.06499999999999999
12,100.0,interface,0.3269550845226141,0.001448565346630436,1e-08,0.0,si03,1.0,1.0,0.05916042926584609,0.001448565346630436,0.26779465525676804,845.655684754522,7e-05,1.3e-05,1.3e-09,0.06499999999999999
12,1000.0,interface,0.326990198292396,0.00014494251204814174,1e-08,0.0,si03,1.0,1.0,0.059195543035627976,0.00014494251204814174,0.26779465525676804,845.655684754522,7e-05,1.3e-05,1.3e-09,0.06499999999999999
12,10000.0,interface,0.32699054964059165,1.449433723374045e-05,1e-08,0.0,si03,1.0,1.0,0.0591958943838236,1.449433723374045e-05,0.26779465525676804,845.655684754522,7e-05,1.3e-05,1.3e-09,0.06499999999999999
12,1.0,all,0.27625684996876826,0.020720006261124965,1e-08,4.726526147325844e-10,si03,1.0,1.0,0.008462194712000232,0.020720001812629767,0.26779465525676804,845.655684754522,7e-05,1.3e-05,1.3e-09,0.06499999999999999
12,2.5,all,0.2980081465572888,0.029591558743034044,1e-08,1.1816315368314611e-09,si03,1.0,1.0,0.030213491300520763,0.02959154762179605,0.26779465525676804,845.655684754522,7e-05,1.3e-05,1.3e-09,0.06499999999999999
12,10.0,all,0.3236422991187381,0.013674549993672416,1e-08,4.7265261473258444e-09,si03,1.0,1.0,0.05584764386197007,0.01367450550872044,0.26779465525676804,845.655684754522,7e-05,1.3e-05,1.3e-09,0.06499999999999999
12,100.0,all,0.3269550845226141,0.0014490101961501841,1e-08,4.7265261473258444e-08,si03,1.0,1.0,0.05916042926584609,0.001448565346630436,0.26779465525676804,845.655684754522,7e-05,1.3e-05,1.3e-09,0.06499999999999999
12,1000.0,all,0.326990198292396,0.00014939100724562488,1e-08,4.726526147325844e-07,si03,1.0,1.0,0.059195543035627976,0.00014494251204814174,0.26779465525676804,845.655684754522,7e-05,1.3e-05,1.3e-09,0.06499999999999999
12,10000.0,all,0.32699054964059165,5.897928920857193e-05,1e-08,4.726526147325844e-06,si03,1.0,1.0,0.0591958943838236,1.449433723374045e-05,0.26779465525676804,845.655684754522,7e-05,1.3e-05,1.3e-09,0.06499999999999999
13,1.0,maxwell,0.27855748930322,4.448495197483147e-09,1e-08,4.726526147325844e-10,si03,1.0,1.0,0.008160152393631756,0.01998043984353317,0.27855748930322,815.4715762273902,7e-05,1.3e-05,1.3e-09,0.06499999999999999
13,2.5,maxwell,0.27855748930322,1.112123799370787e-08,1e-08,1.1816315368314611e-09,si03,1.0,1.0,0.02913507686206855,0.028535332307449344,0.27855748930322,815.4715762273902,7e-05,1.3e-05,1.3e-09,0.06499999999999999
13,10.0,maxwell,0.27855748930322,4.448495197483148e-08,1e-08,4.7265261473258444e-09,si03,1.0,1.0,0.05385426597342239,0.013186419440393598,0.27855748930322,815.4715762273902,7e-05,1.3e-05,1.3e-09,0.06499999999999999
13,100.0,maxwell,0.27855748930322,4.4484951974831477e-07,1e-08,4.7265261473258444e-08,si03,1.0,1.0,0.057048807657117284,0.0013968614978659977,0.27855748930322,815.4715762273902,7e-05,1.3e-05,1.3e-09,0.06499999999999999
13,1000.0,maxwell,0.27855748930322,4.448495197483147e-06,1e-08,4.726526147325844e-07,si03,1.0,1.0,0.05708266810612453,0.00013976905836867386,0.27855748930322,815.4715762273902,7e-05,1.3e-05,1.3e-09,0.06499999999999999
13,10000.0,maxwell,0.27855748930322,4.448495197483148e-05,1e-08,4.726526147325844e-06,si03,1.0,1.0,0.05708300691359908,1.397698879515097e-05,0.27855748930322,815.4715762273902,7e-05,1.3e-05,1.3e-09,0.06499999999999999
13,1.0,interface,0.28671764169685177,0.01998043984353317,1e-08,0.0,si03,1.0,1.0,0.008160152393631756,0.01998043984353317,0.27855748930322,815.4715762273902,7e-05,1.3e-05,1.3e-09,0.06499999999999999
13,2.5,interface,0.30769256616528856,0.028535332307449344,1e-08,0.0,si03,1.0,1.0,0.02913507686206855,0.028535332307449344,0.27855748930322,815.4715762273902,7e-05,1.3e-05,1.3e-09,0.06499999999999999
13,10.0,interface,0.3324117552766424,0.013186419440393598,1e-08,0.0,si03,1.0,1.0,0.05385426597342239,0.013186419440393598,0.27855748930322,815.4715762273902,7e-05,1.3e-05,1.3e-09,0.06499999999999999
13,100.0,interface,0.3356062969603373,0.0013968614978659977,1e-08,0.0,si03,1.0,1.0,0.057048807657117284,0.0013968614978659977,0.27855748930322,815.4715762273902,7e-05,1.3e-05,1.3e-09,0.06499999999999999
13,1000.0,interface,0.3356401574093445,0.00013976905836867386,1e-08,0.0,si03,1.0,1.0,0.05708266810612453,0.00013976905836867386,0.27855748930322,815.4715762273902,7e-05,1.3e-05,1.3e-09,0.06499999999999999
13,10000.0,interface,0.3356404962168191,1.397698879515097e-05,1e-08,0.0,si03,1.0,1.0,0.05708300691359908,1.397698879515097e-05,0.27855748930322,815.4715762273902,7e-05,1.3e-05,1.3e-09,0.06499999999999999
13,1.0,all,0.28671764169685177,0.019980444292028367,1e-08,4.726526147325844e-10,si03,1.0,1.0,0.008160152393631756,0.01998043984353317,0.27855748930322,815.4715762273902,7e-05,1.3e-05,1.3e-09,0.06499999999999999
13,2.5,all,0.30769256616528856,0.028535343428687337,1e-08,1.1816315368314611e-09,si03,1.0,1.0,0.02913507686206855,0.028535332307449344,0.27855748930322,815.4715762273902,7e-05,1.3e-05,1.3e-09,0.06499999999999999
13,10.0,all,0.3324117552766424,0.013186463925345573,1e-08,4.7265261473258444e-09,si03,1.0,1.0,0.05385426597342239,0.013186419440393598,0.27855748930322,815.4715762273902,7e-05,1.3e-05,1.3e-09,0.06499999999999999
13,100.0,all,0.3356062969603373,0.0013973063473857459,1e-08,4.7265261473258444e-08,si03,1.0,1.0,0.057048807657117284,0.0013968614978659977,0.27855748930322,815.4715762273902,7e-05,1.3e-05,1.3e-09,0.06499999999999999
13,1000.0,all,0.3356401574093445,0.000144217553566157,1e-08,4.726526147325844e-07,si03,1.0,1.0,0.05708266810612453,0.00013976905836867386,0.27855748930322,815.4715762273902,7e-05,1.3e-05,1.3e-09,0.06499999999999999
13,10000.0,all,0.3356404962168191,5.846194076998245e-05,1e-08,4.726526147325844e-06,si03,1.0,1.0,0.05708300691359908,1.397698879515097e-05,0.27855748930322,815.4715762273902,7e-05,1.3e-05,1.3e-09,0.06499999999999999
14,1.0,maxwell,0.289320323349672,4.448495197483147e-09,1e-08,4.726526147325844e-10,si03,1.0,1.0,0.007534466371186629,0.01844842410052319,0.289320323349672,752.9446597760551,7e-05,1.3e-05,1.3e-09,0.06499999999999999
14,2.5,maxwell,0.289320323349672,1.112123799370787e-08,1e-08,1.1816315368314611e-09,si03,1.0,1.0,0.026901122215622592,0.02634736354052638,0.289320323349672,752.9446597760551,7e-05,1.3e-05,1.3e-09,0.06499999999999999
14,10.0,maxwell,0.289320323349672,4.448495197483148e-08,1e-08,4.7265261473258444e-09,si03,1.0,1.0,0.04972494830345961,0.012175340488437776,0.289320323349672,752.9446597760551,7e-05,1.3e-05,1.3e-09,0.06499999999999999
14,100.0,maxwell,0.289320323349672,4.4484951974831477e-07,1e-08,4.7265261473258444e-08,si03,1.0,1.0,0.05267454602248467,0.0012897560576307647,0.289320323349672,752.9446597760551,7e-05,1.3e-05,1.3e-09,0.06499999999999999
14,1000.0,maxwell,0.289320323349672,4.448495197483147e-06,1e-08,4.726526147325844e-07,si03,1.0,1.0,0.05270581019526623,0.00012905215726522824,0.289320323349672,752.9446597760551,7e-05,1.3e-05,1.3e-09,0.06499999999999999
14,10000.0,maxwell,0.289320323349672,4.448495197483148e-05,1e-08,4.726526147325844e-06,si03,1.0,1.0,0.05270612302441453,1.2905292323915585e-05,0.289320323349672,752.9446597760551,7e-05,1.3e-05,1.3e-09,0.06499999999999999
14,1.0,interface,0.29685478972085866,0.01844842410052319,1e-08,0.0,si03,1.0,1.0,0.007534466371186629,0.01844842410052319,0.289320323349672,752.9446597760551,7e-05,1.3e-05,1.3e-09,0.06499999999999999
14,2.5,interface,0.3162214455652946,0.02634736354052638,1e-08,0.0,si03,1.0,1.0,0.026901122215622592,0.02634736354052638,0.289320323349672,752.9446597760551,7e-05,1.3e-05,1.3e-09,0.06499999999999999
14,10.0,interface,0.3390452716531316,0.012175340488437776,1e-08,0.0,si03,1.0,1.0,0.04972494830345961,0.012175340488437776,0.289320323349672,752.9446597760551,7e-05,1.3e-05,1.3e-09,0.06499999999999999
14,100.0,interface,0.3419948693721567,0.0012897560576307647,1e-08,0.0,si03,1.0,1.0,0.05267454602248467,0.0012897560576307647,0.289320323349672,752.9446597760551,7e-05,1.3e-05,1.3e-09,0.06499999999999999
14,1000.0,interface,0.3420261335449382,0.00012905215726522824,1e-08,0.0,si03,1.0,1.0,0.05270581019526623,0.00012905215726522824,0.289320323349672,752.9446597760551,7e-05,1.3e-05,1.3e-09,0.06499999999999999
14,10000.0,interface,0.3420264463740865,1.2905292323915585e-05,1e-08,0.0,si03,1.0,1.0,0.05270612302441453,1.2905292323915585e-05,0.289320323349672,752.9446597760551,7e-05,1.3e-05,1.3e-09,0.06499999999999999
14,1.0,all,0.29685478972085866,0.018448428549018386,1e-08,4.726526147325844e-10,si03,1.0,1.0,0.007534466371186629,0.01844842410052319,0.289320323349672,752.9446597760551,7e-05,1.3e-05,1.3e-09,0.06499999999999999
14,2.5,all,0.3162214455652946,0.026347374661764372,1e-08,1.1816315368314611e-09,si03,1.0,1.0,0.026901122215622592,0.02634736354052638,0.289320323349672,752.9446597760551,7e-05,1.3e-05,1.3e-09,0.06499999999999999
14,10.0,all,0.3390452716531316,0.012175384973389752,1e-08,4.7265261473258444e-09,si03,1.0,1.0,0.04972494830345961,0.012175340488437776,0.289320323349672,752.9446597760551,7e-05,1.3e-05,1.3e-09,0.06499999999999999
14,100.0,all,0.3419948693721567,0.001290200907150513,1e-08,4.7265261473258444e-08,si03,1.0,1.0,0.05267454602248467,0.0012897560576307647,0.289320323349672,752.9446597760551,7e-05,1.3e-05,1.3e-09,0.06499999999999999
14,1000.0,all,0.3420261335449382,0.00013350065246271137,1e-08,4.726526147325844e-07,si03,1.0,1.0,0.05270581019526623,0.00012905215726522824,0.289320323349672,752.9446597760551,7e-05,1.3e-05,1.3e-09,0.06499999999999999
14,10000.0,all,0.3420264463740865,5.739024429874706e-05,1e-08,4.726526147325844e-06,si03,1.0,1.0,0.05270612302441453,1.2905292323915585e-05,0.289320323349672,752.9446597760551,7e-05,1.3e-05,1.3e-09,0.06499999999999999
15,1.0,maxwell,0.300083157396124,4.448495197483147e-09,1e-08,4.726526147325844e-10,si03,1.0,1.0,0.0072435210240298364,0.01773603348252948,0.300083157396124,723.8695090439276,7e-05,1.3e-05,1.3e-09,0.06499999999999999
15,2.5,maxwell,0.300083157396124,1.112123799370787e-08,1e-08,1.1816315368314611e-09,si03,1.0,1.0,0.025862328496685474,0.02532995335454696,0.300083157396124,723.8695090439276,7e-05,1.3e-05,1.3e-09,0.06499999999999999
15,10.0,maxwell,0.300083157396124,4.448495197483148e-08,1e-08,4.7265261473258444e-09,si03,1.0,1.0,0.04780480669902836,0.01170518659954295,0.300083157396124,723.8695090439276,7e-05,1.3e-05,1.3e-09,0.06499999999999999
15,100.0,maxwell,0.300083157396124,4.4484951974831477e-07,1e-08,4.7265261473258444e-08,si03,1.0,1.0,0.05064050494726721,0.0012399517973887934,0.300083157396124,723.8695090439276,7e-05,1.3e-05,1.3e-09,0.06499999999999999
15,1000.0,maxwell,0.300083157396124,4.448495197483147e-06,1e-08,4.726526147325844e-07,si03,1.0,1.0,0.050670561846015635,0.00012406877518518435,0.300083157396124,723.8695090439276,7e-05,1.3e-05,1.3e-09,0.06499999999999999
15,10000.0,maxwell,0.300083157396124,4.448495197483148e-05,1e-08,4.726526147325844e-06,si03,1.0,1.0,0.05067086259518631,1.2406951158083273e-05,0.300083157396124,723.8695090439276,7e-05,1.3e-05,1.3e-09,0.06499999999999999
15,1.0,interface,0.3073266784201538,0.01773603348252948,1e-08,0.0,si03,1.0,1.0,0.0072435210240298364,0.01773603348252948,0.300083157396124,723.8695090439276,7e-05,1.3e-05,1.3e-09,0.06499999999999999
15,2.5,interface,0.3259454858928095,0.02532995335454696,1e-08,0.0,si03,1.0,1.0,0.025862328496685474,0.02532995335454696,0.300083157396124,723.8695090439276,7e-05,1.3e-05,1.3e-09,0.06499999999999999
15,10.0,interface,0.3478879640951524,0.01170518659954295,1e-08,0.0,si03,1.0,1.0,0.04780480669902836,0.01170518659954295,0.300083157396124,723.8695090439276,7e-05,1.3e-05,1.3e-09,0.06499999999999999
15,100.0,interface,0.35072366234339125,0.0012399517973887934,1e-08,0.0,si03,1.0,1.0,0.05064050494726721,0.0012399517973887934,0.300083157396124,723.8695090439276,7e-05,1.3e-05,1.3e-09,0.06499999999999999
15,1000.0,interface,0.35075371924213966,0.00012406877518518435,1e-08,0.0,si03,1.0,1.0,0.050670561846015635,0.00012406877518518435,0.300083157396124,723.8695090439276,7e-05,1.3e-05,1.3e-09,0.06499999999999999
15,10000.0,interface,0.35075401999131034,1.2406951158083273e-05,1e-08,0.0,si03,1.0,1.0,0.05067086259518631,1.2406951158083273e-05,0.300083157396124,723.8695090439276,7e-05,1.3e-05,1.3e-09,0.06499999999999999
15,1.0,all,0.3073266784201538,0.017736037931024677,1e-08,4.726526147325844e-10,si03,1.0,1.0,0.0072435210240298364,0.01773603348252948,0.300083157396124,723.8695090439276,7e-05,1.3e-05,1.3e-09,0.06499999999999999
15,2.5,all,0.3259454858928095,0.025329964475784953,1e-08,1.1816315368314611e-09,si03,1.0,1.0,0.025862328496685474,0.02532995335454696,0.300083157396124,723.8695090439276,7e-05,1.3e-05,1.3e-09,0.06499999999999999
15,10.0,all,0.3478879640951524,0.011705231084494925,1e-08,4.7265261473258444e-09,si03,1.0,1.0,0.04780480669902836,0.01170518659954295,0.300083157396124,723.8695090439276,7e-05,1.3e-05,1.3e-09,0.06499999999999999
15,100.0,all,0.35072366234339125,0.0012403966469085417,1e-08,4.7265261473258444e-08,si03,1.0,1.0,0.05064050494726721,0.0012399517973887934,0.300083157396124,723.8695090439276,7e-05,1.3e-05,1.3e-09,0.06499999999999999
15,1000.0,all,0.35075371924213966,0.00012851727038266748,1e-08,4.726526147325844e-07,si03,1.0,1.0,0.050670561846015635,0.00012406877518518435,0.300083157396124,723.8695090439276,7e-05,1.3e-05,1.3e-09,0.06499999999999999
15,10000.0,all,0.35075401999131034,5.6891903132914755e-05,1e-08,4.726526147325844e-06,si03,1.0,1.0,0.05067086259518631,1.2406951158083273e-05,0.300083157396124,723.8695090439276,7e-05,1.3e-05,1.3e-09,0.06499999999999999
16,1.0,maxwell,0.310845991442576,4.448495197483147e-09,1e-08,4.726526147325844e-10,si03,1.0,1.0,0.00650104745990059,0.015918059054125994,0.310845991442576,649.6716192937123,7e-05,1.3e-05,1.3e-09,0.06499999999999999
16,2.5,maxwell,0.310845991442576,1.112123799370787e-08,1e-08,1.1816315368314611e-09,si03,1.0,1.0,0.02321139462738159,0.022733588867719652,0.310845991442576,649.6716192937123,7e-05,1.3e-05,1.3e-09,0.06499999999999999
16,10.0,maxwell,0.310845991442576,4.448495197483148e-08,1e-08,4.7265261473258444e-09,si03,1.0,1.0,0.04290473046613151,0.010505384516477338,0.310845991442576,649.6716192937123,7e-05,1.3e-05,1.3e-09,0.06499999999999999
16,100.0,maxwell,0.310845991442576,4.4484951974831477e-07,1e-08,4.7265261473258444e-08,si03,1.0,1.0,0.045449764688107394,0.001112854571150118,0.310845991442576,649.6716192937123,7e-05,1.3e-05,1.3e-09,0.06499999999999999
16,1000.0,maxwell,0.310845991442576,4.448495197483147e-06,1e-08,4.726526147325844e-07,si03,1.0,1.0,0.04547674070220505,0.00011135150889945117,0.310845991442576,649.6716192937123,7e-05,1.3e-05,1.3e-09,0.06499999999999999
16,10000.0,maxwell,0.310845991442576,4.448495197483148e-05,1e-08,4.726526147325844e-06,si03,1.0,1.0,0.04547701062406013,1.1135216981325864e-05,0.310845991442576,649.6716192937123,7e-05,1.3e-05,1.3e-09,0.06499999999999999
16,1.0,interface,0.3173470389024766,0.015918059054125994,1e-08,0.0,si03,1.0,1.0,0.00650104745990059,0.015918059054125994,0.310845991442576,649.6716192937123,7e-05,1.3e-05,1.3e-09,0.06499999999999999
16,2.5,interface,0.3340573860699576,0.022733588867719652,1e-08,0.0,si03,1.0,1.0,0.02321139462738159,0.022733588867719652,0.310845991442576,649.6716192937123,7e-05,1.3e-05,1.3e-09,0.06499999999999999
16,10.0,interface,0.35375072190870754,0.010505384516477338,1e-08,0.0,si03,1.0,1.0,0.04290473046613151,0.010505384516477338,0.310845991442576,649.6716192937123,7e-05,1.3e-05,1.3e-09,0.06499999999999999
16,100.0,interface,0.3562957561306834,0.001112854571150118,1e-08,0.0,si03,1.0,1.0,0.045449764688107394,0.001112854571150118,0.310845991442576,649.6716192937123,7e-05,1.3e-05,1.3e-09,0.06499999999999999
16,1000.0,interface,0.35632273214478105,0.00011135150889945117,1e-08,0.0,si03,1.0,1.0,0.04547674070220505,0.00011135150889945117,0.310845991442576,649.6716192937123,7e-05,1.3e-05,1.3e-09,0.06499999999999999
16,10000.0,interface,0.35632300206663614,1.1135216981325864e-05,1e-08,0.0,si03,1.0,1.0,0.04547701062406013,1.1135216981325864e-05,0.310845991442576,649.6716192937123,7e-05,1.3e-05,1.3e-09,0.06499999999999999
16,1.0,all,0.3173470389024766,0.01591806350262119,1e-08,4.726526147325844e-10,si03,1.0,1.0,0.00650104745990059,0.015918059054125994,0.310845991442576,649.6716192937123,7e-05,1.3e-05,1.3e-09,0.06499999999999999
16,2.5,all,0.3340573860699576,0.022733599988957645,1e-08,1.1816315368314611e-09,si03,1.0,1.0,0.02321139462738159,0.022733588867719652,0.310845991442576,649.6716192937123,7e-05,1.3e-05,1.3e-09,0.06499999999999999
16,10.0,all,0.35375072190870754,0.010505429001429313,1e-08,4.7265261473258444e-09,si03,1.0,1.0,0.04290473046613151,0.010505384516477338,0.310845991442576,649.6716192937123,7e-05,1.3e-05,1.3e-09,0.06499999999999999
16,100.0,all,0.3562957561306834,0.0011132994206698662,1e-08,4.7265261473258444e-08,si03,1.0,1.0,0.045449764688107394,0.001112854571150118,0.310845991442576,649.6716192937123,7e-05,1.3e-05,1.3e-09,0.06499999999999999
16,1000.0,all,0.35632273214478105,0.00011580000409693432,1e-08,4.726526147325844e-07,si03,1.0,1.0,0.04547674070220505,0.00011135150889945117,0.310845991442576,649.6716192937123,7e-05,1.3e-05,1.3e-09,0.06499999999999999
16,10000.0,all,0.35632300206663614,5.5620168956157346e-05,1e-08,4.726526147325844e-06,si03,1.0,1.0,0.04547701062406013,1.1135216981325864e-05,0.310845991442576,649.6716192937123,7e-05,1.3e-05,1.3e-09,0.06499999999999999
17,1.0,maxwell,0.321608825489028,4.448495197483147e-09,1e-08,4.726526147325844e-10,si03,1.0,1.0,0.005862648402475089,0.014354914967134062,0.321608825489028,585.8742463393627,7e-05,1.3e-05,1.3e-09,0.06499999999999999
17,2.5,maxwell,0.321608825489028,1.112123799370787e-08,1e-08,1.1816315368314611e-09,si03,1.0,1.0,0.02093204925372417,0.0205011637401429,0.321608825489028,585.8742463393627,7e-05,1.3e-05,1.3e-09,0.06499999999999999
17,10.0,maxwell,0.321608825489028,4.448495197483148e-08,1e-08,4.7265261473258444e-09,si03,1.0,1.0,0.03869151103378293,0.009473761902647947,0.321608825489028,585.8742463393627,7e-05,1.3e-05,1.3e-09,0.06499999999999999
17,100.0,maxwell,0.321608825489028,4.4484951974831477e-07,1e-08,4.7265261473258444e-08,si03,1.0,1.0,0.04098662438401519,0.001003572903287204,0.321608825489028,585.8742463393627,7e-05,1.3e-05,1.3e-09,0.06499999999999999
17,1000.0,maxwell,0.321608825489028,4.448495197483147e-06,1e-08,4.726526147325844e-07,si03,1.0,1.0,0.04101095136930952,0.00010041685586656838,0.321608825489028,585.8742463393627,7e-05,1.3e-05,1.3e-09,0.06499999999999999
17,10000.0,maxwell,0.321608825489028,4.448495197483148e-05,1e-08,4.726526147325844e-06,si03,1.0,1.0,0.04101119478499633,1.0041745187902659e-05,0.321608825489028,585.8742463393627,7e-05,1.3e-05,1.3e-09,0.06499999999999999
17,1.0,interface,0.3274714738915031,0.014354914967134062,1e-08,0.0,si03,1.0,1.0,0.005862648402475089,0.014354914967134062,0.321608825489028,585.8742463393627,7e-05,1.3e-05,1.3e-09,0.06499999999999999
17,2.5,interface,0.3425408747427522,0.0205011637401429,1e-08,0.0,si03,1.0,1.0,0.02093204925372417,0.0205011637401429,0.321608825489028,585.8742463393627,7e-05,1.3e-05,1.3e-09,0.06499999999999999
17,10.0,interface,0.36030033652281096,0.009473761902647947,1e-08,0.0,si03,1.0,1.0,0.03869151103378293,0.009473761902647947,0.321608825489028,585.8742463393627,7e-05,1.3e-05,1.3e-09,0.06499999999999999
17,100.0,interface,0.3625954498730432,0.001003572903287204,1e-08,0.0,si03,1.0,1.0,0.04098662438401519,0.001003572903287204,0.321608825489028,585.8742463393627,7e-05,1.3e-05,1.3e-09,0.06499999999999999
17,1000.0,interface,0.3626197768583376,0.00010041685586656838,1e-08,0.0,si03,1.0,1.0,0.04101095136930952,0.00010041685586656838,0.321608825489028,585.8742463393627,7e-05,1.3e-05,1.3e-09,0.06499999999999999
17,10000.0,interface,0.36262002027402435,1.0041745187902659e-05,1e-08,0.0,si03,1.0,1.0,0.04101119478499633,1.0041745187902659e-05,0.321608825489028,585.8742463393627,7e-05,1.3e-05,1.3e-09,0.06499999999999999
17,1.0,all,0.3274714738915031,0.01435491941562926,1e-08,4.726526147325844e-10,si03,1.0,1.0,0.005862648402475089,0.014354914967134062,0.321608825489028,585.8742463393627,7e-05,1.3e-05,1.3e-09,0.06499999999999999
17,2.5,all,0.3425408747427522,0.020501174861380894,1e-08,1.1816315368314611e-09,si03,1.0,1.0,0.02093204925372417,0.0205011637401429,0.321608825489028,585.8742463393627,7e-05,1.3e-05,1.3e-09,0.06499999999999999
17,10.0,all,0.36030033652281096,0.009473806387599922,1e-08,4.7265261473258444e-09,si03,1.0,1.0,0.03869151103378293,0.009473761902647947,0.321608825489028,585.8742463393627,7e-05,1.3e-05,1.3e-09,0.06499999999999999
17,100.0,all,0.3625954498730432,0.0010040177528069523,1e-08,4.7265261473258444e-08,si03,1.0,1.0,0.04098662438401519,0.001003572903287204,0.321608825489028,585.8742463393627,7e-05,1.3e-05,1.3e-09,0.06499999999999999
17,1000.0,all,0.3626197768583376,0.00010486535106405153,1e-08,4.726526147325844e-07,si03,1.0,1.0,0.04101095136930952,0.00010041685586656838,0.321608825489028,585.8742463393627,7e-05,1.3e-05,1.3e-09,0.06499999999999999
17,10000.0,all,0.36262002027402435,5.452669716273414e-05,1e-08,4.726526147325844e-06,si03,1.0,1.0,0.04101119478499633,1.0041745187902659e-05,0.321608825489028,585.8742463393627,7e-05,1.3e-05,1.3e-09,0.06499999999999999
18,1.0,maxwell,0.33237165953548,4.448495197483147e-09,1e-08,4.726526147325844e-10,si03,1.0,1.0,0.0057920264157832625,0.014181994378319077,0.33237165953548,578.816752799311,7e-05,1.3e-05,1.3e-09,0.06499999999999999
18,2.5,maxwell,0.33237165953548,1.112123799370787e-08,1e-08,1.1816315368314611e-09,si03,1.0,1.0,0.020679899917392643,0.02025420488922288,0.33237165953548,578.816752799311,7e-05,1.3e-05,1.3e-09,0.06499999999999999
18,10.0,maxwell,0.33237165953548,4.448495197483148e-08,1e-08,4.7265261473258444e-09,si03,1.0,1.0,0.03822542963341089,0.009359640119951941,0.33237165953548,578.816752799311,7e-05,1.3e-05,1.3e-09,0.06499999999999999
18,100.0,maxwell,0.33237165953548,4.4484951974831477e-07,1e-08,4.7265261473258444e-08,si03,1.0,1.0,0.04049289584307646,0.000991483774389366,0.33237165953548,578.816752799311,7e-05,1.3e-05,1.3e-09,0.06499999999999999
18,1000.0,maxwell,0.33237165953548,4.448495197483147e-06,1e-08,4.726526147325844e-07,si03,1.0,1.0,0.040516929783331455,9.920722544499137e-05,0.33237165953548,578.816752799311,7e-05,1.3e-05,1.3e-09,0.06499999999999999
18,10000.0,maxwell,0.33237165953548,4.448495197483148e-05,1e-08,4.726526147325844e-06,si03,1.0,1.0,0.04051717026681115,9.92078142778302e-06,0.33237165953548,578.816752799311,7e-05,1.3e-05,1.3e-09,0.06499999999999999
18,1.0,interface,0.3381636859512632,0.014181994378319077,1e-08,0.0,si03,1.0,1.0,0.0057920264157832625,0.014181994378319077,0.33237165953548,578.816752799311,7e-05,1.3e-05,1.3e-09,0.06499999999999999
18,2.5,interface,0.35305155945287264,0.02025420488922288,1e-08,0.0,si03,1.0,1.0,0.020679899917392643,0.02025420488922288,0.33237165953548,578.816752799311,7e-05,1.3e-05,1.3e-09,0.06499999999999999
18,10.0,interface,0.3705970891688909,0.009359640119951941,1e-08,0.0,si03,1.0,1.0,0.03822542963341089,0.009359640119951941,0.33237165953548,578.816752799311,7e-05,1.3e-05,1.3e-09,0.06499999999999999
18,100.0,interface,0.37286455537855645,0.000991483774389366,1e-08,0.0,si03,1.0,1.0,0.04049289584307646,0.000991483774389366,0.33237165953548,578.816752799311,7e-05,1.3e-05,1.3e-09,0.06499999999999999
18,1000.0,interface,0.3728885893188114,9.920722544499137e-05,1e-08,0.0,si03,1.0,1.0,0.040516929783331455,9.920722544499137e-05,0.33237165953548,578.816752799311,7e-05,1.3e-05,1.3e-09,0.06499999999999999
18,10000.0,interface,0.3728888298022911,9.92078142778302e-06,1e-08,0.0,si03,1.0,1.0,0.04051717026681115,9.92078142778302e-06,0.33237165953548,578.816752799311,7e-05,1.3e-05,1.3e-09,0.06499999999999999
18,1.0,all,0.3381636859512632,0.014181998826814275,1e-08,4.726526147325844e-10,si03,1.0,1.0,0.0057920264157832625,0.014181994378319077,0.33237165953548,578.816752799311,7e-05,1.3e-05,1.3e-09,0.06499999999999999
18,2.5,all,0.35305155945287264,0.020254216010460874,1e-08,1.1816315368314611e-09,si03,1.0,1.0,0.020679899917392643,0.02025420488922288,0.33237165953548,578.816752799311,7e-05,1.3e-05,1.3e-09,0.06499999999999999
18,10.0,all,0.3705970891688909,0.009359684604903917,1e-08,4.7265261473258444e-09,si03,1.0,1.0,0.03822542963341089,0.009359640119951941,0.33237165953548,578.816752799311,7e-05,1.3e-05,1.3e-09,0.06499999999999999
18,100.0,all,0.37286455537855645,0.0009919286239091143,1e-08,4.7265261473258444e-08,si03,1.0,1.0,0.04049289584307646,0.000991483774389366,0.33237165953548,578.816752799311,7e-05,1.3e-05,1.3e-09,0.06499999999999999
18,1000.0,all,0.3728885893188114,0.00010365572064247452,1e-08,4.726526147325844e-07,si03,1.0,1.0,0.040516929783331455,9.920722544499137e-05,0.33237165953548,578.816752799311,7e-05,1.3e-05,1.3e-09,0.06499999999999999
18,10000.0,all,0.3728888298022911,5.44057334026145e-05,1e-08,4.726526147325844e-06,si03,1.0,1.0,0.04051717026681115,9.92078142778302e-06,0.33237165953548,578.816752799311,7e-05,1.3e-05,1.3e-09,0.06499999999999999
19,1.0,maxwell,0.34313449358193204,4.448495197483147e-09,1e-08,4.726526147325844e-10,si03,1.0,1.0,0.005165532361453789,0.012648000138869565,0.34313449358193204,516.2090869939707,7e-05,1.3e-05,1.3e-09,0.06499999999999999
19,2.5,maxwell,0.34313449358193204,1.112123799370787e-08,1e-08,1.1816315368314611e-09,si03,1.0,1.0,0.0184430602670985,0.018063410506156667,0.34313449358193204,516.2090869939707,7e-05,1.3e-05,1.3e-09,0.06499999999999999
19,10.0,maxwell,0.34313449358193204,4.448495197483148e-08,1e-08,4.7265261473258444e-09,si03,1.0,1.0,0.034090779224313424,0.008347255426775342,0.34313449358193204,516.2090869939707,7e-05,1.3e-05,1.3e-09,0.06499999999999999
19,100.0,maxwell,0.34313449358193204,4.4484951974831477e-07,1e-08,4.7265261473258444e-08,si03,1.0,1.0,0.03611298514046971,0.0008842400146015262,0.34313449358193204,516.2090869939707,7e-05,1.3e-05,1.3e-09,0.06499999999999999
19,1000.0,maxwell,0.34313449358193204,4.448495197483147e-06,1e-08,4.726526147325844e-07,si03,1.0,1.0,0.03613441945158096,8.847648417653915e-05,0.34313449358193204,516.2090869939707,7e-05,1.3e-05,1.3e-09,0.06499999999999999
19,10000.0,maxwell,0.34313449358193204,4.448495197483148e-05,1e-08,4.726526147325844e-06,si03,1.0,1.0,0.036134633923185125,8.847700931832307e-06,0.34313449358193204,516.2090869939707,7e-05,1.3e-05,1.3e-09,0.06499999999999999
19,1.0,interface,0.3483000259433858,0.012648000138869565,1e-08,0.0,si03,1.0,1.0,0.005165532361453789,0.012648000138869565,0.34313449358193204,516.2090869939707,7e-05,1.3e-05,1.3e-09,0.06499999999999999
19,2.5,interface,0.36157755384903056,0.018063410506156667,1e-08,0.0,si03,1.0,1.0,0.0184430602670985,0.018063410506156667,0.34313449358193204,516.2090869939707,7e-05,1.3e-05,1.3e-09,0.06499999999999999
19,10.0,interface,0.37722527280624546,0.008347255426775342,1e-08,0.0,si03,1.0,1.0,0.034090779224313424,0.008347255426775342,0.34313449358193204,516.2090869939707,7e-05,1.3e-05,1.3e-09,0.06499999999999999
19,100.0,interface,0.3792474787224018,0.0008842400146015262,1e-08,0.0,si03,1.0,1.0,0.03611298514046971,0.0008842400146015262,0.34313449358193204,516.2090869939707,7e-05,1.3e-05,1.3e-09,0.06499999999999999
19,1000.0,interface,0.379268913033513,8.847648417653915e-05,1e-08,0.0,si03,1.0,1.0,0.03613441945158096,8.847648417653915e-05,0.34313449358193204,516.2090869939707,7e-05,1.3e-05,1.3e-09,0.06499999999999999
19,10000.0,interface,0.37926912750511715,8.847700931832307e-06,1e-08,0.0,si03,1.0,1.0,0.036134633923185125,8.847700931832307e-06,0.34313449358193204,516.2090869939707,7e-05,1.3e-05,1.3e-09,0.06499999999999999
19,1.0,all,0.3483000259433858,0.012648004587364762,1e-08,4.726526147325844e-10,si03,1.0,1.0,0.005165532361453789,0.012648000138869565,0.34313449358193204,516.2090869939707,7e-05,1.3e-05,1.3e-09,0.06499999999999999
19,2.5,all,0.36157755384903056,0.01806342162739466,1e-08,1.1816315368314611e-09,si03,1.0,1.0,0.0184430602670985,0.018063410506156667,0.34313449358193204,516.2090869939707,7e-05,1.3e-05,1.3e-09,0.06499999999999999
19,10.0,all,0.37722527280624546,0.008347299911727318,1e-08,4.7265261473258444e-09,si03,1.0,1.0,0.034090779224313424,0.008347255426775342,0.34313449358193204,516.2090869939707,7e-05,1.3e-05,1.3e-09,0.06499999999999999
19,100.0,all,0.3792474787224018,0.0008846848641212745,1e-08,4.7265261473258444e-08,si03,1.0,1.0,0.03611298514046971,0.0008842400146015262,0.34313449358193204,516.2090869939707,7e-05,1.3e-05,1.3e-09,0.06499999999999999
19,1000.0,all,0.379268913033513,9.29249793740223e-05,1e-08,4.726526147325844e-07,si03,1.0,1.0,0.03613441945158096,8.847648417653915e-05,0.34313449358193204,516.2090869939707,7e-05,1.3e-05,1.3e-09,0.06499999999999999
19,10000.0,all,0.37926912750511715,5.333265290666379e-05,1e-08,4.726526147325844e-06,si03,1.0,1.0,0.036134633923185125,8.847700931832307e-06,0.34313449358193204,516.2090869939707,7e-05,1.3e-05,1.3e-09,0.06499999999999999
20,1.0,maxwell,0.353897327628384,4.448495197483147e-09,1e-08,4.726526147325844e-10,si03,1.0,1.0,0.0048874077868619505,0.011967001664383076,0.353897327628384,488.4151593453919,7e-05,1.3e-05,1.3e-09,0.06499999999999999
20,2.5,maxwell,0.353897327628384,1.112123799370787e-08,1e-08,1.1816315368314611e-09,si03,1.0,1.0,0.017450041942552612,0.017090833429650145,0.353897327628384,488.4151593453919,7e-05,1.3e-05,1.3e-09,0.06499999999999999
20,10.0,maxwell,0.353897327628384,4.448495197483148e-08,1e-08,4.7265261473258444e-09,si03,1.0,1.0,0.03225525041415261,0.007897819298583528,0.353897327628384,488.4151593453919,7e-05,1.3e-05,1.3e-09,0.06499999999999999
20,100.0,maxwell,0.353897327628384,4.4484951974831477e-07,1e-08,4.7265261473258444e-08,si03,1.0,1.0,0.03416857594377508,0.0008366304245942504,0.353897327628384,488.4151593453919,7e-05,1.3e-05,1.3e-09,0.06499999999999999
20,1000.0,maxwell,0.353897327628384,4.448495197483147e-06,1e-08,4.726526147325844e-07,si03,1.0,1.0,0.03418885618048657,8.371269938126669e-05,0.353897327628384,488.4151593453919,7e-05,1.3e-05,1.3e-09,0.06499999999999999
20,10000.0,maxwell,0.353897327628384,4.448495197483148e-05,1e-08,4.726526147325844e-06,si03,1.0,1.0,0.034189059104428356,8.371319624816526e-06,0.353897327628384,488.4151593453919,7e-05,1.3e-05,1.3e-09,0.06499999999999999
20,1.0,interface,0.35878473541524597,0.011967001664383076,1e-08,0.0,si03,1.0,1.0,0.0048874077868619505,0.011967001664383076,0.353897327628384,488.4151593453919,7e-05,1.3e-05,1.3e-09,0.06499999999999999
20,2.5,interface,0.3713473695709366,0.017090833429650145,1e-08,0.0,si03,1.0,1.0,0.017450041942552612,0.017090833429650145,0.353897327628384,488.4151593453919,7e-05,1.3e-05,1.3e-09,0.06499999999999999
20,10.0,interface,0.3861525780425366,0.007897819298583528,1e-08,0.0,si03,1.0,1.0,0.03225525041415261,0.007897819298583528,0.353897327628384,488.4151593453919,7e-05,1.3e-05,1.3e-09,0.06499999999999999
20,100.0,interface,0.3880659035721591,0.0008366304245942504,1e-08,0.0,si03,1.0,1.0,0.03416857594377508,0.0008366304245942504,0.353897327628384,488.4151593453919,7e-05,1.3e-05,1.3e-09,0.06499999999999999
20,1000.0,interface,0.38808618380887056,8.371269938126669e-05,1e-08,0.0,si03,1.0,1.0,0.03418885618048657,8.371269938126669e-05,0.353897327628384,488.4151593453919,7e-05,1.3e-05,1.3e-09,0.06499999999999999
20,10000.0,interface,0.38808638673281237,8.371319624816526e-06,1e-08,0.0,si03,1.0,1.0,0.034189059104428356,8.371319624816526e-06,0.353897327628384,488.4151593453919,7e-05,1.3e-05,1.3e-09,0.06499999999999999
20,1.0,all,0.35878473541524597,0.011967006112878273,1e-08,4.726526147325844e-10,si03,1.0,1.0,0.0048874077868619505,0.011967001664383076,0.353897327628384,488.4151593453919,7e-05,1.3e-05,1.3e-09,0.06499999999999999
20,2.5,all,0.3713473695709366,0.017090844550888138,1e-08,1.1816315368314611e-09,si03,1.0,1.0,0.017450041942552612,0.017090833429650145,0.353897327628384,488.4151593453919,7e-05,1.3e-05,1.3e-09,0.06499999999999999
20,10.0,all,0.3861525780425366,0.007897863783535504,1e-08,4.7265261473258444e-09,si03,1.0,1.0,0.03225525041415261,0.007897819298583528,0.353897327628384,488.4151593453919,7e-05,1.3e-05,1.3e-09,0.06499999999999999
20,100.0,all,0.3880659035721591,0.0008370752741139987,1e-08,4.7265261473258444e-08,si03,1.0,1.0,0.03416857594377508,0.0008366304245942504,0.353897327628384,488.4151593453919,7e-05,1.3e-05,1.3e-09,0.06499999999999999
20,1000.0,all,0.38808618380887056,8.816119457874984e-05,1e-08,4.726526147325844e-07,si03,1.0,1.0,0.03418885618048657,8.371269938126669e-05,0.353897327628384,488.4151593453919,7e-05,1.3e-05,1.3e-09,0.06499999999999999
20,10000.0,all,0.38808638673281237,5.285627159964801e-05,1e-08,4.726526147325844e-06,si03,1.0,1.0,0.034189059104428356,8.371319624816526e-06,0.353897327628384,488.4151593453919,7e-05,1.3e-05,1.3e-09,0.06499999999999999
21,1.0,maxwell,0.364660161674836,4.448495197483147e-09,1e-08,4.726526147325844e-10,si03,1.0,1.0,0.004062999789660036,0.009948407697011167,0.364660161674836,406.0292850990525,7e-05,1.3e-05,1.3e-09,0.06499999999999999
21,2.5,maxwell,0.364660161674836,1.112123799370787e-08,1e-08,1.1816315368314611e-09,si03,1.0,1.0,0.014506568683042592,0.014207951465897326,0.364660161674836,406.0292850990525,7e-05,1.3e-05,1.3e-09,0.06499999999999999
21,10.0,maxwell,0.364660161674836,4.448495197483148e-08,1e-08,4.7265261473258444e-09,si03,1.0,1.0,0.026814434432998042,0.006565615055731021,0.364660161674836,406.0292850990525,7e-05,1.3e-05,1.3e-09,0.06499999999999999
21,100.0,maxwell,0.364660161674836,4.4484951974831477e-07,1e-08,4.7265261473258444e-08,si03,1.0,1.0,0.028405020192038746,0.0006955075957212407,0.364660161674836,406.0292850990525,7e-05,1.3e-05,1.3e-09,0.06499999999999999
21,1000.0,maxwell,0.364660161674836,4.448495197483147e-06,1e-08,4.726526147325844e-07,si03,1.0,1.0,0.02842187955820715,6.959204036386405e-05,0.364660161674836,406.0292850990525,7e-05,1.3e-05,1.3e-09,0.06499999999999999
21,10000.0,maxwell,0.364660161674836,4.448495197483148e-05,1e-08,4.726526147325844e-06,si03,1.0,1.0,0.0284220482529363,6.959245341924894e-06,0.364660161674836,406.0292850990525,7e-05,1.3e-05,1.3e-09,0.06499999999999999
21,1.0,interface,0.368723161464496,0.009948407697011167,1e-08,0.0,si03,1.0,1.0,0.004062999789660036,0.009948407697011167,0.364660161674836,406.0292850990525,7e-05,1.3e-05,1.3e-09,0.06499999999999999
21,2.5,interface,0.3791667303578786,0.014207951465897326,1e-08,0.0,si03,1.0,1.0,0.014506568683042592,0.014207951465897326,0.364660161674836,406.0292850990525,7e-05,1.3e-05,1.3e-09,0.06499999999999999
21,10.0,interface,0.391474596107834,0.006565615055731021,1e-08,0.0,si03,1.0,1.0,0.026814434432998042,0.006565615055731021,0.364660161674836,406.0292850990525,7e-05,1.3e-05,1.3e-09,0.06499999999999999
21,100.0,interface,0.3930651818668747,0.0006955075957212407,1e-08,0.0,si03,1.0,1.0,0.028405020192038746,0.0006955075957212407,0.364660161674836,406.0292850990525,7e-05,1.3e-05,1.3e-09,0.06499999999999999
21,1000.0,interface,0.39308204123304313,6.959204036386405e-05,1e-08,0.0,si03,1.0,1.0,0.02842187955820715,6.959204036386405e-05,0.364660161674836,406.0292850990525,7e-05,1.3e-05,1.3e-09,0.06499999999999999
21,10000.0,interface,0.3930822099277723,6.959245341924894e-06,1e-08,0.0,si03,1.0,1.0,0.0284220482529363,6.959245341924894e-06,0.364660161674836,406.0292850990525,7e-05,1.3e-05,1.3e-09,0.06499999999999999
21,1.0,all,0.368723161464496,0.009948412145506364,1e-08,4.726526147325844e-10,si03,1.0,1.0,0.004062999789660036,0.009948407697011167,0.364660161674836,406.0292850990525,7e-05,1.3e-05,1.3e-09,0.06499999999999999
21,2.5,all,0.3791667303578786,0.014207962587135319,1e-08,1.1816315368314611e-09,si03,1.0,1.0,0.014506568683042592,0.014207951465897326,0.364660161674836,406.0292850990525,7e-05,1.3e-05,1.3e-09,0.06499999999999999
21,10.0,all,0.391474596107834,0.0065656595406829955,1e-08,4.7265261473258444e-09,si03,1.0,1.0,0.026814434432998042,0.006565615055731021,0.364660161674836,406.0292850990525,7e-05,1.3e-05,1.3e-09,0.06499999999999999
21,100.0,all,0.3930651818668747,0.000695952445240989,1e-08,4.7265261473258444e-08,si03,1.0,1.0,0.028405020192038746,0.0006955075957212407,0.364660161674836,406.0292850990525,7e-05,1.3e-05,1.3e-09,0.06499999999999999
21,1000.0,all,0.39308204123304313,7.40405355613472e-05,1e-08,4.726526147325844e-07,si03,1.0,1.0,0.02842187955820715,6.959204036386405e-05,0.364660161674836,406.0292850990525,7e-05,1.3e-05,1.3e-09,0.06499999999999999
21,10000.0,all,0.3930822099277723,5.1444197316756376e-05,1e-08,4.726526147325844e-06,si03,1.0,1.0,0.0284220482529363,6.959245341924894e-06,0.364660161674836,406.0292850990525,7e-05,1.3e-05,1.3e-09,0.06499999999999999
22,1.0,maxwell,0.375422995721288,4.448495197483147e-09,1e-08,4.726526147325844e-10,si03,1.0,1.0,0.003563743822718888,0.008725960696906435,0.375422995721288,356.1369509043928,7e-05,1.3e-05,1.3e-09,0.06499999999999999
22,2.5,maxwell,0.375422995721288,1.112123799370787e-08,1e-08,1.1816315368314611e-09,si03,1.0,1.0,0.01272402097204293,0.01246209743818816,0.375422995721288,356.1369509043928,7e-05,1.3e-05,1.3e-09,0.06499999999999999
22,10.0,maxwell,0.375422995721288,4.448495197483148e-08,1e-08,4.7265261473258444e-09,si03,1.0,1.0,0.023519512679643334,0.00575884108011961,0.375422995721288,356.1369509043928,7e-05,1.3e-05,1.3e-09,0.06499999999999999
22,100.0,maxwell,0.375422995721288,4.4484951974831477e-07,1e-08,4.7265261473258444e-08,si03,1.0,1.0,0.02491464939309127,0.0006100445548172255,0.375422995721288,356.1369509043928,7e-05,1.3e-05,1.3e-09,0.06499999999999999
22,1000.0,maxwell,0.375422995721288,4.448495197483147e-06,1e-08,4.726526147325844e-07,si03,1.0,1.0,0.024929437102948038,6.104066374511815e-05,0.375422995721288,356.1369509043928,7e-05,1.3e-05,1.3e-09,0.06499999999999999
22,10000.0,maxwell,0.375422995721288,4.448495197483148e-05,1e-08,4.726526147325844e-06,si03,1.0,1.0,0.024929585068695033,6.104102604481112e-06,0.375422995721288,356.1369509043928,7e-05,1.3e-05,1.3e-09,0.06499999999999999
22,1.0,interface,0.3789867395440069,0.008725960696906435,1e-08,0.0,si03,1.0,1.0,0.003563743822718888,0.008725960696906435,0.375422995721288,356.1369509043928,7e-05,1.3e-05,1.3e-09,0.06499999999999999
22,2.5,interface,0.38814701669333096,0.01246209743818816,1e-08,0.0,si03,1.0,1.0,0.01272402097204293,0.01246209743818816,0.375422995721288,356.1369509043928,7e-05,1.3e-05,1.3e-09,0.06499999999999999
22,10.0,interface,0.3989425084009314,0.00575884108011961,1e-08,0.0,si03,1.0,1.0,0.023519512679643334,0.00575884108011961,0.375422995721288,356.1369509043928,7e-05,1.3e-05,1.3e-09,0.06499999999999999
22,100.0,interface,0.4003376451143793,0.0006100445548172255,1e-08,0.0,si03,1.0,1.0,0.02491464939309127,0.0006100445548172255,0.375422995721288,356.1369509043928,7e-05,1.3e-05,1.3e-09,0.06499999999999999
22,1000.0,interface,0.40035243282423605,6.104066374511815e-05,1e-08,0.0,si03,1.0,1.0,0.024929437102948038,6.104066374511815e-05,0.375422995721288,356.1369509043928,7e-05,1.3e-05,1.3e-09,0.06499999999999999
22,10000.0,interface,0.40035258078998304,6.104102604481112e-06,1e-08,0.0,si03,1.0,1.0,0.024929585068695033,6.104102604481112e-06,0.375422995721288,356.1369509043928,7e-05,1.3e-05,1.3e-09,0.06499999999999999
22,1.0,all,0.3789867395440069,0.008725965145401632,1e-08,4.726526147325844e-10,si03,1.0,1.0,0.003563743822718888,0.008725960696906435,0.375422995721288,356.1369509043928,7e-05,1.3e-05,1.3e-09,0.06499999999999999
22,2.5,all,0.38814701669333096,0.012462108559426152,1e-08,1.1816315368314611e-09,si03,1.0,1.0,0.01272402097204293,0.01246209743818816,0.375422995721288,356.1369509043928,7e-05,1.3e-05,1.3e-09,0.06499999999999999
22,10.0,all,0.3989425084009314,0.005758885565071585,1e-08,4.7265261473258444e-09,si03,1.0,1.0,0.023519512679643334,0.00575884108011961,0.375422995721288,356.1369509043928,7e-05,1.3e-05,1.3e-09,0.06499999999999999
22,100.0,all,0.4003376451143793,0.0006104894043369738,1e-08,4.7265261473258444e-08,si03,1.0,1.0,0.02491464939309127,0.0006100445548172255,0.375422995721288,356.1369509043928,7e-05,1.3e-05,1.3e-09,0.06499999999999999
22,1000.0,all,0.40035243282423605,6.54891589426013e-05,1e-08,4.726526147325844e-07,si03,1.0,1.0,0.024929437102948038,6.104066374511815e-05,0.375422995721288,356.1369509043928,7e-05,1.3e-05,1.3e-09,0.06499999999999999
22,10000.0,all,0.40035258078998304,5.058905457931259e-05,1e-08,4.726526147325844e-06,si03,1.0,1.0,0.024929585068695033,6.104102604481112e-06,0.375422995721288,356.1369509043928,7e-05,1.3e-05,1.3e-09,0.06499999999999999
23,1.0,maxwell,0.38618582976774,4.448495197483147e-09,1e-08,4.726526147325844e-10,si03,1.0,1.0,0.002693008664147812,0.006593932933668095,0.38618582976774,269.1214470284238,7e-05,1.3e-05,1.3e-09,0.06499999999999999
23,2.5,maxwell,0.38618582976774,1.112123799370787e-08,1e-08,1.1816315368314611e-09,si03,1.0,1.0,0.009615140825236868,0.00941721348222236,0.38618582976774,269.1214470284238,7e-05,1.3e-05,1.3e-09,0.06499999999999999
23,10.0,maxwell,0.38618582976774,4.448495197483148e-08,1e-08,4.7265261473258444e-09,si03,1.0,1.0,0.01777295298809979,0.00435177434060916,0.38618582976774,269.1214470284238,7e-05,1.3e-05,1.3e-09,0.06499999999999999
23,100.0,maxwell,0.38618582976774,4.4484951974831477e-07,1e-08,4.7265261473258444e-08,si03,1.0,1.0,0.018827213744171636,0.00046099140492809025,0.38618582976774,269.1214470284238,7e-05,1.3e-05,1.3e-09,0.06499999999999999
23,1000.0,maxwell,0.38618582976774,4.448495197483147e-06,1e-08,4.726526147325844e-07,si03,1.0,1.0,0.01883838834951597,4.612650193400367e-05,0.38618582976774,269.1214470284238,7e-05,1.3e-05,1.3e-09,0.06499999999999999
23,10000.0,maxwell,0.38618582976774,4.448495197483148e-05,1e-08,4.726526147325844e-06,si03,1.0,1.0,0.01883850016255823,4.612677571244025e-06,0.38618582976774,269.1214470284238,7e-05,1.3e-05,1.3e-09,0.06499999999999999
23,1.0,interface,0.3888788384318878,0.006593932933668095,1e-08,0.0,si03,1.0,1.0,0.002693008664147812,0.006593932933668095,0.38618582976774,269.1214470284238,7e-05,1.3e-05,1.3e-09,0.06499999999999999
23,2.5,interface,0.39580097059297686,0.00941721348222236,1e-08,0.0,si03,1.0,1.0,0.009615140825236868,0.00941721348222236,0.38618582976774,269.1214470284238,7e-05,1.3e-05,1.3e-09,0.06499999999999999
23,10.0,interface,0.4039587827558398,0.00435177434060916,1e-08,0.0,si03,1.0,1.0,0.01777295298809979,0.00435177434060916,0.38618582976774,269.1214470284238,7e-05,1.3e-05,1.3e-09,0.06499999999999999
23,100.0,interface,0.40501304351191164,0.00046099140492809025,1e-08,0.0,si03,1.0,1.0,0.018827213744171636,0.00046099140492809025,0.38618582976774,269.1214470284238,7e-05,1.3e-05,1.3e-09,0.06499999999999999
23,1000.0,interface,0.405024218117256,4.612650193400367e-05,1e-08,0.0,si03,1.0,1.0,0.01883838834951597,4.612650193400367e-05,0.38618582976774,269.1214470284238,7e-05,1.3e-05,1.3e-09,0.06499999999999999
23,10000.0,interface,0.40502432993029824,4.612677571244025e-06,1e-08,0.0,si03,1.0,1.0,0.01883850016255823,4.612677571244025e-06,0.38618582976774,269.1214470284238,7e-05,1.3e-05,1.3e-09,0.06499999999999999
23,1.0,all,0.3888788384318878,0.006593937382163293,1e-08,4.726526147325844e-10,si03,1.0,1.0,0.002693008664147812,0.006593932933668095,0.38618582976774,269.1214470284238,7e-05,1.3e-05,1.3e-09,0.06499999999999999
23,2.5,all,0.39580097059297686,0.009417224603460353,1e-08,1.1816315368314611e-09,si03,1.0,1.0,0.009615140825236868,0.00941721348222236,0.38618582976774,269.1214470284238,7e-05,1.3e-05,1.3e-09,0.06499999999999999
23,10.0,all,0.4039587827558398,0.0043518188255611346,1e-08,4.7265261473258444e-09,si03,1.0,1.0,0.01777295298809979,0.00435177434060916,0.38618582976774,269.1214470284238,7e-05,1.3e-05,1.3e-09,0.06499999999999999
23,100.0,all,0.40501304351191164,0.0004614362544478386,1e-08,4.7265261473258444e-08,si03,1.0,1.0,0.018827213744171636,0.00046099140492809025,0.38618582976774,269.1214470284238,7e-05,1.3e-05,1.3e-09,0.06499999999999999
23,1000.0,all,0.405024218117256,5.0574997131486816e-05,1e-08,4.726526147325844e-07,si03,1.0,1.0,0.01883838834951597,4.612650193400367e-05,0.38618582976774,269.1214470284238,7e-05,1.3e-05,1.3e-09,0.06499999999999999
23,10000.0,all,0.40502432993029824,4.90976295460755e-05,1e-08,4.726526147325844e-06,si03,1.0,1.0,0.01883850016255823,4.612677571244025e-06,0.38618582976774,269.1214470284238,7e-05,1.3e-05,1.3e-09,0.06499999999999999
24,1.0,maxwell,0.396948663814192,4.448495197483147e-09,1e-08,4.726526147325844e-10,si03,1.0,1.0,0.0023335422131984924,0.005713765817602179,0.396948663814192,233.19875107665803,7e-05,1.3e-05,1.3e-09,0.06499999999999999
24,2.5,maxwell,0.396948663814192,1.112123799370787e-08,1e-08,1.1816315368314611e-09,si03,1.0,1.0,0.00833169877997351,0.008160191047295373,0.396948663814192,233.19875107665803,7e-05,1.3e-05,1.3e-09,0.06499999999999999
24,10.0,maxwell,0.396948663814192,4.448495197483148e-08,1e-08,4.7265261473258444e-09,si03,1.0,1.0,0.015400595105046697,0.0037708935961923533,0.396948663814192,233.19875107665803,7e-05,1.3e-05,1.3e-09,0.06499999999999999
24,100.0,maxwell,0.396948663814192,4.4484951974831477e-07,1e-08,4.7265261473258444e-08,si03,1.0,1.0,0.016314131704748176,0.0003994576466250587,0.396948663814192,233.19875107665803,7e-05,1.3e-05,1.3e-09,0.06499999999999999
24,1000.0,maxwell,0.396948663814192,4.448495197483147e-06,1e-08,4.726526147325844e-07,si03,1.0,1.0,0.016323814708607016,3.996947386139991e-05,0.396948663814192,233.19875107665803,7e-05,1.3e-05,1.3e-09,0.06499999999999999
24,10000.0,maxwell,0.396948663814192,4.448495197483148e-05,1e-08,4.726526147325844e-06,si03,1.0,1.0,0.016323911596692664,3.996971109551926e-06,0.396948663814192,233.19875107665803,7e-05,1.3e-05,1.3e-09,0.06499999999999999
24,1.0,interface,0.3992822060273905,0.005713765817602179,1e-08,0.0,si03,1.0,1.0,0.0023335422131984924,0.005713765817602179,0.396948663814192,233.19875107665803,7e-05,1.3e-05,1.3e-09,0.06499999999999999
24,2.5,interface,0.40528036259416556,0.008160191047295373,1e-08,0.0,si03,1.0,1.0,0.00833169877997351,0.008160191047295373,0.396948663814192,233.19875107665803,7e-05,1.3e-05,1.3e-09,0.06499999999999999
24,10.0,interface,0.41234925891923874,0.0037708935961923533,1e-08,0.0,si03,1.0,1.0,0.015400595105046697,0.0037708935961923533,0.396948663814192,233.19875107665803,7e-05,1.3e-05,1.3e-09,0.06499999999999999
24,100.0,interface,0.4132627955189402,0.0003994576466250587,1e-08,0.0,si03,1.0,1.0,0.016314131704748176,0.0003994576466250587,0.396948663814192,233.19875107665803,7e-05,1.3e-05,1.3e-09,0.06499999999999999
24,1000.0,interface,0.413272478522799,3.996947386139991e-05,1e-08,0.0,si03,1.0,1.0,0.016323814708607016,3.996947386139991e-05,0.396948663814192,233.19875107665803,7e-05,1.3e-05,1.3e-09,0.06499999999999999
24,10000.0,interface,0.4132725754108847,3.996971109551926e-06,1e-08,0.0,si03,1.0,1.0,0.016323911596692664,3.996971109551926e-06,0.396948663814192,233.19875107665803,7e-05,1.3e-05,1.3e-09,0.06499999999999999
24,1.0,all,0.3992822060273905,0.005713770266097376,1e-08,4.726526147325844e-10,si03,1.0,1.0,0.0023335422131984924,0.005713765817602179,0.396948663814192,233.19875107665803,7e-05,1.3e-05,1.3e-09,0.06499999999999999
24,2.5,all,0.40528036259416556,0.008160202168533366,1e-08,1.1816315368314611e-09,si03,1.0,1.0,0.00833169877997351,0.008160191047295373,0.396948663814192,233.19875107665803,7e-05,1.3e-05,1.3e-09,0.06499999999999999
24,10.0,all,0.41234925891923874,0.003770938081144328,1e-08,4.7265261473258444e-09,si03,1.0,1.0,0.015400595105046697,0.0037708935961923533,0.396948663814192,233.19875107665803,7e-05,1.3e-05,1.3e-09,0.06499999999999999
24,100.0,all,0.4132627955189402,0.00039990249614480704,1e-08,4.7265261473258444e-08,si03,1.0,1.0,0.016314131704748176,0.0003994576466250587,0.396948663814192,233.19875107665803,7e-05,1.3e-05,1.3e-09,0.06499999999999999
24,1000.0,all,0.413272478522799,4.4417969058883056e-05,1e-08,4.726526147325844e-07,si03,1.0,1.0,0.016323814708607016,3.996947386139991e-05,0.396948663814192,233.19875107665803,7e-05,1.3e-05,1.3e-09,0.06499999999999999
24,10000.0,all,0.4132725754108847,4.8481923084383405e-05,1e-08,4.726526147325844e-06,si03,1.0,1.0,0.016323911596692664,3.996971109551926e-06,0.396948663814192,233.19875107665803,7e-05,1.3e-05,1.3e-09,0.06499999999999999
25,1.0,maxwell,0.407711497860644,4.448495197483147e-09,1e-08,4.726526147325844e-10,si03,1.0,1.0,0.0014164260244659654,0.003468172358734774,0.407711497860644,141.5482342807924,7e-05,1.3e-05,1.3e-09,0.06499999999999999
25,2.5,maxwell,0.407711497860644,1.112123799370787e-08,1e-08,1.1816315368314611e-09,si03,1.0,1.0,0.0050572194122815274,0.004953116724707046,0.407711497860644,141.5482342807924,7e-05,1.3e-05,1.3e-09,0.06499999999999999
25,10.0,maxwell,0.407711497860644,4.448495197483148e-08,1e-08,4.7265261473258444e-09,si03,1.0,1.0,0.009347936187171862,0.002288877310609242,0.407711497860644,141.5482342807924,7e-05,1.3e-05,1.3e-09,0.06499999999999999
25,100.0,maxwell,0.407711497860644,4.4484951974831477e-07,1e-08,4.7265261473258444e-08,si03,1.0,1.0,0.009902439554113634,0.0002424649544162906,0.407711497860644,141.5482342807924,7e-05,1.3e-05,1.3e-09,0.06499999999999999
25,1000.0,maxwell,0.407711497860644,4.448495197483147e-06,1e-08,4.726526147325844e-07,si03,1.0,1.0,0.009908316995962807,2.426088657890647e-05,0.407711497860644,141.5482342807924,7e-05,1.3e-05,1.3e-09,0.06499999999999999
25,10000.0,maxwell,0.407711497860644,4.448495197483148e-05,1e-08,4.726526147325844e-06,si03,1.0,1.0,0.009908375805615016,2.426103057655032e-06,0.407711497860644,141.5482342807924,7e-05,1.3e-05,1.3e-09,0.06499999999999999
25,1.0,interface,0.40912792388510993,0.003468172358734774,1e-08,0.0,si03,1.0,1.0,0.0014164260244659654,0.003468172358734774,0.407711497860644,141.5482342807924,7e-05,1.3e-05,1.3e-09,0.06499999999999999
25,2.5,interface,0.4127687172729255,0.004953116724707046,1e-08,0.0,si03,1.0,1.0,0.0050572194122815274,0.004953116724707046,0.407711497860644,141.5482342807924,7e-05,1.3e-05,1.3e-09,0.06499999999999999
25,10.0,interface,0.41705943404781587,0.002288877310609242,1e-08,0.0,si03,1.0,1.0,0.009347936187171862,0.002288877310609242,0.407711497860644,141.5482342807924,7e-05,1.3e-05,1.3e-09,0.06499999999999999
25,100.0,interface,0.4176139374147576,0.0002424649544162906,1e-08,0.0,si03,1.0,1.0,0.009902439554113634,0.0002424649544162906,0.407711497860644,141.5482342807924,7e-05,1.3e-05,1.3e-09,0.06499999999999999
25,1000.0,interface,0.41761981485660676,2.426088657890647e-05,1e-08,0.0,si03,1.0,1.0,0.009908316995962807,2.426088657890647e-05,0.407711497860644,141.5482342807924,7e-05,1.3e-05,1.3e-09,0.06499999999999999
25,10000.0,interface,0.41761987366625897,2.426103057655032e-06,1e-08,0.0,si03,1.0,1.0,0.009908375805615016,2.426103057655032e-06,0.407711497860644,141.5482342807924,7e-05,1.3e-05,1.3e-09,0.06499999999999999
25,1.0,all,0.40912792388510993,0.0034681768072299716,1e-08,4.726526147325844e-10,si03,1.0,1.0,0.0014164260244659654,0.003468172358734774,0.407711497860644,141.5482342807924,7e-05,1.3e-05,1.3e-09,0.06499999999999999
25,2.5,all,0.4127687172729255,0.00495312784594504,1e-08,1.1816315368314611e-09,si03,1.0,1.0,0.0050572194122815274,0.004953116724707046,0.407711497860644,141.5482342807924,7e-05,1.3e-05,1.3e-09,0.06499999999999999
25,10.0,all,0.41705943404781587,0.0022889217955612165,1e-08,4.7265261473258444e-09,si03,1.0,1.0,0.009347936187171862,0.002288877310609242,0.407711497860644,141.5482342807924,7e-05,1.3e-05,1.3e-09,0.06499999999999999
25,100.0,all,0.4176139374147576,0.00024290980393603892,1e-08,4.7265261473258444e-08,si03,1.0,1.0,0.009902439554113634,0.0002424649544162906,0.407711497860644,141.5482342807924,7e-05,1.3e-05,1.3e-09,0.06499999999999999
25,1000.0,all,0.41761981485660676,2.8709381776389615e-05,1e-08,4.726526147325844e-07,si03,1.0,1.0,0.009908316995962807,2.426088657890647e-05,0.407711497860644,141.5482342807924,7e-05,1.3e-05,1.3e-09,0.06499999999999999
25,10000.0,all,0.41761987366625897,4.6911055032486515e-05,1e-08,4.726526147325844e-06,si03,1.0,1.0,0.009908375805615016,2.426103057655032e-06,0.407711497860644,141.5482342807924,7e-05,1.3e-05,1.3e-09,0.06499999999999999
26,1.0,maxwell,0.41847433190709604,4.448495197483147e-09,1e-08,4.726526147325844e-10,si03,1.0,1.0,0.0003367876893953456,0.000824637315996418,0.41847433190709604,33.656330749354005,7e-05,1.3e-05,1.3e-09,0.06499999999999999
26,2.5,maxwell,0.41847433190709604,1.112123799370787e-08,1e-08,1.1816315368314611e-09,si03,1.0,1.0,0.0012024696039242455,0.0011777168085064448,0.41847433190709604,33.656330749354005,7e-05,1.3e-05,1.3e-09,0.06499999999999999
26,10.0,maxwell,0.41847433190709604,4.448495197483148e-08,1e-08,4.7265261473258444e-09,si03,1.0,1.0,0.002222685671339412,0.0005442329408203005,0.41847433190709604,33.656330749354005,7e-05,1.3e-05,1.3e-09,0.06499999999999999
26,100.0,maxwell,0.41847433190709604,4.4484951974831477e-07,1e-08,4.7265261473258444e-08,si03,1.0,1.0,0.0023545315316162796,5.765158952653264e-05,0.41847433190709604,33.656330749354005,7e-05,1.3e-05,1.3e-09,0.06499999999999999
26,1000.0,maxwell,0.41847433190709604,4.448495197483147e-06,1e-08,4.726526147325844e-07,si03,1.0,1.0,0.002355929027867935,5.768580774751778e-06,0.41847433190709604,33.656330749354005,7e-05,1.3e-05,1.3e-09,0.06499999999999999
26,10000.0,maxwell,0.41847433190709604,4.448495197483148e-05,1e-08,4.726526147325844e-06,si03,1.0,1.0,0.0023559430112080736,5.768615013485686e-07,0.41847433190709604,33.656330749354005,7e-05,1.3e-05,1.3e-09,0.06499999999999999
26,1.0,interface,0.41881111959649137,0.000824637315996418,1e-08,0.0,si03,1.0,1.0,0.0003367876893953456,0.000824637315996418,0.41847433190709604,33.656330749354005,7e-05,1.3e-05,1.3e-09,0.06499999999999999
26,2.5,interface,0.41967680151102027,0.0011777168085064448,1e-08,0.0,si03,1.0,1.0,0.0012024696039242455,0.0011777168085064448,0.41847433190709604,33.656330749354005,7e-05,1.3e-05,1.3e-09,0.06499999999999999
26,10.0,interface,0.4206970175784355,0.0005442329408203005,1e-08,0.0,si03,1.0,1.0,0.002222685671339412,0.0005442329408203005,0.41847433190709604,33.656330749354005,7e-05,1.3e-05,1.3e-09,0.06499999999999999
26,100.0,interface,0.42082886343871234,5.765158952653264e-05,1e-08,0.0,si03,1.0,1.0,0.0023545315316162796,5.765158952653264e-05,0.41847433190709604,33.656330749354005,7e-05,1.3e-05,1.3e-09,0.06499999999999999
26,1000.0,interface,0.42083026093496395,5.768580774751778e-06,1e-08,0.0,si03,1.0,1.0,0.002355929027867935,5.768580774751778e-06,0.41847433190709604,33.656330749354005,7e-05,1.3e-05,1.3e-09,0.06499999999999999
26,10000.0,interface,0.4208302749183041,5.768615013485686e-07,1e-08,0.0,si03,1.0,1.0,0.0023559430112080736,5.768615013485686e-07,0.41847433190709604,33.656330749354005,7e-05,1.3e-05,1.3e-09,0.06499999999999999
26,1.0,all,0.41881111959649137,0.0008246417644916155,1e-08,4.726526147325844e-10,si03,1.0,1.0,0.0003367876893953456,0.000824637315996418,0.41847433190709604,33.656330749354005,7e-05,1.3e-05,1.3e-09,0.06499999999999999
26,2.5,all,0.41967680151102027,0.0011777279297444385,1e-08,1.1816315368314611e-09,si03,1.0,1.0,0.0012024696039242455,0.0011777168085064448,0.41847433190709604,33.656330749354005,7e-05,1.3e-05,1.3e-09,0.06499999999999999
26,10.0,all,0.4206970175784355,0.0005442774257722753,1e-08,4.7265261473258444e-09,si03,1.0,1.0,0.002222685671339412,0.0005442329408203005,0.41847433190709604,33.656330749354005,7e-05,1.3e-05,1.3e-09,0.06499999999999999
26,100.0,all,0.42082886343871234,5.8096439046280954e-05,1e-08,4.7265261473258444e-08,si03,1.0,1.0,0.0023545315316162796,5.765158952653264e-05,0.41847433190709604,33.656330749354005,7e-05,1.3e-05,1.3e-09,0.06499999999999999
26,1000.0,all,0.42083026093496395,1.0217075972234926e-05,1e-08,4.726526147325844e-07,si03,1.0,1.0,0.002355929027867935,5.768580774751778e-06,0.41847433190709604,33.656330749354005,7e-05,1.3e-05,1.3e-09,0.06499999999999999
26,10000.0,all,0.4208302749183041,4.506181347618005e-05,1e-08,4.726526147325844e-06,si03,1.0,1.0,0.0023559430112080736,5.768615013485686e-07,0.41847433190709604,33.656330749354005,7e-05,1.3e-05,1.3e-09,0.06499999999999999
27,1.0,maxwell,0.429237165953548,4.448495197483147e-09,1e-08,4.726526147325844e-10,si03,1.0,1.0,0.0,0.0,0.429237165953548,0.0,7e-05,1.3e-05,1.3e-09,0.06499999999999999
27,2.5,maxwell,0.429237165953548,1.112123799370787e-08,1e-08,1.1816315368314611e-09,si03,1.0,1.0,0.0,0.0,0.429237165953548,0.0,7e-05,1.3e-05,1.3e-09,0.06499999999999999
27,10.0,maxwell,0.429237165953548,4.448495197483148e-08,1e-08,4.7265261473258444e-09,si03,1.0,1.0,0.0,0.0,0.429237165953548,0.0,7e-05,1.3e-05,1.3e-09,0.06499999999999999
27,100.0,maxwell,0.429237165953548,4.4484951974831477e-07,1e-08,4.7265261473258444e-08,si03,1.0,1.0,0.0,0.0,0.429237165953548,0.0,7e-05,1.3e-05,1.3e-09,0.06499999999999999
27,1000.0,maxwell,0.429237165953548,4.448495197483147e-06,1e-08,4.726526147325844e-07,si03,1.0,1.0,0.0,0.0,0.429237165953548,0.0,7e-05,1.3e-05,1.3e-09,0.06499999999999999
27,10000.0,maxwell,0.429237165953548,4.448495197483148e-05,1e-08,4.726526147325844e-06,si03,1.0,1.0,0.0,0.0,0.429237165953548,0.0,7e-05,1.3e-05,1.3e-09,0.06499999999999999
27,1.0,interface,0.429237165953548,0.0,1e-08,0.0,si03,1.0,1.0,0.0,0.0,0.429237165953548,0.0,7e-05,1.3e-05,1.3e-09,0.06499999999999999
27,2.5,interface,0.429237165953548,0.0,1e-08,0.0,si03,1.0,1.0,0.0,0.0,0.429237165953548,0.0,7e-05,1.3e-05,1.3e-09,0.06499999999999999
27,10.0,interface,0.429237165953548,0.0,1e-08,0.0,si03,1.0,1.0,0.0,0.0,0.429237165953548,0.0,7e-05,1.3e-05,1.3e-09,0.06499999999999999
27,100.0,interface,0.429237165953548,0.0,1e-08,0.0,si03,1.0,1.0,0.0,0.0,0.429237165953548,0.0,7e-05,1.3e-05,1.3e-09,0.06499999999999999
27,1000.0,interface,0.429237165953548,0.0,1e-08,0.0,si03,1.0,1.0,0.0,0.0,0.429237165953548,0.0,7e-05,1.3e-05,1.3e-09,0.06499999999999999
27,10000.0,interface,0.429237165953548,0.0,1e-08,0.0,si03,1.0,1.0,0.0,0.0,0.429237165953548,0.0,7e-05,1.3e-05,1.3e-09,0.06499999999999999
27,1.0,all,0.429237165953548,4.448495197483147e-09,1e-08,4.726526147325844e-10,si03,1.0,1.0,0.0,0.0,0.429237165953548,0.0,7e-05,1.3e-05,1.3e-09,0.06499999999999999
27,2.5,all,0.429237165953548,1.112123799370787e-08,1e-08,1.1816315368314611e-09,si03,1.0,1.0,0.0,0.0,0.429237165953548,0.0,7e-05,1.3e-05,1.3e-09,0.06499999999999999
27,10.0,all,0.429237165953548,4.448495197483148e-08,1e-08,4.7265261473258444e-09,si03,1.0,1.0,0.0,0.0,0.429237165953548,0.0,7e-05,1.3e-05,1.3e-09,0.06499999999999999
27,100.0,all,0.429237165953548,4.4484951974831477e-07,1e-08,4.7265261473258444e-08,si03,1.0,1.0,0.0,0.0,0.429237165953548,0.0,7e-05,1.3e-05,1.3e-09,0.06499999999999999
27,1000.0,all,0.429237165953548,4.448495197483147e-06,1e-08,4.726526147325844e-07,si03,1.0,1.0,0.0,0.0,0.429237165953548,0.0,7e-05,1.3e-05,1.3e-09,0.06499999999999999
27,10000.0,all,0.429237165953548,4.448495197483148e-05,1e-08,4.726526147325844e-06,si03,1.0,1.0,0.0,0.0,0.429237165953548,0.0,7e-05,1.3e-05,1.3e-09,0.06499999999999999
28,1.0,maxwell,0.44,4.448495197483147e-09,1e-08,4.726526147325844e-10,si03,1.0,1.0,0.0,0.0,0.44,0.0,7e-05,1.3e-05,1.3e-09,0.06499999999999999
28,2.5,maxwell,0.44,1.112123799370787e-08,1e-08,1.1816315368314611e-09,si03,1.0,1.0,0.0,0.0,0.44,0.0,7e-05,1.3e-05,1.3e-09,0.06499999999999999
28,10.0,maxwell,0.44,4.448495197483148e-08,1e-08,4.7265261473258444e-09,si03,1.0,1.0,0.0,0.0,0.44,0.0,7e-05,1.3e-05,1.3e-09,0.06499999999999999
28,100.0,maxwell,0.44,4.4484951974831477e-07,1e-08,4.7265261473258444e-08,si03,1.0,1.0,0.0,0.0,0.44,0.0,7e-05,1.3e-05,1.3e-09,0.06499999999999999
28,1000.0,maxwell,0.44,4.448495197483147e-06,1e-08,4.726526147325844e-07,si03,1.0,1.0,0.0,0.0,0.44,0.0,7e-05,1.3e-05,1.3e-09,0.06499999999999999
28,10000.0,maxwell,0.44,4.448495197483148e-05,1e-08,4.726526147325844e-06,si03,1.0,1.0,0.0,0.0,0.44,0.0,7e-05,1.3e-05,1.3e-09,0.06499999999999999
28,1.0,interface,0.44,0.0,1e-08,0.0,si03,1.0,1.0,0.0,0.0,0.44,0.0,7e-05,1.3e-05,1.3e-09,0.06499999999999999
28,2.5,interface,0.44,0.0,1e-08,0.0,si03,1.0,1.0,0.0,0.0,0.44,0.0,7e-05,1.3e-05,1.3e-09,0.06499999999999999
28,10.0,interface,0.44,0.0,1e-08,0.0,si03,1.0,1.0,0.0,0.0,0.44,0.0,7e-05,1.3e-05,1.3e-09,0.06499999999999999
28,100.0,interface,0.44,0.0,1e-08,0.0,si03,1.0,1.0,0.0,0.0,0.44,0.0,7e-05,1.3e-05,1.3e-09,0.06499999999999999
28,1000.0,interface,0.44,0.0,1e-08,0.0,si03,1.0,1.0,0.0,0.0,0.44,0.0,7e-05,1.3e-05,1.3e-09,0.06499999999999999
28,10000.0,interface,0.44,0.0,1e-08,0.0,si03,1.0,1.0,0.0,0.0,0.44,0.0,7e-05,1.3e-05,1.3e-09,0.06499999999999999
28,1.0,all,0.44,4.448495197483147e-09,1e-08,4.726526147325844e-10,si03,1.0,1.0,0.0,0.0,0.44,0.0,7e-05,1.3e-05,1.3e-09,0.06499999999999999
28,2.5,all,0.44,1.112123799370787e-08,1e-08,1.1816315368314611e-09,si03,1.0,1.0,0.0,0.0,0.44,0.0,7e-05,1.3e-05,1.3e-09,0.06499999999999999
28,10.0,all,0.44,4.448495197483148e-08,1e-08,4.7265261473258444e-09,si03,1.0,1.0,0.0,0.0,0.44,0.0,7e-05,1.3e-05,1.3e-09,0.06499999999999999
28,100.0,all,0.44,4.4484951974831477e-07,1e-08,4.7265261473258444e-08,si03,1.0,1.0,0.0,0.0,0.44,0.0,7e-05,1.3e-05,1.3e-09,0.06499999999999999
28,1000.0,all,0.44,4.448495197483147e-06,1e-08,4.726526147325844e-07,si03,1.0,1.0,0.0,0.0,0.44,0.0,7e-05,1.3e-05,1.3e-09,0.06499999999999999
28,10000.0,all,0.44,4.448495197483148e-05,1e-08,4.726526147325844e-06,si03,1.0,1.0,0.0,0.0,0.44,0.0,7e-05,1.3e-05,1.3e-09,0.06499999999999999
