pore_id,pore_volume_m3,pore_radius_m,pore_shape_factor,pore_clay_volume,pore_center_x_m,pore_center_y_m,pore_center_z_m
1,1.274423e-12,4.525547e-05,0.02447105,0.0,0.0002917766,0.0007386223,0.000788699
2,7.922696e-13,4.414367e-05,0.01844283,0.0,0.000945576,0.0004348668,0.0008432615
3,4.106122e-13,3.951927e-05,0.02963257,0.0,1.4e-06,0.0005194,0.0007011154
4,8.195999e-13,3.915735e-05,0.0327164,0.0,0.0007740824,0.0008276816,0.000676877
5,4.240248e-13,3.922317e-05,0.03632309,0.0,0.0007263431,0.0007667322,0.0009306774
6,5.982579e-13,3.800744e-05,0.02834759,0.0,0.0001079758,0.0008382099,0.000641172
7,5.509513e-13,3.706585e-05,0.03408694,0.0,0.0007548073,0.0007519229,0.0008578247
8,9.858863e-13,3.642808e-05,0.03616365,0.0,0.0007014571,0.0007602833,3.220216e-05
9,6.028239e-13,3.73223e-05,0.03581819,0.0,0.000717608,0.0001719721,0.0002185841
10,6.075875e-13,3.72564e-05,0.03182254,0.0,0.0009079236,0.0001436258,0.000330428
11,7.165572e-13,3.783617e-05,0.05423242,0.0,0.0003570577,0.000946372,0.0007956332
12,4.867197e-13,3.626392e-05,0.02421401,0.0,1.46154e-05,0.0007936479,0.0007606456
13,7.014981e-13,3.699127e-05,0.02800101,0.0,0.0005981315,0.0001931649,0.0008236738
14,4.246834e-13,3.667842e-05,0.0322855,0.0,4.719893e-05,0.0005214205,0.00046245
15,7.499681e-13,3.594829e-05,0.03089188,0.0,0.0007510193,6.042638e-05,0.0006034755
16,8.303344e-13,3.546106e-05,0.02322105,0.0,8.831035e-05,0.0007320265,0.0001159767
17,7.641491e-13,3.643484e-05,0.02875093,0.0,0.0002389314,0.0006964278,0.000946727
18,2.81732e-13,3.544885e-05,0.03476225,0.0,0.0008806,0.0001638649,0.0004135126
19,7.941575e-13,3.566817e-05,0.03443188,0.0,0.0005219105,5.991035e-05,0.0002793575
20,5.273309e-13,3.575983e-05,0.02801942,0.0,0.0009550535,0.0007351172,0.0004067557
21,4.778292e-13,3.539855e-05,0.0269367,0.0,8.827145e-05,0.0008491874,0.0005398309
22,6.382764e-13,3.541545e-05,0.02925176,0.0,0.0004883459,0.0003513106,0.000302372
23,6.80973e-13,3.455688e-05,0.03503402,0.0,0.0001696113,0.0007298484,0.0003821944
24,2.08544e-13,3.480382e-05,0.02095792,0.0,0.0009786,0.0008465492,0.000182556
25,8.168998e-13,3.500156e-05,0.02765814,0.0,0.0004485135,0.0008122411,3.020651e-05
26,8.428031e-13,3.492565e-05,0.02663761,0.0,0.0004108856,0.000632602,0.0002177776
27,5.411168e-13,3.402671e-05,0.03665592,0.0,0.0005721674,0.0002361747,0.0001504354
28,4.339691e-13,3.382307e-05,0.03047234,0.0,0.0008783541,0.0005306,3.164597e-05
29,6.475181e-13,3.39333e-05,0.02853581,0.0,0.0001667154,9.74304e-05,0.0007990739
30,2.306058e-13,3.429059e-05,0.02871045,0.0,0.0009786,0.0002256057,0.000896028
31,7.071837e-13,3.359825e-05,0.02829998,0.0,6.83004e-05,0.0009291819,0.0008806576
32,3.620104e-13,3.326704e-05,0.03582816,0.0,0.0006515966,0.0007489954,0.0002373038
33,4.301275e-13,3.359924e-05,0.02590084,0.0,0.0003567518,0.0002225751,0.000604828
34,6.980516e-13,3.288444e-05,0.02187295,0.0,0.0001503388,0.0003458965,0.0006177356
35,3.093256e-13,3.262795e-05,0.02935763,0.0,0.000833274,0.0005981934,0.000188878
36,1.606886e-13,3.260971e-05,0.02589984,0.0,1.4e-06,0.0005006343,0.0003820911
37,5.466926e-13,3.269546e-05,0.03009732,0.0,0.000306998,0.0008629641,0.0009504617
38,4.656239e-13,3.283577e-05,0.03573896,0.0,0.0004804678,0.0003494783,0.0004292242
39,3.193138e-13,3.21816e-05,0.0334785,0.0,0.0006536699,0.0006483194,0.0002173535
40,5.51083e-13,3.266647e-05,0.02174019,0.0,8.9572e-05,0.0007994984,9.128916e-05
41,3.239237e-13,3.187163e-05,0.03249163,0.0,0.0005050035,0.0004291609,0.0006655784
42,9.590609e-13,3.208069e-05,0.03865108,0.0,0.0008243105,2.685025e-05,0.000100772
43,6.372227e-13,3.174995e-05,0.03234214,0.0,0.0007063769,0.0003801167,0.0004932636
44,4.554381e-13,3.119068e-05,0.02491587,0.0,0.0001184967,0.0003258823,0.0005271593
45,2.854419e-13,3.230569e-05,0.03588816,0.0,0.000515073,0.0007302321,0.000613172
46,5.0854e-13,3.190424e-05,0.03609418,0.0,0.0007631561,9.2372e-05,0.0008814579
47,5.265846e-13,3.08785e-05,0.03206726,0.0,0.0002537948,0.0004098311,0.0009506776
48,3.933579e-13,3.117844e-05,0.04189555,0.0,0.0007123619,0.0009052876,0.0009331495
49,4.757657e-13,3.102956e-05,0.03938845,0.0,0.0004609856,0.000897947,0.0005247786
50,5.074205e-13,3.37083e-05,0.03134121,0.0,0.0005310555,0.000677628,0.000674772
51,2.953642e-13,3.138805e-05,0.03220762,0.0,0.0008059816,0.0002066043,0.0004615617
52,3.189845e-13,3.175881e-05,0.03973639,0.0,0.0005805851,0.000229572,0.000683228
53,4.215443e-13,3.082199e-05,0.0305259,0.0,0.0005858218,0.0003591579,0.000620164
54,4.153099e-13,3.046226e-05,0.03036043,0.0,0.0005334666,0.0009030041,0.0002133069
55,3.426268e-13,3.122518e-05,0.03089087,0.0,0.0002269625,0.0004336908,0.0006461963
56,3.046279e-13,3.000659e-05,0.035001,0.0,0.0007126443,0.0007435923,0.0007019124
57,2.219567e-13,3.008425e-05,0.03129999,0.0,0.0006848829,0.0007685512,0.0003633085
58,2.815783e-13,2.996517e-05,0.02564629,0.0,2.299325e-05,0.0003625988,0.0001416352
59,3.238359e-13,2.977692e-05,0.03893769,0.0,0.0005143128,0.0009536953,0.0007076037
60,2.71195e-13,2.952391e-05,0.02600522,0.0,0.0009362112,0.000542145,0.0001780552
61,1.314047e-13,3.013158e-05,0.04211322,0.0,3.21086e-06,0.0006027429,0.000791326
62,5.291969e-13,3.015142e-05,0.03535135,0.0,0.000929572,0.0006454017,0.000572501
63,1.775697e-13,2.95134e-05,0.03610599,0.0,0.0004885985,0.0003521023,0.0006902489
64,4.09778e-13,2.906462e-05,0.03445365,0.0,0.0002392907,0.0006481999,0.0002026485
65,2.293106e-13,2.972834e-05,0.0383434,0.0,0.0004790913,0.0002677139,0.0007094513
66,4.437377e-13,2.943357e-05,0.02556484,0.0,0.0003885667,0.0002755605,0.0002558084
67,3.481368e-13,2.929754e-05,0.04123775,0.0,0.0005945586,0.0001133392,8.759619e-05
68,2.942666e-13,2.880607e-05,0.02376335,0.0,0.0009531343,0.0007376977,0.0002788376
69,2.494845e-13,2.978751e-05,0.02850403,0.0,0.000599172,0.0001777305,0.0003012893
70,3.149453e-13,2.947468e-05,0.03080005,0.0,0.000736372,0.0005336801,0.0005129626
71,2.794929e-13,2.851854e-05,0.03591919,0.0,0.0001746001,0.0003873956,0.0008747406
72,5.846696e-13,2.826218e-05,0.03654586,0.0,0.0007654492,0.0008718491,0.0005362036
73,1.899068e-13,2.884651e-05,0.03478471,0.0,0.0007381245,0.0008184447,0.000338475
74,8.758848e-14,2.794997e-05,0.04408501,0.0,0.0006006033,0.0001501705,0.0001607427
75,2.632703e-13,2.801697e-05,0.03076003,0.0,0.0006040174,0.0001780381,0.0003765885
76,2.612288e-13,2.806425e-05,0.03344012,0.0,0.0002810353,0.0004712173,0.0006340064
77,2.78066e-13,2.781651e-05,0.02431436,0.0,0.0003765098,0.0007186443,7.42e-05
78,2.921811e-13,2.822427e-05,0.03794299,0.0,0.0007853598,0.0001754041,0.0006461837
79,4.297104e-13,2.784061e-05,0.02696033,0.0,0.000224957,0.0005251609,0.0004465158
80,3.29741e-13,2.787986e-05,0.04325398,0.0,0.0001635732,0.0004124232,0.000322882
81,1.320632e-13,2.694253e-05,0.02302832,0.0,0.0009786,0.0008443434,0.0006146
82,2.426135e-13,2.845064e-05,0.03243699,0.0,0.000758828,0.000283297,0.0004121591
83,4.01985e-13,2.836557e-05,0.03250518,0.0,0.0001787305,0.0002315782,0.000937972
84,2.082147e-13,2.778833e-05,0.02665367,0.0,0.0008178882,0.0005921489,0.0003763183
85,1.154017e-13,2.804256e-05,0.04000743,0.0,0.0007574643,0.0008788547,0.0003159422
86,3.286214e-13,2.737393e-05,0.02936573,0.0,0.0003241078,0.0002002473,0.0005082602
87,3.214651e-13,2.8564e-05,0.02882199,0.0,7.814196e-05,0.000591072,0.000593628
88,5.236869e-13,2.871253e-05,0.02909722,0.0,0.000851228,0.0002496393,9.362294e-05
89,2.10388e-13,2.736524e-05,0.03178846,0.0,0.0008728161,0.0001549302,0.0008634511
90,2.605263e-13,2.653458e-05,0.03937779,0.0,0.0003040109,0.0005193953,0.0007094359
91,1.200116e-13,2.84055e-05,0.03299714,0.0,0.000333228,0.000624428,0.0001751313
92,2.527773e-13,2.767582e-05,0.03013654,0.0,0.0008018867,0.0009273933,0.000783972
93,1.10682e-13,2.744189e-05,0.0507874,0.0,0.0005931859,0.000951127,0.0002693978
94,2.59758e-13,2.602801e-05,0.04055304,0.0,0.0008973906,0.0006398013,0.0007710602
95,4.581821e-13,2.65595e-05,0.02267003,0.0,0.0007181961,0.0004495915,0.0009217212
96,1.283753e-13,2.626324e-05,0.03423525,0.0,0.0008559469,0.000124402,0.0009062576
97,1.372439e-13,2.686251e-05,0.02472763,0.0,1.4e-06,0.000180988,0.000845628
98,2.56575e-13,2.670736e-05,0.02944711,0.0,0.0008267169,0.0006078889,0.0004458296
99,1.86131e-13,2.590711e-05,0.03251816,0.0,0.000230675,0.0003737896,0.0001576114
100,8.526157e-14,2.558365e-05,0.02463974,0.0,1.4e-06,0.000740239,0.0001778
101,3.771354e-13,2.655689e-05,0.03325928,0.0,0.0003537807,0.0001149977,0.0001674141
102,1.685694e-13,2.619939e-05,0.02803644,0.0,0.0001384163,0.000154954,0.0001788274
103,2.65707e-13,2.583865e-05,0.02782648,0.0,0.0002081927,0.0006867873,0.0005727708
104,2.292886e-13,2.682676e-05,0.03314299,0.0,0.0008580967,0.000184828,0.0001876372
105,2.759366e-13,2.640691e-05,0.02850308,0.0,0.0003139441,0.0002075458,0.0002564267
106,2.003998e-13,2.640215e-05,0.02807552,0.0,6.4372e-05,0.000133609,0.0007938966
107,2.89042e-13,2.643574e-05,0.05389168,0.0,0.000550864,0.0008635832,0.000621572
108,1.580105e-13,2.641142e-05,0.02824149,0.0,0.000190372,0.0001168391,2.096424e-05
109,2.839272e-13,2.628053e-05,0.03071711,0.0,0.000663572,3.228455e-05,0.0009589339
110,1.755721e-13,2.586543e-05,0.04829895,0.0,0.0009144565,0.0005732934,0.0006722045
111,1.464198e-13,2.591549e-05,0.02736559,0.0,0.0006454058,0.000126518,0.0008033692
112,1.713573e-13,2.601321e-05,0.02866108,0.0,0.0006827942,0.0006993031,0.000367213
113,2.790319e-13,2.495438e-05,0.03308688,0.0,0.0002954,0.0005531144,0.0004937618
114,1.924093e-13,2.585083e-05,0.03476824,0.0,0.0003155222,0.0007638951,0.0004120639
115,1.498004e-13,2.514497e-05,0.03900204,0.0,0.0005135439,0.0002360712,2.128606e-05
116,2.232079e-13,2.523919e-05,0.03626901,0.0,0.0008303831,0.0009079377,0.0003564003
117,2.485186e-13,2.458946e-05,0.03140123,0.0,0.00028146,0.0002031851,0.0007516809
118,1.712476e-13,2.554864e-05,0.03088271,0.0,6.315916e-05,0.0004529776,0.000126249
119,3.554029e-14,2.456961e-05,0.03770683,0.0,0.0009786,0.0007019241,0.000535914
120,2.285642e-13,2.4541e-05,0.04192148,0.0,0.0005030609,2.068072e-05,0.00056455
121,5.752083e-13,2.453849e-05,0.04149537,0.0,0.000816006,0.0009394,3.00291e-05
122,5.185282e-13,2.514849e-05,0.03101172,0.0,0.0003201595,0.0005886146,9.473819e-05
123,1.917946e-13,2.448296e-05,0.03330916,0.0,0.0005948688,0.0003744574,0.0002166355
124,1.61457e-13,2.432265e-05,0.03032871,0.0,6.602899e-05,0.0004330874,2.12516e-05
125,1.320413e-13,2.526733e-05,0.03569588,0.0,0.000176372,0.000417815,0.0001611597
126,2.001364e-13,2.764255e-05,0.03117211,0.0,2.8028e-05,0.000152434,0.0006842032
127,2.114856e-13,2.453313e-05,0.03231567,0.0,0.0008280556,0.0004380639,9.426637e-05
128,2.684291e-13,2.418863e-05,0.02422055,0.0,0.0006513198,0.0004245212,0.0001750007
129,2.045268e-13,2.565233e-05,0.02905297,0.0,0.000803628,0.0005665402,0.000279972
130,2.818417e-13,2.444936e-05,0.02707365,0.0,0.0005617652,0.0007327307,0.0001277386
131,1.48176e-13,2.505182e-05,0.0308502,0.0,0.0001697466,0.0002377727,0.0002427995
132,2.461917e-13,2.45206e-05,0.03558443,0.0,0.0003850853,0.0003716025,0.0004628764
133,1.7746e-13,2.483522e-05,0.03123419,0.0,5.988719e-05,0.0004265755,0.0008039961
134,1.263777e-13,2.455949e-05,0.03933966,0.0,0.0002032258,0.000365104,0.0007592634
135,2.837296e-13,2.45016e-05,0.02113827,0.0,0.000139972,9.983574e-05,0.0009392634
136,2.220006e-13,2.450282e-05,0.03824224,0.0,0.0006591635,0.0001046046,0.000492772
137,2.461039e-13,2.375881e-05,0.04394013,0.0,0.0005139718,0.0007045585,0.000959532
138,1.779649e-13,2.376477e-05,0.02952718,0.0,0.0001360065,6.922821e-05,0.0001751102
139,2.038463e-13,2.364282e-05,0.04006324,0.0,6.855353e-05,0.0006146055,0.00094274
140,2.048341e-13,2.350581e-05,0.04223995,0.0,0.0004912175,0.0008883941,0.0003741756
141,1.681962e-13,2.400477e-05,0.03257509,0.0,0.0008878486,0.000423722,0.0004411901
142,2.139661e-13,2.320291e-05,0.02612702,0.0,0.0002007641,0.0001720454,7.42581e-05
143,1.383196e-13,2.388234e-05,0.02727239,0.0,6.747841e-05,0.0003575193,4.578748e-05
144,1.553543e-13,2.639213e-05,0.037253,0.0,0.000582372,0.0009422409,0.000209972
145,1.713134e-13,2.326906e-05,0.03147463,0.0,0.000227475,0.0006148408,0.0006065228
146,2.871761e-13,2.378502e-05,0.03377205,0.0,0.0003678863,0.0003043216,0.00089897
147,2.530846e-13,2.380333e-05,0.02590262,0.0,0.0003964333,0.000419972,0.000586605
148,2.136369e-13,2.39342e-05,0.02857419,0.0,0.0002000237,0.0001952525,0.000330428
149,1.951752e-13,2.353455e-05,0.02902189,0.0,0.0006117951,0.0004884307,0.0002467042
150,7.369286e-14,2.392987e-05,0.04372528,0.0,0.000131572,0.0004977265,1.873405e-05
151,2.106733e-13,2.41715e-05,0.04442769,0.0,0.000447972,0.0009615601,0.0001006966
152,1.128552e-13,2.324998e-05,0.04955285,0.0,0.0006056762,1.884941e-05,0.0004723185
153,1.718622e-13,2.365336e-05,0.02562905,0.0,0.0006429115,0.0004829971,0.000932372
154,6.126803e-14,2.373407e-05,0.03279161,0.0,5.782947e-06,0.0003468024,0.0007768007
155,1.617643e-13,2.34373e-05,0.03025958,0.0,0.0003011264,0.0008150276,0.0004596263
156,2.336132e-13,2.281562e-05,0.03326578,0.0,0.0006951355,0.000556348,0.0006116464
157,2.16798e-13,2.278602e-05,0.02363596,0.0,8.54e-05,0.0001388629,0.0002469983
158,1.961411e-13,2.585577e-05,0.03531142,0.0,0.0008740125,0.0004678796,0.0005177464
159,1.970631e-13,2.286573e-05,0.02017994,0.0,0.0004409904,0.0006966483,4.830377e-05
160,2.92247e-13,2.329907e-05,0.02530568,0.0,0.000447972,5.705647e-05,0.0004444595
161,1.831675e-13,2.287971e-05,0.02389053,0.0,0.0004296061,0.0007967581,0.0005827092
162,1.060721e-13,2.273674e-05,0.03309891,0.0,0.0005606194,9.145819e-05,0.0004217449
163,2.594068e-13,2.302524e-05,0.03178875,0.0,0.000254589,0.0009617001,0.0002286416
164,1.590203e-13,2.337891e-05,0.02566806,0.0,0.0005491054,0.000649572,0.0004330667
165,1.854066e-13,2.282212e-05,0.02904471,0.0,0.0001983437,0.000209163,0.0001688329
166,1.778332e-13,2.2198e-05,0.04672824,0.0,0.0009033182,0.000961469,0.0009614463
167,2.613386e-13,2.217878e-05,0.04760239,0.0,0.0008751147,1.855055e-05,0.0007093795
168,1.548055e-13,2.169311e-05,0.02954432,0.0,0.0002701981,0.0008413132,0.0005981989
169,2.050756e-13,2.190636e-05,0.0258837,0.0,0.0007264361,0.0006116383,0.0007439893
170,1.0976e-13,2.278817e-05,0.03297811,0.0,0.0004056509,0.0002592713,0.0006722781
171,1.32151e-13,2.249271e-05,0.03888246,0.0,0.000347172,7.17927e-05,0.0007126
172,3.268872e-13,2.301462e-05,0.03337546,0.0,7.8428e-05,0.0009622014,0.000307972
173,1.280241e-13,2.245136e-05,0.03082021,0.0,0.0007135261,0.0001299402,0.000755328
174,1.691841e-13,2.268885e-05,0.03239871,0.0,0.0008010278,0.0002554095,0.000679828
175,1.105064e-13,2.257319e-05,0.03664513,0.0,0.0002798068,0.0003685871,0.0005157669
176,3.773549e-13,2.247916e-05,0.02738144,0.0,0.000442372,0.000628243,0.0007601891
177,1.438954e-13,2.340573e-05,0.03101929,0.0,0.000739228,0.000105,7.515707e-05
178,1.72411e-13,2.446504e-05,0.0322557,0.0,0.0001151549,0.0009448538,8.9628e-05
179,1.206921e-13,2.300879e-05,0.03357825,0.0,0.000229572,0.0008712538,0.000663572
180,3.007204e-13,2.213468e-05,0.02571456,0.0,0.0004951449,0.0006983483,0.0007833602
181,1.841334e-13,2.282308e-05,0.03440214,0.0,0.0003768993,0.000727972,0.000341572
182,2.930812e-13,2.163645e-05,0.02165192,0.0,9.959569e-05,3.809181e-05,0.0002848217
183,7.151962e-14,2.17504e-05,0.04217746,0.0,0.0006565887,0.0006773249,0.0002893668
184,1.00145e-13,2.117452e-05,0.03664613,0.0,0.0007270878,0.0009530521,0.0002869895
185,1.654303e-13,2.212432e-05,0.02933489,0.0,0.0008922959,0.000951972,0.0005831453
186,1.147212e-13,2.148125e-05,0.03605721,0.0,0.0006208453,0.0001275357,0.0006208446
187,1.209775e-13,2.220539e-05,0.02557538,0.0,8.649576e-05,0.0002098064,0.0002977743
188,1.283533e-13,2.122793e-05,0.02906357,0.0,4.836203e-05,0.0002338886,3.23217e-05
189,1.924532e-13,2.256231e-05,0.02166206,0.0,0.0003313652,0.0001894409,0.000350028
190,1.672523e-13,2.259934e-05,0.03641545,0.0,0.0001617597,0.000917725,5.3228e-05
191,1.011109e-13,2.102726e-05,0.03285607,0.0,0.0002142069,0.0004191295,0.0005113453
192,1.064013e-13,2.21125e-05,0.03608105,0.0,0.0005968088,0.000604828,0.000258467
193,1.447076e-13,2.139543e-05,0.02951858,0.0,0.0006909809,0.0006062698,5.525205e-05
194,1.506346e-13,2.140982e-05,0.02964451,0.0,0.0006182477,0.0006291427,0.0003684405
195,2.148881e-13,2.387379e-05,0.0270464,0.0,0.0007779616,0.000660772,0.000114772
196,2.18598e-13,2.142528e-05,0.04990689,0.0,0.0002544104,0.0001192895,0.0006257885
197,1.626643e-13,2.103786e-05,0.02481204,0.0,0.0001576471,0.0002759484,0.0001075065
198,1.049964e-13,2.061766e-05,0.03282271,0.0,0.0006062043,0.0005140009,0.0003094029
199,1.552006e-13,2.073857e-05,0.035381,0.0,0.0007907822,0.0008582167,0.000208845
200,3.51232e-14,2.078e-05,0.024198,0.0,1.4e-06,0.0002109542,1.825238e-05
201,6.552672e-14,2.177522e-05,0.02185933,0.0,1.4e-06,0.0003047534,0.000705628
202,5.637274e-14,2.155857e-05,0.02200576,0.0,1.4e-06,0.0006813539,0.000313572
203,1.794137e-13,2.132033e-05,0.02591767,0.0,0.0008523366,0.0009359638,0.0008565276
204,2.178736e-13,2.151914e-05,0.03866806,0.0,0.0007814751,0.0004465979,0.0002131623
205,7.896134e-14,2.145281e-05,0.02908331,0.0,0.0009638549,0.0007709891,0.0005962199
206,1.437197e-13,2.141632e-05,0.0214175,0.0,0.000680428,0.0002110645,0.0004305734
207,1.091234e-13,2.100553e-05,0.02700787,0.0,0.0003183334,0.0008526096,0.0001312553
208,1.828163e-13,2.051848e-05,0.02761345,0.0,0.0009169175,5.487355e-05,0.0005719942
209,1.620058e-13,2.134519e-05,0.03425876,0.0,0.0009264352,0.0003092174,0.0006946746
210,5.369459e-14,2.055042e-05,0.02862338,0.0,1.4e-06,0.0006824424,0.0007241556
211,1.244239e-13,2.013522e-05,0.02212651,0.0,0.0009786,0.0009055329,0.0007547303
212,1.126796e-13,2.022706e-05,0.03294465,0.0,0.0004910922,0.0009137926,0.0008103766
213,1.226678e-13,2.321772e-05,0.0309058,0.0,0.0001770232,0.000464828,0.0004685035
214,1.016817e-13,2.044119e-05,0.03314011,0.0,0.0001882344,0.0004915163,6.871419e-05
215,1.904556e-13,2.136524e-05,0.02176325,0.0,3.588544e-05,0.0001351556,3.0772e-05
216,1.35378e-13,2.128382e-05,0.04229756,0.0,0.0003410973,0.000876372,0.0003937172
217,5.329946e-14,2.119476e-05,0.04070813,0.0,0.0005639848,1.640756e-05,0.0004228467
218,2.216054e-13,2.120323e-05,0.03327549,0.0,0.0006364478,0.0009637346,0.000473172
219,9.511802e-14,2.126993e-05,0.02699021,0.0,7.804517e-05,0.0009295711,1.585755e-05
220,8.440544e-14,2.101273e-05,0.03542733,0.0,0.0002434894,1.594849e-05,1.758967e-05
221,1.017036e-13,1.987256e-05,0.02956631,0.0,0.000191493,1.798493e-05,0.0001973358
222,2.345352e-13,2.064149e-05,0.04127069,0.0,0.0002778012,0.0004627242,0.0008464337
223,1.843968e-13,2.067094e-05,0.0364942,0.0,0.0008499808,0.000369628,0.0005017799
224,1.25324e-13,1.927265e-05,0.03539936,0.0,0.0001777948,0.0005838,0.0005083462
225,8.581037e-14,2.080175e-05,0.03775374,0.0,0.000252028,0.0003160927,0.0005333193
226,2.187517e-13,1.980304e-05,0.04359463,0.0,0.000598461,2.119055e-05,0.0006956479
227,7.292454e-14,2.017736e-05,0.02919886,0.0,5.560827e-05,0.000287143,0.0003593879
228,1.541908e-13,1.98107e-05,0.02709685,0.0,0.0005611635,0.0003843516,0.0001219773
229,3.147917e-14,2.029927e-05,0.03222843,0.0,1.4e-06,0.0003092761,0.000383572
230,8.624941e-14,1.993146e-05,0.04134754,0.0,0.0005137908,0.0009636315,0.0003349821
231,1.141724e-13,2.232916e-05,0.02622189,0.0,0.0009380593,0.000226828,0.000462028
232,1.369805e-13,2.050103e-05,0.03094411,0.0,0.0002755092,0.000324772,0.0002161484
233,1.082014e-13,2.064443e-05,0.0325968,0.0,0.000374896,6.4372e-05,0.0009565559
234,1.168285e-13,2.082192e-05,0.02804064,0.0,0.000327116,0.0002887076,0.000380772
235,9.265939e-14,1.979875e-05,0.03804346,0.0,0.0002730004,0.0009645512,0.0003532998
236,1.510517e-13,1.949004e-05,0.02113306,0.0,0.000860455,0.0004240332,0.0009646874
237,2.311985e-13,1.993966e-05,0.03140557,0.0,0.0007741996,0.0003000226,0.0002485844
238,8.34176e-14,1.973418e-05,0.0245424,0.0,0.0007509903,0.0001114995,0.0005168804
239,8.480058e-14,1.912641e-05,0.03420368,0.0,6.860089e-05,0.0004154406,0.0002501164
240,9.21545e-14,2.032086e-05,0.03472455,0.0,0.0008872013,0.0005541743,0.0002572381
241,8.124435e-14,1.934869e-05,0.02639802,0.0,0.0009786,0.000903,0.0008171408
242,3.547443e-14,1.980246e-05,0.05229374,0.0,0.0007120439,0.0006001769,0.0008287469
243,4.783341e-14,1.987341e-05,0.05363333,0.0,0.0007204216,0.0005938502,0.0008647388
244,1.122406e-13,1.976251e-05,0.03427273,0.0,0.0007114793,0.000892728,0.0007912526
245,1.552226e-13,1.994848e-05,0.03393488,0.0,0.0004793554,0.0004237417,5.3172e-05
246,1.116259e-13,1.886168e-05,0.02306846,0.0,0.0003621932,6.299875e-05,0.0008417416
247,1.111649e-13,1.941439e-05,0.03442059,0.0,7.805365e-05,0.0003035621,0.0002676685
248,1.137772e-13,1.972359e-05,0.03326453,0.0,0.0003148676,0.0001297883,0.000439572
249,2.313302e-13,1.969805e-05,0.04562075,0.0,0.000811972,5.759323e-05,0.0003432702
250,9.257158e-14,1.969191e-05,0.02886662,0.0,0.0006032432,0.000588028,0.00013046
251,6.438522e-14,1.889034e-05,0.03046431,0.0,0.0001128548,0.0001891,1.548911e-05
252,3.156698e-14,1.939171e-05,0.02465028,0.0,1.4e-06,0.000231,0.0008206225
253,7.608563e-14,1.905854e-05,0.02752698,0.0,0.0007116619,0.0002196776,0.0004717413
254,1.242703e-13,1.863029e-05,0.03838235,0.0,0.0005253452,0.0008248941,0.0009564037
255,8.600794e-14,1.919281e-05,0.0229179,0.0,0.0002795981,0.0001782362,0.0001862
256,1.01967e-13,1.867925e-05,0.0317324,0.0,0.0008633632,0.0009649198,0.0004046892
257,5.455072e-14,1.917035e-05,0.04437475,0.0,0.0009092658,0.0004554176,3.428041e-05
258,9.369114e-14,1.908317e-05,0.03998328,0.0,0.0002872259,6.348251e-05,0.0009581848
259,5.169696e-14,1.894353e-05,0.02997728,0.0,0.0002023461,0.0005414478,1.503664e-05
260,4.680166e-14,1.939293e-05,0.03418709,0.0,1.4e-06,0.0008666,0.000271572
261,4.855782e-14,1.836265e-05,0.03472749,0.0,0.0009675214,0.0001052497,0.0009645194
262,1.100234e-13,1.849594e-05,0.0326994,0.0,0.0006681295,0.0005862136,0.000143947
263,9.805958e-14,1.889177e-05,0.02280667,0.0,0.0003767113,0.0008059431,0.0006423422
264,4.368448e-14,1.831257e-05,0.03345268,0.0,0.0006114258,8.819236e-05,0.0008861967
265,1.533347e-13,2.045778e-05,0.03333082,0.0,0.000741972,0.000809172,0.000540428
266,7.760032e-14,1.876306e-05,0.02451587,0.0,0.0006397937,0.0005748615,3.055948e-05
267,9.184717e-14,1.908066e-05,0.02769803,0.0,4.449523e-05,0.0001132547,0.0001794251
268,8.161754e-14,1.819814e-05,0.02664015,0.0,6.650328e-05,0.0001805962,0.0001503653
269,1.226019e-13,1.845106e-05,0.0272228,0.0,0.0001190732,0.0008885074,0.0004196571
270,9.66327e-14,2.010859e-05,0.03266443,0.0,0.000109172,0.0002764582,0.000392028
271,1.031085e-13,1.748061e-05,0.03566656,0.0,0.0005754008,0.0005360532,4.619268e-05
272,5.573613e-14,1.847821e-05,0.03432199,0.0,2.652168e-05,0.0002332415,0.0007780559
273,5.852403e-14,1.865578e-05,0.02462733,0.0,1.835324e-05,0.0001441018,0.000355572
274,1.035256e-13,1.851726e-05,0.02815409,0.0,0.0007072344,0.0006783882,0.0007731494
275,8.508595e-14,1.872888e-05,0.02839808,0.0,0.0002762784,0.0008384478,9.8028e-05
276,4.153318e-14,1.803585e-05,0.04309457,0.0,4.548663e-05,0.0002092136,0.0001023471
277,9.961818e-14,1.785864e-05,0.04973862,0.0,0.0005621062,5.488774e-05,0.000813471
278,9.696198e-14,1.806781e-05,0.03425958,0.0,0.0007234602,0.0003805526,0.0007995371
279,6.089485e-14,1.828073e-05,0.02314042,0.0,3.071443e-06,0.0008193345,1.45745e-05
280,8.688602e-14,1.857079e-05,0.03235145,0.0,0.0003702709,0.0009662728,0.0001791142
281,1.249069e-13,1.847451e-05,0.01975345,0.0,7.2772e-05,7.689167e-05,1.37517e-05
282,3.325728e-14,1.681806e-05,0.02281917,0.0,0.0009786,0.0002450697,0.0002114
283,5.505562e-14,1.805522e-05,0.02055639,0.0,0.0009786,0.000109172,0.0005558
284,1.12065e-13,1.824181e-05,0.03012098,0.0,0.0004062989,0.0002517256,0.0005477016
285,1.264874e-13,1.827153e-05,0.0334871,0.0,0.0001549348,0.0003443275,1.328196e-05
286,5.578003e-14,1.831039e-05,0.02963236,0.0,0.0001040801,0.0002301014,0.0002523021
287,1.558812e-13,1.777345e-05,0.05522394,0.0,0.0003939702,0.0006178896,0.0005182804
288,1.176847e-13,1.837968e-05,0.03873944,0.0,0.0009174431,6.4372e-05,0.000893228
289,9.724736e-14,1.814993e-05,0.02585442,0.0,0.0001919776,0.000641172,0.0003356729
290,7.713933e-14,1.66516e-05,0.03690655,0.0,0.0001889143,1.271297e-05,6.290001e-05
291,4.750413e-14,1.722791e-05,0.03953329,0.0,0.0001357988,0.0007762933,0.0005246693
292,1.122406e-13,1.783986e-05,0.04285825,0.0,0.0009082697,0.0004660071,0.000624372
293,5.119206e-14,1.711935e-05,0.02953228,0.0,0.0002114966,0.0004750252,1.59033e-05
294,7.90272e-14,1.784938e-05,0.0300673,0.0,0.0004155599,5.494257e-05,0.000935172
295,1.003645e-13,1.833718e-05,0.02508263,0.0,0.000772828,0.000162372,2.390559e-05
296,8.032237e-14,1.700241e-05,0.03197686,0.0,0.0009644946,9.926074e-05,1.311394e-05
297,1.384732e-13,1.695477e-05,0.02852583,0.0,0.0008971573,0.0007765713,0.0008106077
298,1.027573e-13,1.679697e-05,0.06434115,0.0,0.0002786974,1.288952e-05,0.0005139154
299,8.515181e-14,1.715134e-05,0.02823874,0.0,0.0001048454,0.0008635954,0.0002204509
300,5.81728e-14,1.684298e-05,0.03780414,0.0,0.0007150434,0.0004270056,1.271585e-05
301,4.945786e-14,1.751906e-05,0.02576801,0.0,0.0007966114,0.0004832301,0.0004532619
302,4.478208e-14,1.711746e-05,0.02652852,0.0,0.0001102369,0.0002455557,2.380875e-05
303,5.705325e-14,1.707977e-05,0.04447116,0.0,0.0002592345,0.0002308969,0.0006851693
304,9.902547e-14,1.780389e-05,0.03546346,0.0,0.000399017,5.720095e-05,0.000683172
305,5.613126e-14,1.792687e-05,0.0315283,0.0,0.0006566031,0.0005956447,0.000769972
306,5.700934e-14,1.757856e-05,0.03196851,0.0,0.0007486647,0.0009114021,0.0008459007
307,1.789308e-13,2.031761e-05,0.02862225,0.0,0.0004011333,1.6828e-05,6.7228e-05
308,7.255136e-14,1.710201e-05,0.03986078,0.0,0.0005058404,0.0005551284,0.0002726424
309,6.849024e-14,1.789639e-05,0.03451318,0.0,0.0002844114,0.0003531923,0.000896028
310,5.685568e-14,1.811015e-05,0.03732429,0.0,0.0001311571,0.000680372,0.0004848167
311,9.140813e-14,1.721971e-05,0.02931268,0.0,0.0008908156,0.0009674304,0.0006396093
312,9.645709e-14,1.910404e-05,0.03721099,0.0,0.000544055,0.0004193049,0.000554372
313,7.619539e-14,1.672987e-05,0.03107283,0.0,0.0007655069,0.000656799,0.0008277349
314,2.425696e-14,1.62183e-05,0.04097784,0.0,1.4e-06,0.0001582,0.0009671074
315,3.56281e-14,1.637448e-05,0.02454441,0.0,1.4e-06,0.000303382,0.0003036151
316,1.157309e-13,1.778706e-05,0.03166507,0.0,0.000109172,0.000377972,0.0009330746
317,5.334336e-14,1.630991e-05,0.03328473,0.0,0.0003988816,0.0009389194,0.0003907509
318,4.72407e-14,1.696203e-05,0.03002372,0.0,0.0009650406,0.0001060108,0.0006178833
319,5.779962e-14,1.68407e-05,0.03034923,0.0,0.0005674716,3.52429e-05,0.0008955364
320,4.601139e-14,1.691948e-05,0.04298115,0.0,8.576178e-05,0.0001912323,8.354353e-05
321,7.316602e-14,1.643282e-05,0.03218806,0.0,0.0006644404,0.0005416358,0.0009671204
322,4.877734e-14,1.625527e-05,0.03166046,0.0,0.0004215947,9.409197e-05,0.0009671027
323,1.201213e-13,1.715077e-05,0.02265211,0.0,5.475357e-05,8.998801e-05,0.0003131589
324,3.918432e-14,1.66191e-05,0.02853586,0.0,1.4e-06,0.0003281732,0.0008614355
325,3.475002e-14,1.638705e-05,0.03267066,0.0,0.0001524294,0.0007149279,0.0005200726
326,6.052166e-14,1.656737e-05,0.03330668,0.0,0.0003392132,0.0003739631,0.0005756422
327,9.116666e-14,1.640939e-05,0.05162916,0.0,0.0004515154,0.0001948176,0.0009053221
328,5.720691e-14,1.69076e-05,0.02762233,0.0,0.000323605,0.000672028,8.260036e-05
329,4.895296e-14,1.735796e-05,0.03254099,0.0,0.000358428,0.000837228,9.58069e-05
330,8.881779e-14,1.8157e-05,0.03608942,0.0,0.0007451466,0.000380772,1.291482e-05
331,1.670108e-13,1.684707e-05,0.03586497,0.0,0.0007146894,0.0004650425,0.0003269825
332,8.104678e-14,1.654287e-05,0.0228508,0.0,4.563228e-05,0.0007395442,0.0002894558
333,4.137952e-14,1.636602e-05,0.03277366,0.0,0.0005025937,0.0006845877,0.000402861
334,4.012826e-14,1.67003e-05,0.04268546,0.0,0.0002957377,0.000305172,0.0004381969
335,6.236563e-14,1.612979e-05,0.04131311,0.0,0.0005675815,0.0008240327,0.0005389917
336,1.087722e-13,1.66105e-05,0.02310128,0.0,0.0007329076,0.0006464587,0.0009558584
337,5.286042e-14,1.626371e-05,0.02281987,0.0,1.185051e-05,0.0005328321,0.0005416427
338,4.875539e-14,1.64166e-05,0.03615247,0.0,0.0007145782,0.0005224563,0.0008421076
339,1.187603e-13,1.619174e-05,0.0416324,0.0,0.0008770157,1.299363e-05,0.0009450088
340,6.486816e-14,1.697768e-05,0.0325471,0.0,0.0006200892,0.000117206,0.000711228
341,7.296845e-14,1.650474e-05,0.03285765,0.0,0.0006239007,0.0005014581,0.0003849928
342,1.025158e-13,1.627773e-05,0.02347954,0.0,0.000913182,0.0009678743,0.0002445351
343,6.598771e-14,1.635369e-05,0.02820005,0.0,0.0002952612,0.0009107943,0.0003278633
344,9.535949e-14,1.607261e-05,0.02913289,0.0,0.0001376594,0.0004777068,0.0009364578
345,2.763757e-14,1.609902e-05,0.03385289,0.0,0.0009765956,0.0001222298,0.0007819117
346,5.134573e-14,1.54567e-05,0.04562527,0.0,0.0003733852,0.0001082273,0.0006286892
347,7.285869e-14,1.624826e-05,0.02492636,0.0,0.000481572,2.899352e-05,4.608753e-05
348,2.658387e-14,1.539633e-05,0.02879285,0.0,1.82e-05,0.0005105746,0.0001417303
349,4.063315e-14,1.594091e-05,0.03141261,0.0,0.0005333908,4.653505e-05,0.0009320601
350,6.939027e-14,1.668737e-05,0.03222149,0.0,5.0428e-05,0.0002795421,0.0001143115
351,3.433293e-14,1.617842e-05,0.03542989,0.0,0.0004652545,0.0003112395,1.240481e-05
352,5.474829e-14,1.586152e-05,0.04662366,0.0,0.0004461928,0.0002590069,0.0006267442
353,9.59961e-14,1.591253e-05,0.02479589,0.0,0.0004462733,0.0003350202,0.000929142
354,4.82505e-14,1.672796e-05,0.01804819,0.0,1.6772e-05,0.000181972,0.0002870062
355,5.905088e-14,1.539289e-05,0.04318309,0.0,0.0006680326,0.0003901842,0.0007375567
356,7.088301e-14,1.484709e-05,0.02851044,0.0,0.0001079939,0.0005389964,0.0002729069
357,6.462669e-14,1.546336e-05,0.02846669,0.0,0.0004404303,0.0004300876,9.158209e-05
358,5.940211e-14,1.561574e-05,0.03282037,0.0,0.0005558863,0.0004389235,0.0001925198
359,5.775571e-14,1.578683e-05,0.04950491,0.0,0.0007237856,0.0007047797,0.0006303446
360,3.944774e-14,1.525718e-05,0.03092302,0.0,0.0006291004,0.0005640876,0.000925006
361,5.246528e-14,1.504521e-05,0.04548194,0.0,0.0003459004,0.0001213885,0.0009337931
362,4.407962e-14,1.521925e-05,0.02512019,0.0,3.835838e-05,0.0008300993,0.0001724152
363,8.56567e-14,1.525617e-05,0.03739434,0.0,0.000441479,0.0001527846,0.0006821916
364,3.51671e-14,1.506774e-05,0.03235161,0.0,0.0001188074,0.0003011191,2.341424e-05
365,9.744493e-14,1.60221e-05,0.03452415,0.0,0.0004241982,0.000414372,0.0009286751
366,7.026835e-14,1.514425e-05,0.02365482,0.0,0.0003210772,0.0008243965,0.0003401025
367,5.277261e-14,1.508374e-05,0.0170783,0.0,0.0008553897,0.0003092931,5.531466e-05
368,7.871987e-14,1.714898e-05,0.03562577,0.0,0.000705628,0.000487172,0.000786828
369,8.034432e-14,1.572139e-05,0.03390725,0.0,0.000509572,0.0001187539,0.0009366
370,3.832819e-14,1.572209e-05,0.04470631,0.0,0.0004631499,0.0003990067,0.000223972
371,6.686579e-14,1.537255e-05,0.04524963,0.0,0.0009133434,0.0003850079,0.0003816342
372,3.000838e-14,1.528869e-05,0.03185945,0.0,6.288158e-05,0.0006404601,0.0007035436
373,4.377229e-14,1.466875e-05,0.03102836,0.0,0.0005865998,0.0008441944,0.0004071142
374,7.061958e-14,1.809309e-05,0.02709511,0.0,0.000938028,0.000467628,0.000515172
375,4.370643e-14,1.547406e-05,0.02288408,0.0,0.0009665952,0.0001051097,9.860931e-05
376,5.472634e-14,1.556058e-05,0.03538916,0.0,0.0005683646,0.0001965645,0.0009697493
377,4.087462e-14,1.524794e-05,0.04115489,0.0,0.0009154006,0.0009696201,0.0003738
378,4.838221e-14,1.574359e-05,0.02737611,0.0,0.0003669825,1.013787e-05,0.000859572
379,4.873344e-14,1.572829e-05,0.03041347,0.0,0.0005794624,0.0001286834,0.0009697557
380,7.909306e-14,1.546053e-05,0.03642551,0.0,0.0001425466,0.0001507414,0.0005565191
381,7.143181e-14,1.479959e-05,0.04459798,0.0,0.000697749,0.0003402028,0.000755029
382,8.306637e-14,1.43631e-05,0.03763224,0.0,0.0003655756,0.0005923792,0.000866175
383,8.339565e-14,1.549201e-05,0.03913324,0.0,0.000837228,0.000616028,0.0008920074
384,1.006719e-13,1.555702e-05,0.01853676,0.0,0.000428372,0.0004947662,0.000778372
385,5.722886e-14,1.395439e-05,0.03206569,0.0,0.000138596,0.0008554071,0.0003650654
386,4.932614e-14,1.419738e-05,0.02367426,0.0,0.000508014,0.0007178367,9.422665e-05
387,7.013664e-14,1.429651e-05,0.02030928,0.0,0.0009147763,0.0009700396,0.0001494465
388,2.287398e-14,1.509308e-05,0.03652401,0.0,0.0004128153,0.0003100591,1.1228e-05
389,2.236909e-14,1.666592e-05,0.03970431,0.0,0.0009767916,0.000111972,0.000674828
390,9.904742e-14,1.509309e-05,0.02237575,0.0,0.000151172,3.20181e-05,0.0005032599
391,2.30935e-14,1.403421e-05,0.04417464,0.0,9.618132e-05,0.0007405996,0.0003318
392,4.875539e-14,1.468995e-05,0.04701804,0.0,0.0002418148,0.0009330125,0.0005579208
393,3.275238e-14,1.523912e-05,0.03481311,0.0,2.8028e-05,0.0002375192,0.0002306554
394,2.882298e-14,1.401004e-05,0.05399389,0.0,0.0005642006,0.0005701403,0.0005304029
395,8.390054e-14,1.430767e-05,0.04166364,0.0,0.000639898,0.0004883542,0.0004907449
396,5.031398e-14,1.508209e-05,0.03253419,0.0,0.000154028,0.0006346302,0.0006533018
397,6.53511e-14,1.405947e-05,0.02223551,0.0,0.0009621462,0.0009140179,2.358726e-05
398,5.180672e-14,1.386428e-05,0.02410618,0.0,0.0005668515,9.854888e-06,5.198016e-05
399,2.882298e-14,1.507677e-05,0.02722432,0.0,0.0006177256,0.000532028,0.000872757
400,6.023629e-14,1.533202e-05,0.03805947,0.0,0.0006407224,0.000842772,0.0001420725
401,1.083331e-13,1.454302e-05,0.03936774,0.0,0.0009143941,4.356727e-05,0.0004512808
402,3.683546e-14,1.423954e-05,0.03448775,0.0,0.0004492974,0.0002758908,4.278015e-05
403,4.118195e-14,1.501999e-05,0.03306692,0.0,0.000453572,0.0006262859,9.750597e-06
404,1.462003e-14,1.480806e-05,0.03429009,0.0,0.0009786,0.0009058,0.0009688768
405,2.41033e-14,1.480071e-05,0.03154436,0.0,0.0009786,0.000893172,0.0003756821
406,9.505216e-15,1.459747e-05,0.03515752,0.0,0.0009786,0.0008997734,0.000537572
407,4.517722e-14,1.506689e-05,0.02796762,0.0,0.000417172,0.000316428,0.0006503717
408,2.155686e-14,1.452048e-05,0.03255154,0.0,0.0001188077,0.0009691562,1.084238e-05
409,7.031226e-14,1.506289e-05,0.03337645,0.0,0.0002994967,9.5172e-05,0.000842828
410,2.568384e-14,1.335778e-05,0.04111813,0.0,0.000351654,0.0007547199,0.0006701271
411,5.286042e-14,1.590153e-05,0.03159703,0.0,0.000764372,0.000845628,0.000417172
412,5.472634e-14,1.399833e-05,0.02583739,0.0,2.345356e-05,0.0008213034,0.0004763359
413,5.189453e-14,1.341586e-05,0.03020892,0.0,7.100867e-05,4.586799e-05,0.0009033319
414,7.762227e-14,1.419477e-05,0.04084607,0.0,0.000611783,0.0008670066,0.000708372
415,4.50455e-14,1.496225e-05,0.0297254,0.0,8.9572e-05,0.000156772,0.0009382828
416,4.260883e-14,1.415779e-05,0.02496724,0.0,0.0001132051,0.000467572,0.000855533
417,3.139136e-14,1.530644e-05,0.05795283,0.0,0.000632828,0.0004802,1.012584e-05
418,1.274094e-13,1.440306e-05,0.05064378,0.0,0.0008900618,0.0008366125,0.000518028
419,3.158893e-14,1.471944e-05,0.0250661,0.0,0.000501228,6.4428e-05,0.0009153532
420,3.655008e-14,1.389778e-05,0.02065817,0.0,0.000120372,9.507731e-06,0.0005528547
421,4.662605e-14,1.311178e-05,0.0703793,0.0,0.0008946,0.0004973139,0.0003929088
422,2.155686e-14,1.376852e-05,0.04576702,0.0,0.0004468478,0.0002052169,0.0008117056
423,5.536294e-14,1.358207e-05,0.038722,0.0,0.0009534977,0.0008179326,0.0009395146
424,5.93143e-14,1.281587e-05,0.03042498,0.0,0.0004327007,0.000104748,4.059452e-05
425,6.052166e-14,1.387754e-05,0.0378261,0.0,0.0002450098,0.0003320164,4.4772e-05
426,1.042281e-13,1.421338e-05,0.03297302,0.0,0.0009311394,0.0007808651,0.000685972
427,5.580198e-14,1.390343e-05,0.03136831,0.0,0.000333172,1.795024e-05,0.0008836469
428,6.69975e-14,1.331313e-05,0.02574536,0.0,0.0003453158,0.0005141846,0.0003378995
429,3.363046e-14,1.306517e-05,0.02777191,0.0,0.0006368809,0.0008275884,0.0005217149
430,3.953555e-14,1.41401e-05,0.05899826,0.0,0.0004185979,3.405604e-05,0.000618772
431,4.544064e-14,1.39769e-05,0.04550043,0.0,0.0007310598,2.47435e-05,0.0003992011
432,6.620723e-14,1.359858e-05,0.01766864,0.0,0.0008693009,0.0002292648,0.000732437
433,3.194016e-14,1.256751e-05,0.03153997,0.0,0.000368207,0.0004829928,0.0002534
434,4.647238e-14,1.446382e-05,0.01892517,0.0,0.000134428,0.000142772,0.0009707097
435,5.929235e-14,1.304852e-05,0.02785,0.0,0.0001439094,0.0004693027,0.0005386992
436,6.458278e-14,1.448394e-05,0.03446206,0.0,0.0004768125,0.000347172,0.000588028
437,4.216979e-14,1.377249e-05,0.04104524,0.0,0.0004550094,0.0006078602,0.0005804212
438,5.345312e-14,1.386141e-05,0.03993366,0.0,0.000403172,0.0004382062,0.0002589988
439,2.162272e-14,1.306139e-05,0.04929906,0.0,0.0007152026,0.0004071516,0.0007289756
440,4.16649e-14,1.418284e-05,0.03737484,0.0,0.0005798624,0.0002691363,0.0004990932
441,7.79735e-14,1.388869e-05,0.02262237,0.0,0.000410456,0.0004971189,0.000719572
442,4.245517e-14,1.367171e-05,0.03390142,0.0,0.0002937397,0.0004326088,0.0002083254
443,2.834003e-14,1.283747e-05,0.0230612,0.0,6.710929e-06,0.0001552031,0.0001020861
444,2.370816e-14,1.392283e-05,0.02324733,0.0,0.0009786,0.0002075819,0.0002769392
445,1.907629e-14,1.464149e-05,0.0306272,0.0,0.0009786,0.000492772,0.0002735632
446,9.571072e-15,1.352818e-05,0.03038406,0.0,1.4e-06,0.0008313095,0.0009701195
447,1.782502e-14,1.357514e-05,0.041887,0.0,0.0009786,0.0009097416,0.0003091843
448,3.279629e-14,1.317365e-05,0.02290588,0.0,1.4e-06,0.0003322729,0.0002007682
449,4.458451e-14,1.373549e-05,0.05579601,0.0,0.000495572,0.0001885155,0.0009678959
450,4.23015e-14,1.366227e-05,0.04145113,0.0,0.0004634004,0.0001157004,0.000811972
451,2.785709e-14,1.298763e-05,0.02813362,0.0,2.630039e-05,0.0002668139,0.0001977594
452,2.632045e-14,1.303049e-05,0.03243782,0.0,0.0002252924,0.0007580194,0.0005945133
453,4.822854e-14,1.299013e-05,0.02539777,0.0,0.0002949963,0.0007971813,0.000202744
454,5.540685e-14,1.312566e-05,0.04591298,0.0,0.0003149958,0.0002514113,8.577847e-05
455,4.094048e-14,1.293578e-05,0.03069724,0.0,0.0004554808,0.0008974053,0.0009427024
456,3.382803e-14,1.253557e-05,0.02095269,0.0,0.0003683962,0.0006454028,6.840861e-05
457,5.854598e-14,1.306549e-05,0.0215972,0.0,0.0004189901,0.0005275124,0.0003660762
458,2.79449e-14,1.254343e-05,0.01936909,0.0,1.4e-06,0.0001250063,0.0004218892
459,1.582739e-14,1.25768e-05,0.02125943,0.0,1.4e-06,0.0002008711,0.0001806
460,5.270675e-14,1.232393e-05,0.02273915,0.0,0.0003763892,0.0006068318,0.0006790056
461,6.846829e-14,1.298294e-05,0.02067885,0.0,0.0004447508,0.0005615526,0.0003691601
462,3.575981e-14,1.230483e-05,0.02927678,0.0,0.0006656096,0.0005920476,0.0003120505
463,3.330118e-14,1.266229e-05,0.03995904,0.0,0.0003907475,0.0007514322,0.0007079423
464,3.565005e-14,1.299995e-05,0.0243913,0.0,9.099065e-05,8.6772e-05,5.447547e-05
465,3.674765e-14,1.206372e-05,0.02595618,0.0,0.0007881844,0.0005503583,8.784154e-05
466,4.192832e-14,1.267283e-05,0.03509833,0.0,0.0004195528,0.0008916363,0.000897765
467,2.599117e-14,1.308308e-05,0.02703285,0.0,0.0004812662,0.000882028,0.0009200656
468,3.810867e-14,1.180345e-05,0.03428856,0.0,6.259259e-05,0.0007490123,0.0004604451
469,1.093868e-13,1.263028e-05,0.03795934,0.0,0.0003939792,0.0008403288,0.000701873
470,3.84599e-14,1.250514e-05,0.04498459,0.0,0.0003253778,1.306593e-05,0.0007847023
471,3.468416e-14,1.215044e-05,0.03697258,0.0,0.0007649987,3.219994e-05,0.0007517928
472,5.367264e-14,1.307142e-05,0.03808261,0.0,0.000288428,0.0007444984,0.0006339837
473,8.144192e-14,1.279687e-05,0.02459661,0.0,0.0004042321,0.0008418217,0.000263172
474,3.808672e-14,1.255572e-05,0.03391775,0.0,0.000949998,0.0009385355,0.0004767692
475,5.782157e-14,1.276071e-05,0.05389324,0.0,0.000330428,8.857163e-05,0.0007739476
476,2.397158e-14,1.289868e-05,0.04016089,0.0,0.000772201,0.000666428,0.0005138259
477,2.546432e-14,1.227348e-05,0.03318452,0.0,0.0004127588,0.0009081978,0.000944196
478,3.479392e-14,1.230243e-05,0.04325194,0.0,0.0001724038,0.0009469536,0.0005133923
479,3.154502e-14,1.363983e-05,0.03640618,0.0,0.000403228,0.0007623884,0.000764372
480,1.804454e-14,1.306524e-05,0.05588461,0.0,0.0007308289,0.0009725505,0.0002184501
481,7.584416e-14,1.594898e-05,0.05797152,0.0,0.0001928961,1.090012e-05,0.0003724399
482,2.083245e-14,1.201617e-05,0.04340947,0.0,0.0004379144,0.000972188,0.0003964576
483,2.225933e-14,1.321727e-05,0.04594138,0.0,0.000638372,8.632217e-06,0.0005507935
484,1.385171e-14,1.148655e-05,0.02308404,0.0,1.4e-06,0.0001325906,0.0005502
485,5.248723e-14,1.204088e-05,0.05036061,0.0,0.0002371913,0.0008334043,0.0002009141
486,2.340083e-14,1.22857e-05,0.04607099,0.0,0.0003132699,0.0009538747,0.0004321093
487,3.648422e-14,1.201339e-05,0.05559625,0.0,0.0004694835,0.0009721475,0.0009729313
488,2.941568e-14,1.228655e-05,0.03612089,0.0,0.0001950883,0.0004875296,0.0009137217
489,2.711072e-14,1.108522e-05,0.04304838,0.0,0.000147,0.0008918056,0.0001694
490,1.497126e-14,1.186463e-05,0.03882964,0.0,0.0004472013,7.468719e-05,0.0007487115
491,1.753965e-14,1.266115e-05,0.03918379,0.0,0.0005506843,0.0005874082,0.000481572
492,4.980909e-14,1.247415e-05,0.02173384,0.0,0.000102082,5.3172e-05,0.0005916926
493,5.384826e-14,1.197629e-05,0.02545322,0.0,0.0004075106,0.0006139934,0.0009597141
494,5.384826e-14,1.241174e-05,0.05861837,0.0,0.000515172,0.0001948603,0.0009339227
495,2.917421e-14,1.2029e-05,0.02031823,0.0,9.215355e-06,0.00087581,0.0003345943
496,1.620058e-14,1.197084e-05,0.03862178,0.0,1.4e-06,0.0008067259,0.0003827961
497,6.607552e-15,1.142918e-05,0.0340395,0.0,1.4e-06,0.0003872088,0.0007375108
498,1.343462e-14,1.157152e-05,0.01345957,0.0,0.0009786,0.0003970081,2.94e-05
499,2.660582e-14,1.181077e-05,0.02803404,0.0,0.0003652622,0.0004559737,9.890055e-05
500,1.953728e-14,1.095351e-05,0.03627498,0.0,0.0001302001,0.0001944623,0.0001331459
501,1.881286e-14,1.168382e-05,0.04499336,0.0,0.0003997209,8.555669e-05,0.0001112289
502,1.999827e-14,1.096292e-05,0.04600898,0.0,0.0009282,0.0001272442,0.0007043416
503,3.253286e-14,1.136435e-05,0.02800399,0.0,0.0002723847,0.0005362124,0.0002392516
504,2.241299e-14,1.177616e-05,0.0547256,0.0,0.0002246807,0.000951083,0.0005116221
505,7.325382e-14,1.136173e-05,0.05502978,0.0,0.0002792157,2.646545e-05,0.0006202092
506,3.670374e-14,1.189248e-05,0.04103789,0.0,0.0008022129,0.0003392532,0.0001561192
507,2.820832e-14,1.191836e-05,0.03372522,0.0,0.0004627503,0.0002787352,0.0008872193
508,3.907456e-14,1.276926e-05,0.03609128,0.0,0.0005896109,0.000506772,0.0008522184
509,5.04457e-14,1.184437e-05,0.0454291,0.0,0.0001812348,0.0008855896,0.0008197213
510,5.641664e-14,1.413564e-05,0.02454895,0.0,0.0009559342,0.000546028,0.000456372
511,4.530893e-14,1.068159e-05,0.03710722,0.0,0.0003177995,0.000972743,0.000485798
512,3.235725e-14,1.161788e-05,0.02935708,0.0,0.0003850149,0.0008956714,0.0002288292
513,5.523123e-14,1.159913e-05,0.03540778,0.0,0.0003854135,0.0001110145,6.472641e-05
514,2.790099e-14,1.203356e-05,0.06610101,0.0,0.0008684443,0.0005864346,0.000372372
515,2.30935e-14,1.202839e-05,0.04196151,0.0,0.0004251557,0.000489972,7.094084e-06
516,2.423501e-14,1.152883e-05,0.03987382,0.0,0.0007938146,0.0005352364,0.0001435746
517,2.019584e-14,1.179871e-05,0.03991411,0.0,0.0004970261,0.000604772,0.0003014127
518,7.136595e-14,1.301373e-05,0.03710719,0.0,0.000302428,0.0009728211,0.000680372
519,3.819648e-14,1.221545e-05,0.05121453,0.0,0.0002384525,6.105026e-05,0.000666372
520,4.627482e-14,1.17408e-05,0.03610048,0.0,0.0006678047,0.000282772,0.0003178034
521,3.764768e-14,1.173954e-05,0.03641036,0.0,0.0002923542,0.0007387576,0.0002571494
522,9.98816e-15,1.069527e-05,0.05908166,0.0,0.0004631444,0.0009729087,0.0008862
523,4.583578e-14,1.203132e-05,0.02609868,0.0,0.0001339519,0.000582428,0.0002199633
524,6.778778e-14,1.188157e-05,0.04119918,0.0,5.245464e-05,4.620531e-05,0.000106428
525,3.358656e-14,1.174869e-05,0.04513968,0.0,0.0004801753,2.744658e-05,0.0007423101
526,3.973312e-14,1.203051e-05,0.03392656,0.0,8.634899e-05,0.000956029,0.000711228
527,2.094221e-14,1.061319e-05,0.04488378,0.0,0.0001441938,1.556371e-05,0.000972914
528,2.219347e-14,1.305202e-05,0.06550417,0.0,0.000403869,0.000187572,8.9572e-05
529,3.035962e-14,1.124739e-05,0.04980123,0.0,0.0001945968,0.0009197877,0.0004933475
530,1.066867e-14,1.156145e-05,0.02420206,0.0,3.109304e-06,0.0002476253,0.000269565
531,3.244506e-14,1.172129e-05,0.03368561,0.0,0.0002400748,8.6772e-05,0.0009695113
532,3.040352e-14,1.177946e-05,0.03020794,0.0,0.000727972,0.0005474046,0.0003671114
533,6.759021e-14,1.234229e-05,0.028942,0.0,0.000106428,3.911938e-05,0.000674828
534,2.664973e-14,1.220132e-05,0.03409981,0.0,0.000484467,2.8028e-05,8.648743e-05
535,2.860346e-14,1.195926e-05,0.02925489,0.0,0.0002812362,0.000725228,0.000226772
536,1.606886e-14,1.149632e-05,0.0307073,0.0,0.0004774205,0.000862428,0.0008800868
537,1.931776e-14,1.147172e-05,0.03923031,0.0,0.0003483733,0.000188625,8.1228e-05
538,4.157709e-14,1.102657e-05,0.03280956,0.0,0.0004557168,2.913841e-05,0.0001672029
539,2.010803e-14,1.060531e-05,0.03274808,0.0,0.000385212,0.0007009906,0.0009419404
540,1.835187e-14,1.153549e-05,0.06028793,0.0,0.000489972,0.0004404925,0.000757767
541,3.084256e-14,1.071947e-05,0.03294461,0.0,0.000399359,0.0003256943,0.0005643921
542,4.087462e-14,1.15102e-05,0.02578317,0.0,0.000124337,0.0005077065,0.000235172
543,3.488173e-14,1.073673e-05,0.04493939,0.0,0.0005751383,0.0008550297,0.0009193102
544,2.886688e-14,1.068769e-05,0.04522144,0.0,0.0004779981,0.000651,0.0002980533
545,1.400538e-14,1.157023e-05,0.03679285,0.0,0.0007317023,0.0007691062,0.000400372
546,3.005229e-14,1.229029e-05,0.03110483,0.0,8.626501e-05,5.287325e-05,0.000551572
547,3.613299e-14,1.123542e-05,0.02745403,0.0,0.0004070203,0.0006295593,0.0009119977
548,3.369632e-14,1.194966e-05,0.04147993,0.0,0.000666428,0.000896028,0.0003904773
549,1.240288e-14,1.062362e-05,0.04260836,0.0,0.0009614346,0.0005951438,0.0005953827
550,3.143526e-14,1.117425e-05,0.04685554,0.0,0.0008912023,0.0003066,0.0002627566
551,3.808672e-14,1.075924e-05,0.02872222,0.0,0.0001827959,0.0005723934,0.0009475354
552,1.721037e-14,1.04911e-05,0.03385563,0.0,3.764474e-05,0.0007770004,0.0003426218
553,2.267642e-14,1.467631e-05,0.0404642,0.0,0.000184828,0.0004259292,0.000221228
554,1.549811e-14,1.028637e-05,0.04573097,0.0,0.0006844602,0.0009505959,0.0007967335
555,1.576154e-14,1.148051e-05,0.03034296,0.0,0.0003686187,0.000297986,0.000971572
556,2.864736e-14,1.195069e-05,0.03343968,0.0,9.661238e-06,0.000450772,0.000590772
557,4.254298e-14,1.14061e-05,0.02512157,0.0,0.000391972,0.0001106031,0.0008498
558,2.660582e-14,1.142793e-05,0.05387368,0.0,0.000835084,1.157006e-05,0.0004627896
559,3.558419e-14,1.070504e-05,0.03750012,0.0,0.0009057999,0.0003211067,0.0001970189
560,4.015021e-14,1.084563e-05,0.03099355,0.0,0.0002174118,0.0007828987,0.0005087939
561,4.212589e-14,1.087783e-05,0.03806093,0.0,0.0002144175,0.0008893042,0.0003885252
562,7.105862e-14,1.067797e-05,0.02193424,0.0,0.000510868,0.000539,0.000953991
563,1.350048e-14,1.068014e-05,0.04323427,0.0,0.0001353842,1.234428e-05,0.0004266378
564,2.750586e-14,1.050285e-05,0.02002519,0.0,0.0008556119,0.000927836,0.0002758011
565,2.95913e-14,1.03041e-05,0.04065129,0.0,0.0002954004,0.000261588,1.260469e-05
566,1.822016e-14,1.061553e-05,0.02697987,0.0,0.0003012595,0.0002677676,0.0009732982
567,2.779123e-14,1.17665e-05,0.03790827,0.0,0.0004119115,0.000571228,0.0006761924
568,5.790938e-14,1.213526e-05,0.02636706,0.0,0.0002965799,0.0004203156,0.000445228
569,1.683718e-14,1.040065e-05,0.02675,0.0,9.367983e-05,0.0006815946,0.0007688043
570,1.389562e-14,1.16012e-05,0.02576246,0.0,0.000484372,0.0004683953,0.00085771
571,2.476186e-14,1.145932e-05,0.03997448,0.0,0.000467628,1.857642e-05,0.0001275232
572,1.782502e-14,1.154225e-05,0.02224428,0.0,0.0001269828,0.0005497103,0.000201572
573,3.17865e-14,1.078373e-05,0.0239559,0.0,0.0007185753,0.000326206,0.0001995893
574,2.337888e-14,1.124976e-05,0.01844287,0.0,3.703755e-06,0.0001267766,0.0005015738
575,1.791283e-14,1.028631e-05,0.04136653,0.0,0.0006591164,0.0004078252,4.921931e-05
576,3.839405e-14,1.005608e-05,0.03658136,0.0,0.0008411154,0.0003347314,0.0007770131
577,3.738426e-14,1.06641e-05,0.04069697,0.0,0.0001894857,0.0009217792,0.0007714064
578,2.19959e-14,1.118765e-05,0.04657305,0.0,0.0006287233,0.000971572,0.0006643941
579,1.361024e-14,1.039677e-05,0.03956952,0.0,0.0002478019,0.0001439083,0.0008784058
580,2.256666e-14,1.02626e-05,0.03265072,0.0,0.0006175386,0.0003089022,0.000314877
581,2.647411e-14,1.160129e-05,0.03225282,0.0,0.000361228,0.000613172,0.0006398007
582,2.388378e-14,1.14288e-05,0.03981771,0.0,0.0001141333,9.5228e-05,9.29796e-05
583,1.894458e-14,1.073758e-05,0.02511629,0.0,6.196944e-06,0.0006673143,4.017283e-05
584,2.138125e-14,1.10614e-05,0.0403483,0.0,0.0004102,0.0007210029,0.000716772
585,2.289594e-14,1.060973e-05,0.04235394,0.0,0.0008187931,0.0006714161,0.0007885081
586,2.394963e-14,1.00353e-05,0.03774293,0.0,0.0004295081,7.700095e-05,0.0005866004
587,3.29719e-14,1.194919e-05,0.04477423,0.0,0.000523628,8.372e-06,0.0001415146
588,1.066867e-14,1.405129e-05,0.02678681,0.0,0.0009786,0.000473172,0.000322028
589,1.692499e-14,1.120511e-05,0.03475209,0.0,0.000445172,0.000461194,0.0008696919
590,2.95913e-14,1.206006e-05,0.0442013,0.0,0.0002679089,0.000131572,0.000907228
591,2.208371e-14,9.872151e-06,0.04423167,0.0,0.0004382,0.0007881932,0.00095608
592,2.58375e-14,1.083019e-05,0.04582003,0.0,0.0003785499,0.0005091636,0.000548772
593,2.219347e-14,1.022177e-05,0.05086177,0.0,0.0004755766,0.0001210885,0.0001052923
594,1.949338e-14,1.043389e-05,0.04027057,0.0,0.000198828,6.574132e-06,0.0007296985
595,3.009619e-14,1.024307e-05,0.0470871,0.0,0.0004288275,0.0001298106,0.0001981137
596,1.714451e-14,1.054982e-05,0.03252854,0.0,0.000167972,0.0003997141,0.0005610175
597,3.887699e-14,1.049166e-05,0.01836707,0.0,8.637485e-05,5.249756e-05,0.0009431548
598,1.775917e-14,1.062386e-05,0.03055389,0.0,1.043214e-05,0.0008813177,0.000411572
599,4.278445e-14,1.076959e-05,0.02673614,0.0,0.000426289,0.000565572,0.000299173
600,1.984461e-14,1.099659e-05,0.03538689,0.0,0.0008042927,0.000341628,0.000196028
601,2.4696e-14,9.547406e-06,0.03596744,0.0,0.0001049825,0.0001158267,0.0001137895
602,1.444442e-14,1.005716e-05,0.03879668,0.0,0.0005312364,0.0007385272,0.000895074
603,2.47399e-14,1.028982e-05,0.03154162,0.0,0.0001349338,0.0006787683,0.0007611704
604,1.064672e-14,9.794487e-06,0.04350558,0.0,0.0006174069,0.0007762915,0.0008277709
605,1.549811e-14,1.001292e-05,0.04570521,0.0,0.0006376286,0.0003534792,0.0002614183
606,1.725427e-14,1.017725e-05,0.02434763,0.0,0.0001180372,0.0005845208,0.0003009945
607,1.732013e-14,9.863653e-06,0.05380534,0.0,0.0003657833,0.0006264262,0.0003537283
608,1.716646e-14,9.5309e-06,0.02907231,0.0,0.0001384258,0.0005835073,0.000766196
609,5.031398e-14,9.744612e-06,0.03585728,0.0,0.0004305195,0.000533602,0.0009506041
610,1.372e-14,9.432413e-06,0.03880057,0.0,0.0002257836,0.0005809957,0.0008331679
611,2.932787e-14,1.008138e-05,0.07076792,0.0,0.0003170757,0.0001669832,0.0009737366
612,1.786893e-14,9.945094e-06,0.03855653,0.0,0.0002674007,0.0004662043,0.0001983584
613,1.80665e-14,9.650354e-06,0.03114023,0.0,0.0009227802,0.0003654104,0.0001840225
614,3.806477e-14,1.050048e-05,0.03507354,0.0,0.000478828,0.0005382941,0.0001050078
615,2.307155e-14,9.294833e-06,0.02974252,0.0,0.0005276254,0.0001470055,0.000502389
616,1.710061e-14,1.109078e-05,0.05077585,0.0,0.000425628,3.6372e-05,0.000879641
617,1.898848e-14,9.393922e-06,0.05746159,0.0,0.0004074058,0.0002142059,0.0001361781
618,4.783341e-14,1.192126e-05,0.02895572,0.0,0.0001153498,2.837077e-05,0.000618772
619,2.563994e-14,1.008599e-05,0.02551529,0.0,0.0006477184,0.0003215544,0.0007795138
620,2.563994e-14,1.109585e-05,0.02135596,0.0,0.000349972,0.0006400919,0.000676325
621,2.002022e-14,1.038896e-05,0.02812494,0.0,0.000352828,0.0004161871,9.380962e-05
622,2.206176e-14,9.211718e-06,0.04479717,0.0,0.0009059863,0.0003122024,0.0003989952
623,1.163456e-14,9.477113e-06,0.03222013,0.0,2.117732e-05,0.0002677763,0.0008668094
624,1.310534e-14,9.960843e-06,0.04470873,0.0,0.0002344201,0.0002891489,0.0001018231
625,1.09321e-14,9.729988e-06,0.04973818,0.0,0.0004486958,0.0006957874,0.0003904009
626,3.887699e-14,1.087792e-05,0.02417529,0.0,0.000336435,0.0004727753,0.000386428
627,2.421306e-14,9.751039e-06,0.03132597,0.0,0.0004551685,0.0008309153,0.0008552306
628,3.095232e-14,1.036658e-05,0.04461268,0.0,0.0002720453,0.0004036466,5.778115e-05
629,3.40695e-14,1.038443e-05,0.06012797,0.0,0.0003710011,6.630708e-06,0.000652372
630,3.613299e-14,1.027003e-05,0.03656837,0.0,0.0003085403,0.0005296455,0.0009419977
631,1.064672e-14,9.140015e-06,0.014014,0.0,0.0009786,0.0005361954,0.0003404939
632,2.989862e-14,1.010671e-05,0.04097882,0.0,0.000245,0.000957572,0.0006964533
633,3.61769e-14,1.067387e-05,0.0450643,0.0,0.0005986663,0.000327572,0.000425572
634,6.827072e-15,9.699778e-06,0.04629535,0.0,0.0009646105,0.0006704188,0.0009740846
635,1.260045e-14,9.543295e-06,0.04862892,0.0,0.0005981009,0.0008723796,7.226856e-05
636,1.857139e-14,9.611668e-06,0.04138505,0.0,0.0004855123,0.0006397952,0.0005539666
637,3.106208e-14,9.63423e-06,0.04538304,0.0,0.0006261906,0.000248673,6.611423e-06
638,2.702291e-14,1.031175e-05,0.03054247,0.0,0.0002581319,0.0008659592,0.000285628
639,1.81104e-14,1.005492e-05,0.0250201,0.0,0.0003265836,0.000461972,0.0003181828
640,1.400538e-14,9.750269e-06,0.03868169,0.0,0.0003420349,0.0002400333,0.0001778127
641,1.573958e-14,9.643196e-06,0.0362019,0.0,0.0004799137,0.0005716232,7.957831e-05
642,1.822016e-14,9.031793e-06,0.02930213,0.0,0.0006731125,0.0009620088,0.0003596203
643,1.029549e-14,1.009195e-05,0.03196447,0.0,0.0007888404,0.000971572,0.0003289968
644,5.81728e-15,8.889346e-06,0.04456431,0.0,0.0008833978,0.0008552258,0.0006536232
645,2.441062e-14,1.001231e-05,0.02756049,0.0,0.0004021702,0.000657972,0.0006539621
646,2.484966e-14,9.249803e-06,0.03235784,0.0,8.542834e-05,0.000627973,0.0002898
647,2.787904e-14,9.300447e-06,0.07002997,0.0,0.0008246175,0.0008883537,0.0009167864
648,4.748218e-14,1.092222e-05,0.02356351,0.0,0.0006916376,0.000313628,0.000243628
649,1.314925e-14,9.16076e-06,0.03071609,0.0,0.0009617985,0.0001942273,0.0006534177
650,2.331302e-14,9.629288e-06,0.0332065,0.0,0.0005694184,0.0008545326,8.780382e-05
651,2.052512e-14,9.051836e-06,0.05744794,0.0,0.0009222168,0.0004129975,0.0002423702
652,1.786893e-14,9.275352e-06,0.06047488,0.0,4.378549e-05,0.0008129044,0.000379585
653,1.255654e-14,9.687244e-06,0.0340606,0.0,0.0004911916,0.0001448288,0.0008517368
654,1.350048e-14,9.627784e-06,0.03557771,0.0,0.0003378877,0.0009400427,0.0006083669
655,1.830797e-14,9.98644e-06,0.03222883,0.0,0.000113219,0.0004127689,0.000453628
656,2.787904e-14,9.957012e-06,0.05308027,0.0,0.0004326129,0.000588028,9.660587e-05
657,6.739264e-15,9.069481e-06,0.07225144,0.0,3.181634e-05,0.000721211,0.0003877974
658,3.07767e-14,9.138246e-06,0.04608343,0.0,0.000928489,0.000695968,0.0006926145
659,1.429075e-14,9.972698e-06,0.03430186,0.0,0.000453572,0.0005980139,0.0002953945
660,1.828602e-14,9.957016e-06,0.02060811,0.0,0.0006005996,0.0003709855,0.000335972
661,2.401549e-14,1.025571e-05,0.01481767,0.0,0.0009627806,0.000845572,0.0004410144
662,1.688109e-14,9.972843e-06,0.03424064,0.0,0.0005196148,0.000170772,0.0001974075
663,1.690304e-14,9.186619e-06,0.04881149,0.0,0.0001727008,0.0003879738,0.0001135841
664,2.129344e-14,1.000556e-05,0.02961984,0.0,0.0004350218,0.000582372,0.0009534009
665,1.306144e-14,1.004531e-05,0.03948137,0.0,0.000344428,8.8374e-05,0.0008922833
666,2.401549e-14,9.741834e-06,0.04803969,0.0,0.0009189388,0.0006480247,0.0009709348
667,1.407123e-14,9.141723e-06,0.05288374,0.0,0.0004214026,0.0001418865,0.0001219655
668,2.57936e-14,1.097289e-05,0.04180698,0.0,0.000134428,0.000574028,0.0008140308
669,3.775744e-14,9.490944e-06,0.02106199,0.0,0.000458665,0.0008104309,0.0007657898
670,2.201786e-14,1.053331e-05,0.03687716,0.0,0.0006373879,6.4372e-05,0.000417172
671,2.489357e-14,1.009983e-05,0.04285886,0.0,0.000103572,2.677409e-05,0.0004248364
672,2.239104e-14,1.010068e-05,0.02906141,0.0,0.000534828,7.438695e-05,6.365089e-06
673,4.192832e-15,1.004201e-05,0.02127485,0.0,0.0009786,0.0008993302,8.6772e-05
674,5.005056e-15,8.762552e-06,0.01747151,0.0,1.4e-06,0.0008412263,0.0001019834
675,9.066176e-15,9.73039e-06,0.05403566,0.0,0.0004494,4.634976e-06,0.0009743627
676,1.374195e-14,9.326835e-06,0.0478753,0.0,0.000130834,0.0008644368,4.651421e-06
677,3.701107e-14,1.026474e-05,0.02595299,0.0,1.9572e-05,0.000100772,0.0009753454
678,1.931776e-14,1.022263e-05,0.04354864,0.0,0.000322028,0.0009755484,0.000607572
679,3.758182e-14,1.033904e-05,0.02218687,0.0,0.0004914,0.000445172,0.0009740906
680,6.5856e-15,8.789642e-06,0.05935581,0.0,0.0004379305,0.0009755529,0.0006484591
681,3.971117e-14,1.310572e-05,0.02848824,0.0,0.000588028,7.626741e-06,1.6772e-05
682,1.793478e-14,8.822148e-06,0.03607647,0.0,0.0006258103,0.000840892,0.000653497
683,1.172237e-14,9.646171e-06,0.03988357,0.0,0.0001531043,8.372e-06,0.0007265895
684,9.98816e-15,8.724499e-06,0.02898827,0.0,0.0005894001,0.0008666022,2.709159e-05
685,2.342278e-14,9.09635e-06,0.02657113,0.0,9.985992e-05,0.0005259762,0.0001770698
686,3.655008e-14,8.734978e-06,0.025,0.0,0.000338062,0.000321069,6.535921e-06
687,1.510298e-14,1.157547e-05,0.04776066,0.0,0.000929628,0.0009616727,0.0003114895
688,3.244506e-14,9.605147e-06,0.03675014,0.0,0.0004641467,0.000823172,0.0003168044
689,1.396147e-14,8.82654e-06,0.04469966,0.0,0.0001358161,0.0006687905,0.0008304927
690,1.661766e-14,1.010211e-05,0.04226393,0.0,0.000487172,0.0004422668,0.000803572
691,9.724736e-15,8.538968e-06,0.04616368,0.0,0.0007713969,0.0009228963,0.0001743318
692,7.595392e-15,8.581971e-06,0.05389483,0.0,0.0001606835,0.0007832457,0.0007403076
693,6.497792e-15,8.572169e-06,0.03580715,0.0,0.0001728628,0.0007094164,0.0006874142
694,2.291789e-14,8.877263e-06,0.02321633,0.0,0.0006089871,0.0003481176,0.0003756259
695,1.380781e-14,9.286871e-06,0.05640243,0.0,0.0003815499,0.000851228,0.0003205906
696,1.029549e-14,8.617484e-06,0.03297885,0.0,0.000894228,6.787646e-05,0.0006509944
697,1.229312e-14,9.179911e-06,0.03908965,0.0,0.000758828,0.0005274943,0.0001918025
698,5.905088e-15,8.816684e-06,0.03402197,0.0,0.0002274726,0.0002597197,1.539665e-05
699,3.363046e-14,9.151949e-06,0.03305124,0.0,0.0008532511,0.0007219688,0.000476671
700,9.241792e-15,8.552556e-06,0.06002848,0.0,0.0004718008,0.0002764407,0.0005274192
701,2.85376e-14,8.884659e-06,0.02937874,0.0,0.0003989903,0.0007891828,0.0001418824
702,1.26224e-14,8.617835e-06,0.03319405,0.0,0.0002733778,0.0005298821,4.133264e-06
703,8.56128e-15,9.175446e-06,0.0463445,0.0,0.0004767464,0.0005968026,0.0009233352
704,2.214957e-14,8.707426e-06,0.03583414,0.0,0.0002142065,0.0007875547,0.0002751609
705,7.46368e-15,8.619167e-06,0.0571593,0.0,0.0007377999,0.0003538232,0.0002065231
706,1.04711e-14,8.832513e-06,0.05679868,0.0,0.0008012329,8.858184e-05,0.0004409818
707,1.955923e-14,8.535631e-06,0.0449223,0.0,0.0006005916,0.0009702,4.692741e-05
708,1.071258e-14,8.693759e-06,0.03119637,0.0,0.0004462162,0.0005000985,0.0005481502
709,6.322176e-15,8.438107e-06,0.05813873,0.0,3.460415e-05,5.701973e-05,0.0005364985
710,2.03056e-14,8.88415e-06,0.05098934,0.0,0.0003012996,0.0003826014,0.000341173
711,3.56281e-14,1.182899e-05,0.02661007,0.0,0.0004024139,0.000831572,0.0002964212
712,1.791283e-14,1.236221e-05,0.04933805,0.0,0.000823172,1.6828e-05,0.000400372
713,1.598106e-14,9.45229e-06,0.06198687,0.0,0.0005123218,0.0005655471,0.0001703838
714,2.067878e-14,9.091521e-06,0.03276324,0.0,0.0001063563,0.0005720952,0.0001404124
715,1.150285e-14,9.039022e-06,0.05618107,0.0,0.0004115088,0.0008675757,0.0003649356
716,1.859334e-14,9.687836e-06,0.02635791,0.0,0.000968828,0.000103572,0.000390598
717,5.663616e-15,8.350412e-06,0.03970184,0.0,0.0009757013,0.000469975,0.0004437975
718,1.633229e-14,8.938004e-06,0.036465,0.0,0.0002276903,0.0008644568,0.0005432327
719,1.020768e-14,8.795335e-06,0.053812,0.0,2.708346e-05,0.0009281937,0.000431172
720,2.500333e-14,9.079341e-06,0.02585874,0.0,0.000333228,0.0006012594,0.0006042716
721,1.907629e-14,8.96603e-06,0.05102675,0.0,5.5972e-05,0.0004352114,0.0005717302
722,1.648595e-14,8.617993e-06,0.02741914,0.0,0.0006167526,0.0003943786,0.0003182833
723,1.240288e-14,8.874929e-06,0.07512145,0.0,0.000957572,0.000337887,0.0004695006
724,2.094221e-14,8.795548e-06,0.05279577,0.0,0.0009232422,0.000833871,0.000486774
725,2.074464e-14,8.528972e-06,0.0369435,0.0,0.0002357297,4.635315e-06,0.0005943408
726,1.464198e-14,9.015581e-06,0.03247675,0.0,0.0009263752,0.0001031735,8.917424e-05
727,6.563648e-15,8.872517e-06,0.06291275,0.0,0.0006164099,0.0008488272,0.0002904599
728,8.758848e-15,8.452462e-06,0.05379827,0.0,0.0001778,0.0008857017,0.0002739748
729,1.492736e-14,8.457574e-06,0.03630853,0.0,0.0002562029,0.000479546,0.0003141153
730,9.636928e-15,9.033809e-06,0.05255117,0.0,0.000277228,0.0009760469,0.0009151847
731,1.049306e-14,8.091224e-06,0.02724837,0.0,0.0001107943,0.0003649158,0.0004629117
732,1.189798e-14,9.075039e-06,0.02445843,0.0,0.000742749,0.000517972,0.00032987
733,1.099795e-14,7.891705e-06,0.05112768,0.0,0.0009305276,0.0006761942,0.000650823
734,1.033939e-14,9.013617e-06,0.02971534,0.0,0.0009478021,0.000450772,0.0003784209
735,8.319808e-15,8.728451e-06,0.06182122,0.0,0.000884772,0.0008496082,0.0002422
736,1.786893e-14,8.657684e-06,0.05332705,0.0,0.0009290661,0.0007620162,0.0006481812
737,8.714944e-15,7.872323e-06,0.04214999,0.0,0.0002170009,0.0009454842,0.0003822
738,9.702784e-15,8.624899e-06,0.0497237,0.0,3.548415e-05,5.673812e-05,0.0003859781
739,1.242483e-14,8.477536e-06,0.04840385,0.0,0.0004343965,0.0007405822,0.0009025002
740,3.613299e-14,1.196962e-05,0.03117147,0.0,0.000408772,0.0006919051,0.0008993165
741,8.297856e-15,8.625705e-06,0.04962904,0.0,0.0003059518,0.0001699042,6.117821e-05
742,1.48176e-14,8.807263e-06,0.03312912,0.0,0.0004097072,0.000494375,0.000310772
743,1.055891e-14,8.526853e-06,0.0528633,0.0,0.0003980246,0.0002428517,0.0001134
744,1.466394e-14,9.268305e-06,0.05731072,0.0,0.000358428,0.0001712238,0.0008936095
745,1.64201e-14,8.192447e-06,0.03856276,0.0,0.0008950906,0.0003458,0.0002876584
746,3.071085e-14,9.129609e-06,0.0351856,0.0,0.000391972,0.0009387433,0.0002627766
747,1.503712e-14,8.246972e-06,0.02178291,0.0,0.0002850785,0.0003989959,0.000399
748,1.59591e-14,9.018815e-06,0.03734318,0.0,0.0004764185,0.0005427735,0.0005539739
749,1.086624e-14,8.738783e-06,0.05450846,0.0,0.0009426911,0.0002347757,0.0006249303
750,1.288582e-14,9.127328e-06,0.02621853,0.0,0.0004671802,0.000554372,0.0004011553
751,8.627136e-15,8.393809e-06,0.04751213,0.0,0.0001409158,0.0006027536,0.0007371558
752,6.5856e-15,8.615596e-06,0.0342383,0.0,0.0002652582,0.0001180274,0.0008717258
753,2.160077e-14,9.272283e-06,0.03959053,0.0,0.0004736156,0.000565572,4.159069e-05
754,1.549811e-14,8.187682e-06,0.0462064,0.0,0.0001021961,0.0005842935,0.00035075
755,2.432282e-14,9.25568e-06,0.0381142,0.0,0.000893172,4.1972e-05,0.0007882084
756,8.978368e-15,7.872523e-06,0.02410703,0.0,0.0003990143,0.0006146,0.0008810842
757,8.649088e-15,8.823376e-06,0.05761058,0.0,0.000226828,5.572e-06,0.0006341072
758,5.883136e-15,9.230488e-06,0.04891096,0.0,0.000179229,0.000691572,0.0006972318
759,1.652986e-14,8.673051e-06,0.07346759,0.0,0.0005649133,0.0006183005,0.0009295703
760,6.234368e-15,8.538685e-06,0.0330768,0.0,0.0009702,0.0004032811,0.0005128113
761,1.323706e-14,8.814026e-06,0.03578403,0.0,0.000229628,0.0005193985,0.000240828
762,3.426707e-14,9.205543e-06,0.02889688,0.0,0.000613172,0.000739228,0.0007868691
763,1.556397e-14,9.216782e-06,0.02496252,0.0,0.000630028,0.000965972,0.000347152
764,7.595392e-15,8.426622e-06,0.02955794,0.0,0.0002821412,4.090176e-06,0.000904339
765,1.53225e-14,8.810815e-06,0.03299474,0.0,0.000744772,0.000783972,0.000449407
766,3.150112e-14,8.779589e-06,0.04464047,0.0,0.000470428,0.0001646839,0.0001535893
767,1.70128e-14,8.800706e-06,0.03819071,0.0,0.0006132389,0.0008022,0.000803572
768,9.746688e-15,8.841033e-06,0.06262606,0.0,0.0001316349,0.0005627647,0.0007186212
769,8.166144e-15,8.997234e-06,0.03409284,0.0,0.000895972,3.3628e-05,0.0008199031
770,1.571763e-14,8.830129e-06,0.0497609,0.0,0.000251972,3.883131e-06,0.000926828
771,1.712256e-14,8.847958e-06,0.04108058,0.0,0.000257628,0.0004890197,0.000173572
772,6.344128e-15,9.03639e-06,0.03782338,0.0,0.0004287974,0.000240828,0.000974428
773,1.292973e-14,8.322046e-06,0.03750067,0.0,0.000478828,0.0001442,0.0006281892
774,1.165651e-14,8.516455e-06,0.05287687,0.0,0.0004465874,0.0006938941,0.000439572
775,8.736896e-15,8.984828e-06,0.0384328,0.0,8.628225e-05,0.000602028,0.000277228
776,5.290432e-15,7.960151e-06,0.06413114,0.0,0.0003689233,0.0001383603,9.867304e-05
777,1.437856e-14,8.815254e-06,0.04928771,0.0,0.0001383715,0.000436772,0.000428428
778,7.419776e-15,8.2928e-06,0.03359923,0.0,0.0001499944,0.000697172,0.0007044323
779,5.290432e-15,7.266786e-06,0.01598647,0.0,1.82084e-05,0.0008971644,0.0003656238
780,1.005402e-14,8.443589e-06,0.03351663,0.0,0.0001253235,0.000548772,0.0007407989
781,8.188096e-15,8.290116e-06,0.04378927,0.0,0.0001215782,0.000299572,0.0002000138
782,1.09321e-14,7.500762e-06,0.06053953,0.0,0.0006985992,0.0009118013,0.0001745933
783,1.286387e-14,8.710061e-06,0.04921763,0.0,0.000445228,0.0001854738,0.0005959958
784,2.434477e-14,8.931102e-06,0.04389564,0.0,0.000951972,0.000327628,0.0002429138
785,3.909651e-14,9.264197e-06,0.04759539,0.0,0.000904428,0.0001582,0.000764428
786,9.197888e-15,8.161087e-06,0.02418196,0.0,0.000410934,0.0005453346,0.0001798752
787,1.036134e-14,8.809929e-06,0.04923951,0.0,0.000576772,0.000828772,0.0007407882
788,2.41472e-14,8.452171e-06,0.0393446,0.0,0.000543172,0.0004962687,0.0007800377
789,8.956416e-15,7.828128e-06,0.04764553,0.0,0.0006174025,0.0009144359,0.000333715
790,7.002688e-15,8.516025e-06,0.04574702,0.0,0.0009283851,0.000288372,0.0002822792
791,5.883136e-15,7.752266e-06,0.06795829,0.0,0.0008383634,0.0009761275,0.000487868
792,9.307648e-15,7.813918e-06,0.04529364,0.0,0.0005474,0.0008898797,0.0004803945
793,1.464198e-14,9.445517e-06,0.02712268,0.0,0.000912828,0.000207228,0.000708897
794,7.112448e-15,7.445044e-06,0.03826919,0.0,0.0004743871,0.0002172169,0.0004918129
795,1.108576e-14,8.444476e-06,0.0362063,0.0,0.0003375861,0.0002694711,5.8772e-05
796,4.06112e-15,7.712112e-06,0.06052479,0.0,0.0009233308,0.0005443739,0.0003763881
797,8.956416e-15,8.801286e-06,0.02969409,0.0,1.1228e-05,0.000251972,0.0003373984
798,5.970944e-15,8.573694e-06,0.04898955,0.0,0.000740412,0.000940772,0.0001656127
799,6.519744e-15,7.44653e-06,0.05590363,0.0,0.00092842,0.0002559692,0.0006626034
800,4.895296e-15,7.348773e-06,0.050211,0.0,0.0001106119,0.000623,0.0007886112
801,1.43127e-14,7.907526e-06,0.03995228,0.0,0.0004491711,0.0008226813,0.0007354121
802,1.668352e-14,7.185444e-06,0.0295085,0.0,0.000161007,0.0003259608,0.0002141925
803,1.15248e-14,8.433444e-06,0.05139671,0.0,0.0005725975,0.000638372,0.0005509278
804,2.120563e-14,8.814381e-06,0.02856063,0.0,0.000139972,0.0003460317,7.8372e-05
805,1.154675e-14,8.261399e-06,0.032891,0.0,0.000952028,0.0003878,0.0002785994
806,3.336704e-15,8.508173e-06,0.03660604,0.0,0.000971572,0.0007022833,0.0008329997
807,2.403744e-14,8.573294e-06,0.03599955,0.0,0.0002171872,0.000607572,0.0007639868
808,1.025158e-14,8.811057e-06,0.0422287,0.0,6.9972e-05,0.000573972,0.0003012001
809,1.881286e-14,8.844899e-06,0.05258812,0.0,0.000380772,0.000912828,0.0007018246
810,1.354438e-14,8.521586e-06,0.02332387,0.0,0.0006546813,0.0003264233,0.000851228
811,6.958784e-15,7.141274e-06,0.06520058,0.0,0.0005558018,0.0005754,0.0001639929
812,9.724736e-15,8.814268e-06,0.03577538,0.0,0.000439628,0.0005756307,0.000923972
813,8.34176e-15,8.316254e-06,0.06384158,0.0,0.000344372,0.0005245978,0.0002198001
814,1.479565e-14,8.435769e-06,0.03993388,0.0,0.0005677329,0.0006034165,0.000853972
815,1.466394e-14,9.006643e-06,0.02345229,0.0,0.000417228,0.0004843143,0.0003831956
816,4.456256e-15,8.274223e-06,0.06601861,0.0,0.0003709992,0.000235228,8.240707e-05
817,4.851392e-15,8.370984e-06,0.03213321,0.0,0.0009642046,9.898342e-05,0.000473172
818,6.739264e-15,8.767273e-06,0.03508257,0.0,0.0001545177,0.000638372,0.000763983
819,9.197888e-15,7.789997e-06,0.04756657,0.0,8.172421e-05,0.0005894,0.0002450001
820,1.319315e-14,8.291026e-06,0.0625,0.0,0.000193172,0.0003931769,5.440819e-05
821,9.636928e-15,7.626917e-06,0.04150345,0.0,0.0003600331,0.0009751355,0.0003373986
822,5.641664e-15,8.184888e-06,0.05407916,0.0,0.000295799,0.0003213347,8.638433e-05
823,8.363712e-15,8.4474e-06,0.03985406,0.0,0.0006349337,0.000789572,0.0008580069
824,1.580544e-14,8.333288e-06,0.03567802,0.0,0.000627172,0.0008829944,0.000858421
825,2.177638e-14,8.64896e-06,0.03529036,0.0,0.0002161227,0.000526372,0.0001546815
826,1.330291e-14,9.082081e-06,0.04429066,0.0,0.000198828,0.0008476507,0.0008030851
827,1.031744e-14,8.573952e-06,0.04188329,0.0,0.000879614,0.000375228,0.0001552028
828,7.222208e-15,7.445331e-06,0.04669125,0.0,0.0006933986,0.000927976,0.0001523675
829,3.213773e-14,8.981523e-06,0.03201316,0.0,0.000503972,0.0005706788,0.000341572
830,7.46368e-15,7.653104e-06,0.05038244,0.0,0.0001434683,0.000777,0.0002729943
831,1.576154e-14,8.809351e-06,0.03871691,0.0,0.000221172,0.000579572,0.0007939818
832,1.271021e-14,8.411672e-06,0.0419121,0.0,0.000677628,0.0009751225,0.0003905928
833,6.91488e-15,8.042342e-06,0.04957216,0.0,8.45201e-05,2.940975e-05,0.000394127
834,1.183213e-14,8.484623e-06,0.04874863,0.0,0.0009289307,0.0001297924,0.000753172
835,1.227117e-14,7.753205e-06,0.05553845,0.0,0.0001301985,0.0007706681,0.0002482062
836,1.435661e-14,9.26286e-06,0.04711588,0.0,0.000601972,0.0009563717,8.6772e-05
837,9.00032e-15,8.291351e-06,0.04261557,0.0,0.000383572,0.0005784296,0.0006091865
838,2.537651e-14,8.924783e-06,0.03301746,0.0,0.000583078,0.000834372,0.000772772
839,4.807488e-15,8.290554e-06,0.023888,0.0,0.0009770774,0.0008325953,0.0007130148
840,6.980736e-15,8.814623e-06,0.03763187,0.0,0.000523186,0.0009151822,5.0372e-05
841,5.773376e-15,7.645174e-06,0.04314866,0.0,0.0006061994,0.0008477232,1.541226e-05
842,6.14656e-15,7.972318e-06,0.04655653,0.0,0.0003458186,0.0009641956,0.000579188
843,1.139309e-14,8.522304e-06,0.02981781,0.0,0.000632828,0.0008450804,0.0003068323
844,9.834496e-15,8.801311e-06,0.03336768,0.0,0.000963172,0.0008665897,0.000680372
845,2.897664e-15,8.264052e-06,0.066761,0.0,0.000946372,0.000427002,4.112442e-06
846,4.434304e-15,7.262838e-06,0.037832,0.0,0.0001551727,0.0006451735,0.0007854016
847,8.495424e-15,8.336469e-06,0.04194003,0.0,0.0008274026,0.0009762723,0.000207172
848,5.290432e-15,8.272142e-06,0.0685115,0.0,0.000352772,5.197652e-05,0.0009085997
849,1.064672e-14,7.785383e-06,0.04346325,0.0,0.0003007723,0.0008322653,0.0002501915
850,6.47584e-15,8.27431e-06,0.05366641,0.0,0.0004184064,0.000781172,0.0009057995
851,5.619712e-15,7.652052e-06,0.0355761,0.0,0.0003590694,0.0005193997,0.000306599
852,9.285696e-15,8.517144e-06,0.02329716,0.0,0.0008153194,0.000361172,0.0003568114
853,9.417408e-15,8.563842e-06,0.04659207,0.0,0.000940828,0.000762996,0.0007844126
854,1.154675e-14,8.801286e-06,0.04450615,0.0,0.000915572,0.0002898013,0.000307972
855,1.36761e-14,9.759708e-06,0.03168827,0.0,7.2828e-05,0.0005105012,0.000823172
856,7.112448e-15,7.257428e-06,0.04166331,0.0,0.0005303545,0.0007939974,0.0003262093
857,9.505216e-15,8.523003e-06,0.06824905,0.0,0.0004670798,0.0005448395,0.000820372
858,1.143699e-14,8.55616e-06,0.04838258,0.0,0.000394772,0.0005482844,0.0008829932
859,1.053696e-14,8.479778e-06,0.03076909,0.0,0.0002078766,0.0005805997,0.000974428
860,1.071258e-14,7.953314e-06,0.04261003,0.0,0.0006685259,3.986979e-05,0.0004103937
861,8.188096e-15,8.158615e-06,0.04031712,0.0,0.0006630833,0.000931883,0.0001356068
862,6.958784e-15,8.656266e-06,0.05636409,0.0,0.0009078732,0.000710686,0.000635572
863,1.514688e-14,8.841927e-06,0.03269315,0.0,0.000733572,0.000663572,0.0002949903
864,1.786893e-14,8.337129e-06,0.04336946,0.0,0.000537572,0.0006227774,0.000325781
865,7.6832e-15,7.34249e-06,0.05461308,0.0,0.0002029743,0.0008614037,0.000295415
866,1.040525e-14,8.815028e-06,0.03698366,0.0,0.000355572,0.0007844157,0.0003047849
867,2.263251e-14,9.215554e-06,0.03569499,0.0,0.000579572,0.000893172,3.3628e-05
868,4.368448e-15,7.720138e-06,0.05713392,0.0,0.0005303794,0.0002890662,0.0005471623
869,1.091014e-14,7.779983e-06,0.07778282,0.0,0.0003366718,0.0008495661,1.300459e-05
870,1.058086e-14,8.809519e-06,0.02673619,0.0,0.000293972,0.000515172,0.0002255836
871,1.677133e-14,8.812849e-06,0.03996462,0.0,0.0008607823,0.000265972,0.000347172
872,8.429568e-15,8.842949e-06,0.02625511,0.0,0.000473172,0.000184828,0.0005021851
873,1.016378e-14,8.445101e-06,0.060334,0.0,0.000478828,0.0001490714,0.0005276071
874,3.775744e-15,7.840683e-06,0.04049913,0.0,3.1469e-05,9.619496e-05,0.0005469939
875,2.590336e-15,8.654715e-06,0.04935172,0.0,0.000974372,0.0001041182,0.0008225279
876,9.241792e-15,8.274314e-06,0.04682632,0.0,0.0003148064,0.000408772,0.0002982003
877,8.12224e-15,7.175716e-06,0.03196014,0.0,0.0003259714,0.0002366146,0.0001302061
878,1.20736e-14,8.447294e-06,0.02756058,0.0,0.0006069325,0.000974372,0.0005444033
879,5.400192e-15,7.349869e-06,0.04253043,0.0,0.0001810034,0.0009758863,0.0004186
880,3.995264e-15,7.912058e-06,0.02942756,0.0,1.4e-06,0.0008656044,9.701329e-05
881,1.31712e-15,8.226731e-06,0.03398353,0.0,0.0009786,0.0007779955,0.0005436026
882,2.787904e-15,8.1914e-06,0.04136353,0.0,0.0009786,0.0006734014,0.000727972
883,8.473472e-15,7.785e-06,0.05469685,0.0,0.000677628,7e-06,0.0006846161
884,1.659571e-14,9.286683e-06,0.04230796,0.0,0.000859572,0.000285572,0.000302372
885,4.785536e-15,7.843603e-06,0.0541641,0.0,0.000434028,0.0009762274,0.0003653905
886,3.18304e-15,6.769871e-06,0.04064111,0.0,0.0009674049,0.0006681076,0.0007042
887,9.066176e-15,7.872509e-06,0.03567217,0.0,0.0004824769,0.0005166,1.1228e-05
888,2.546432e-15,7.050271e-06,0.0625878,0.0,0.0006198924,0.0008800816,0.0003485978
889,6.783168e-15,6.900899e-06,0.03955405,0.0,0.0002363745,0.0005386924,0.0005280303
890,9.21984e-15,7.81514e-06,0.07559662,0.0,0.000718516,0.0009478066,0.000428372
891,5.400192e-15,7.833368e-06,0.05318281,0.0,7.5572e-05,0.000639486,0.000227964
892,4.763584e-15,6.918395e-06,0.04657689,0.0,0.0003964999,0.0004603481,0.0008864489
893,5.180672e-15,7.055471e-06,0.05001256,0.0,0.000343529,0.0009279007,0.0005838229
894,7.814912e-15,7.887869e-06,0.04816743,0.0,3.3572e-05,5.716864e-05,0.0005703175
895,1.126138e-14,7.016566e-06,0.03199399,0.0,0.0003455687,0.000178318,0.000819
896,5.246528e-15,6.885481e-06,0.03805595,0.0,0.000283896,0.000502594,0.0001970968
897,2.875712e-15,6.785834e-06,0.04303263,0.0,0.0009447727,0.0009172315,6.020104e-05
898,5.663616e-15,7.048894e-06,0.04322195,0.0,0.000393395,0.0005561046,0.0009483185
899,5.005056e-15,7.802861e-06,0.06078969,0.0,0.0006006151,0.000344372,0.0002844519
900,7.595392e-15,7.091901e-06,0.04910524,0.0,0.0007633099,0.0003547168,0.0001276345
901,6.497792e-15,8.343888e-06,0.01041667,0.0,0.000207172,0.000904372,0.0002558925
902,6.212416e-15,6.966498e-06,0.079,0.0,0.0002729904,0.0009762142,0.0004329053
903,8.605184e-15,7.174336e-06,0.04788754,0.0,0.0001408858,0.0006655229,0.0007994028
904,8.232e-15,7.813364e-06,0.03852851,0.0,0.0005922052,0.0008277076,6.1572e-05
905,6.870976e-15,7.843386e-06,0.03690504,0.0,0.0002649076,0.0004832998,0.000265972
906,3.114989e-14,8.801324e-06,0.04008655,0.0,0.000635572,0.0008302126,0.000845572
907,5.37824e-15,7.872899e-06,0.06257762,0.0,0.0005053985,0.0007260758,0.000347172
908,6.102656e-15,7.894796e-06,0.0395063,0.0,0.0007988707,0.0003264508,0.000319172
909,5.444096e-15,6.893582e-06,0.03873221,0.0,0.0001445116,0.0003734924,0.0001106052
910,1.543226e-14,7.799532e-06,0.04395503,0.0,2.5172e-05,9.660774e-05,0.0001332321
911,5.04896e-15,7.020897e-06,0.0500066,0.0,0.0009091262,0.0002646157,0.0002979765
912,6.80512e-15,7.81765e-06,0.01999367,0.0,0.000246372,0.0001976316,0.0005023683
913,7.705152e-15,7.118819e-06,0.07204297,0.0,0.0005302924,0.0005309,0.0004124794
914,3.929408e-15,6.700312e-06,0.08483,0.0,3.780542e-05,5.179814e-05,0.0006339656
915,7.661248e-15,6.782616e-06,0.04581664,0.0,7.162951e-05,0.0001775756,0.0004129918
916,4.105024e-15,6.481347e-06,0.06007698,0.0,0.0008637987,0.0002814036,0.0002561989
917,7.397824e-15,7.79908e-06,0.01907718,0.0,0.000921228,0.0002480293,0.0005474047
918,9.285696e-15,7.054999e-06,0.02687478,0.0,0.0001802893,0.0006762005,0.0007271224
919,3.73184e-15,7.822989e-06,0.0400829,0.0,0.0001971507,0.000971572,0.0004407528
920,7.617344e-15,6.994873e-06,0.04520041,0.0,0.0005921956,0.0009762419,1.011808e-05
921,8.078336e-15,6.899572e-06,0.02229932,0.0,9.637478e-05,0.000740289,0.0004104233
922,2.85376e-15,6.904983e-06,0.05882444,0.0,0.0005672315,0.0008999672,0.0009446924
923,2.941568e-15,6.792756e-06,0.08312423,0.0,0.000695795,0.0002895633,0.0002396324
924,1.04711e-14,7.905513e-06,0.06212271,0.0,0.000537628,0.0009164685,0.0009005072
925,7.046592e-15,7.902346e-06,0.04993139,0.0,0.000644028,0.0008249063,0.0008755225
926,8.627136e-15,8.447767e-06,0.05504555,0.0,0.000688828,0.0004188026,0.000230268
927,4.126976e-15,7.833141e-06,0.04593991,0.0,0.000114772,0.0001971571,0.0005302924
928,1.066867e-14,7.020193e-06,0.04337425,0.0,2.076059e-05,0.0008974064,0.0007551185
929,1.126138e-14,7.813671e-06,0.05723438,0.0,0.0003734913,0.000153972,0.0008246165
930,5.751424e-15,7.810078e-06,0.0304086,0.0,0.000609002,0.000870772,0.0007851085
931,4.82944e-15,6.85258e-06,0.03597448,0.0,0.0006618929,0.0008498059,0.0008719522
932,1.170042e-14,7.833937e-06,0.02447357,0.0,0.000803572,0.0003853182,0.000357234
933,4.522112e-15,6.875972e-06,0.03966765,0.0,0.0002508915,0.0005638986,0.0008246
934,8.210048e-15,7.818575e-06,0.03908074,0.0,0.000946372,0.0005000272,0.0003432419
935,4.895296e-15,7.242389e-06,0.03125,0.0,0.0002343205,0.0005193755,0.0009764136
936,1.683718e-14,7.057277e-06,0.07263027,0.0,0.0004463772,0.0008464784,0.000205575
937,5.663616e-15,7.869591e-06,0.0432388,0.0,4.951437e-05,0.000610428,0.0001918047
938,4.851392e-15,6.769906e-06,0.04791309,0.0,0.0001750059,0.0008410924,0.0008246033
939,7.485632e-15,7.781018e-06,0.02822468,0.0,0.000551572,0.0008973927,9.659648e-05
940,5.553856e-15,7.781e-06,0.05154678,0.0,0.0001385984,0.0007014035,0.000730772
941,6.409984e-15,7.016058e-06,0.01599459,0.0,0.000917235,0.0001890027,0.0006403158
942,1.181018e-14,7.7989e-06,0.02033887,0.0,0.000446611,0.000873572,0.0002839721
943,8.253952e-15,7.798325e-06,0.04530773,0.0,0.000839972,9.637554e-05,0.0007434021
944,3.248896e-15,7.81336e-06,0.03487754,0.0,0.000907228,0.0001417076,0.0005361961
945,1.843968e-15,6.98559e-06,0.05834504,0.0,0.0005899347,0.000847002,0.0002926
946,5.15872e-15,6.844945e-06,0.02551552,0.0,0.0002760412,0.0008050003,0.0001466977
947,3.446464e-15,6.840943e-06,0.06651635,0.0,0.000483,6.323034e-05,0.0008669053
948,6.541696e-15,7.214503e-06,0.03438628,0.0,0.0004916344,0.0006431132,0.0003323323
949,5.37824e-15,7.056294e-06,0.04864473,0.0,0.0009284371,0.0008500264,0.0004572866
950,1.944947e-14,8.334294e-06,0.02659797,0.0,0.000422828,0.000562772,0.0008276345
951,6.322176e-15,6.841952e-06,0.0354034,0.0,0.0009114047,0.0002957061,0.000234031
952,4.675776e-15,7.04499e-06,0.04396341,0.0,0.0004154963,0.000670585,0.0009427141
953,6.870976e-15,7.830971e-06,0.05011531,0.0,0.0004435005,0.000904372,0.0003343603
954,4.434304e-15,9.31641e-06,0.05578942,0.0,0.000246428,0.000971572,0.0009147023
955,8.56128e-15,7.816477e-06,0.03854597,0.0,0.0001669223,0.0005501989,0.000209972
956,1.200774e-14,7.879578e-06,0.03132825,0.0,0.0001324565,0.000540372,0.0003290119
957,3.446464e-15,7.799847e-06,0.06767963,0.0,3.523409e-05,5.459305e-05,0.000599172
958,5.356288e-15,7.81797e-06,0.04492995,0.0,0.0001696349,0.000728028,0.0002732305
959,3.490368e-15,7.060789e-06,0.05012254,0.0,0.000709569,0.0009396278,0.0001688789
960,4.17088e-15,7.799938e-06,0.06749986,0.0,0.0001607653,0.000377972,7.140654e-05
961,1.279802e-14,7.943848e-06,0.03108923,0.0,0.0004300999,3.559826e-06,0.000568372
962,5.027008e-15,7.81638e-06,0.03983431,0.0,0.0007184155,0.000949172,0.000387561
963,9.8784e-15,7.905295e-06,0.04531228,0.0,0.0008270755,0.000767228,0.0004947204
964,6.058752e-15,8.334033e-06,0.04625173,0.0,0.000590772,0.0008915678,5.628e-06
965,4.148928e-15,6.786896e-06,0.03786542,0.0,9.402787e-05,1.540262e-05,0.0002111675
966,1.554202e-14,7.818072e-06,0.06883937,0.0,0.000498372,0.0001752176,8.844753e-05
967,2.744e-15,7.063551e-06,0.04564285,0.0,0.0003827212,0.0001887678,0.0002475658
968,5.685568e-15,8.708266e-06,0.04298878,0.0,0.0005369355,0.000876372,0.0009160146
969,7.727104e-15,6.908981e-06,0.04509303,0.0,0.0005050781,0.0002032279,0.000491175
970,5.114816e-15,6.9697e-06,0.06848341,0.0,0.000438718,0.0002141936,0.0004914003
971,1.106381e-14,6.914328e-06,0.03594483,0.0,0.0002503564,0.0005476395,0.0009677076
972,9.197888e-15,7.887357e-06,0.05395241,0.0,8.1228e-05,4.848179e-05,0.0004687737
973,4.9392e-15,7.813431e-06,0.04508185,0.0,0.0001497887,0.0003958922,8.6772e-05
974,6.91488e-15,7.01622e-06,0.03867264,0.0,0.0005695737,0.0009091199,0.0009618
975,7.90272e-15,7.019278e-06,0.05670865,0.0,0.0005165995,0.0004432795,0.0009200328
976,4.3904e-15,7.089951e-06,0.05174806,0.0,0.0005731098,0.000589084,0.000186436
977,1.062477e-14,6.690072e-06,0.04656272,0.0,0.0001696236,0.0005894039,0.0008554054
978,3.885504e-15,7.813951e-06,0.04107319,0.0,0.0002670895,0.000971572,0.0005306014
979,9.65888e-15,8.320886e-06,0.04066166,0.0,0.000251972,0.000506772,0.0002757953
980,8.297856e-15,6.843948e-06,0.03919064,0.0,0.0003628161,0.0004188204,0.0001691689
981,1.734208e-15,6.786892e-06,0.06787915,0.0,0.0009139721,0.0005445969,0.0003628325
982,5.729472e-15,7.831746e-06,0.03042144,0.0,0.0009033122,0.000431228,0.0001640279
983,3.62208e-15,6.769883e-06,0.0735,0.0,0.0002366,0.0005526924,0.0009394056
984,4.236736e-15,8.335653e-06,0.05446062,0.0,0.000179228,0.000305172,7.444614e-05
985,8.7808e-15,6.853768e-06,0.03174353,0.0,0.0001386,0.0007185217,0.0002783691
986,7.178304e-15,7.797267e-06,0.04104477,0.0,0.000288428,0.0001416172,0.0008526105
987,8.188096e-15,8.73515e-06,0.02931443,0.0,0.000190428,0.000772828,0.000478772
988,2.765952e-15,6.482234e-06,0.0402226,0.0,0.0001861957,0.0004997982,0.0005753985
989,9.373504e-15,6.779434e-06,0.0292919,0.0,0.0001495704,0.0007011804,0.0002870028
990,5.970944e-15,7.801483e-06,0.04780209,0.0,0.0009282062,0.000352828,0.0002195559
991,9.944256e-15,8.334737e-06,0.04400862,0.0,0.000260428,0.000537628,0.0001663616
992,3.73184e-15,8.249668e-06,0.02747291,0.0,0.0009786,0.0008297852,0.000761572
993,2.1952e-15,7.753681e-06,0.02447926,0.0,0.0009786,0.000851228,0.000353967
994,7.266112e-15,7.401772e-06,0.02831761,0.0,0.000627228,0.0009786,0.000405904
995,8.583232e-15,6.885837e-06,0.04419417,0.0,0.0007489694,1.4e-06,5.043083e-05
996,1.161261e-14,6.532401e-06,0.03838724,0.0,0.0008759121,1.4e-06,0.0003266251
997,1.822016e-15,5.982782e-06,0.05630978,0.0,0.0009225922,0.0009786,1.582771e-05
998,3.73184e-15,7.425631e-06,0.05099522,0.0,0.000560028,0.000391972,0.0009786
999,1.690304e-15,6.845209e-06,0.0564344,0.0,0.0009058,0.0009786,2.864403e-06
1000,1.611277e-14,6.820658e-06,0.02961256,0.0,0.000386372,0.0004382373,0.0003070832
1001,5.04896e-15,7.330892e-06,0.04377279,0.0,0.0009202609,0.000907172,0.000795228
1002,4.807488e-15,7.262829e-06,0.04696544,0.0,0.000638372,0.0008946198,0.0003332352
1003,3.95136e-15,6.72759e-06,0.0654376,0.0,0.0001553906,0.000436828,8.260814e-05
1004,1.14809e-14,7.403099e-06,0.03278897,0.0,0.0004116291,0.0008708297,0.0001505669
1005,6.47584e-15,7.397648e-06,0.03572947,0.0,0.000571228,0.000937972,0.0001001467
1006,6.431936e-15,6.759784e-06,0.06592797,0.0,0.0002558843,4.7572e-05,0.0005445814
1007,3.534272e-15,6.401159e-06,0.05735543,0.0,0.0002709518,0.0005339029,0.0005581039
1008,8.89056e-15,7.678624e-06,0.03074704,0.0,0.000246428,0.000224028,2.2372e-05
1009,7.6832e-15,7.678226e-06,0.04069455,0.0,0.000921228,4.4828e-05,0.000515228
1010,3.226944e-15,5.971027e-06,0.07725989,0.0,0.0007098049,0.000927708,0.0004070893
1011,4.917248e-15,6.836479e-06,0.05191236,0.0,0.000299572,7.730701e-05,0.0005619051
1012,6.300224e-15,6.430907e-06,0.03212836,0.0,0.0005306,0.0009009485,9.176141e-05
1013,3.139136e-15,6.416279e-06,0.04796421,0.0,0.000301743,0.0009421878,0.0002806549
1014,3.665984e-15,6.419497e-06,0.04136914,0.0,0.0002366,0.0002890476,0.0007413406
1015,3.226944e-15,6.183281e-06,0.01785714,0.0,0.0001466979,0.0006685484,0.0007405966
1016,4.917248e-15,6.428438e-06,0.049074,0.0,0.0008861905,7.905068e-05,0.0007413569
1017,1.624448e-15,6.385757e-06,0.05191551,0.0,1.185243e-05,0.0008829169,0.0007382985
1018,8.736896e-15,7.066868e-06,0.06189809,0.0,0.0003745468,0.000691572,0.00073856
1019,1.778112e-15,5.974774e-06,0.07460177,0.0,0.0001054986,0.0006874,0.0007381109
1020,4.083072e-15,6.976381e-06,0.02513233,0.0,0.0001322489,3.3628e-05,9.709938e-05
1021,3.029376e-15,6.421683e-06,0.04211305,0.0,0.000863048,0.0004025439,0.000286978
1022,1.492736e-15,5.718927e-06,0.01434219,0.0,0.000413,0.0005330817,0.0009786
1023,6.47584e-15,7.318447e-06,0.04773787,0.0,0.000277172,5.0372e-05,0.000905307
1024,2.392768e-15,6.802489e-06,0.05282353,0.0,0.0004694958,0.0005362068,5.3172e-05
1025,6.278272e-15,6.648318e-06,0.03129307,0.0,0.0002821494,0.0009442513,0.0007329476
1026,8.188096e-15,6.753443e-06,0.02980545,0.0,0.0003346,0.000862372,0.0002726871
1027,1.295168e-15,6.19562e-06,0.05804829,0.0,0.0001305163,0.0003857566,0.0009786
1028,3.578176e-15,6.116816e-06,0.04192318,0.0,0.0002821371,0.0001554,0.000917
1029,5.861184e-15,6.425971e-06,0.04198771,0.0,0.0006321495,0.0003177994,0.0002694468
1030,6.739264e-15,6.133675e-06,0.08330573,0.0,0.0009365897,0.0002282118,0.0005873547
1031,6.080704e-15,6.930674e-06,0.04878053,0.0,0.0002429499,0.000420028,8.789098e-05
1032,4.566016e-15,6.833965e-06,0.02775368,0.0,0.0004573057,0.000666428,0.0003013151
1033,2.809856e-15,6.429329e-06,0.01041667,0.0,0.000462647,0.0007329546,0.0001246
1034,3.424512e-15,6.753728e-06,0.04481264,0.0,0.000520772,0.0008886857,0.0005054
1035,6.25632e-15,6.132511e-06,0.03262816,0.0,0.0009274464,0.000133,8.819814e-05
1036,1.843968e-15,6.830884e-06,0.05461796,0.0,0.0002398898,0.000433972,0.0008830932
1037,6.102656e-15,7.282862e-06,0.05800556,0.0,9.8028e-05,5.628e-06,6.82925e-05
1038,6.409984e-15,7.390961e-06,0.0503151,0.0,0.000436772,0.000590772,0.0001309447
1039,6.058752e-15,6.80338e-06,0.04594231,0.0,0.0004069015,1.6828e-05,0.0005837868
1040,6.761216e-15,6.90299e-06,0.03673418,0.0,0.0007405932,0.000448028,0.0002485521
1041,2.173248e-15,7.283229e-06,0.07316254,0.0,0.000405972,0.000198772,0.0007738901
1042,9.373504e-15,6.532003e-06,0.0125,0.0,0.0008994516,0.0002302582,0.0005412821
1043,1.86592e-15,6.80206e-06,0.06176695,0.0,0.0005194,0.000551572,0.0004106945
1044,3.204992e-15,7.06379e-06,0.06392156,0.0,0.0007049518,4.4828e-05,0.0007090524
1045,3.18304e-15,6.046206e-06,0.04660018,0.0,0.0004329124,0.0001746959,0.0001418992
1046,3.929408e-15,6.129935e-06,0.03309782,0.0,0.000903,0.0004249509,0.0001414056
1047,3.687936e-15,6.131671e-06,0.061208,0.0,0.0008974186,0.0004549998,0.0001421525
1048,2.239104e-15,6.719974e-06,0.07302737,0.0,0.0009589995,0.0009422027,0.000870772
1049,6.827072e-15,6.663859e-06,0.041198,0.0,0.0006474462,0.0009302402,0.0008658395
1050,9.43936e-16,6.753163e-06,0.04639043,0.0,1.4e-06,0.0002530884,8.6772e-05
1051,6.278272e-15,7.283776e-06,0.05091797,0.0,0.000711172,0.000635572,0.0003209136
1052,7.749056e-15,7.283529e-06,0.0342683,0.0,0.000320912,0.000954772,0.000321972
1053,2.08544e-15,6.194839e-06,0.03049419,0.0,5.211964e-05,0.0009261542,0.0002309862
1054,4.60992e-15,6.465403e-06,0.06646879,0.0,0.00090935,0.0008182513,0.0007857096
1055,1.953728e-15,6.470718e-06,0.05083633,0.0,0.0009653504,0.0006961237,0.0006978494
1056,6.563648e-15,6.756395e-06,0.05184453,0.0,0.0003681879,0.000341628,0.0002278736
1057,3.248896e-15,6.973774e-06,0.05911991,0.0,0.000387056,0.000476028,0.000326701
1058,3.907456e-15,6.426777e-06,0.04134309,0.0,0.0003310487,0.0004942,0.0003842474
1059,5.839232e-15,6.423249e-06,0.04596226,0.0,0.0001854476,0.0005214539,0.0002225968
1060,5.26848e-15,7.066419e-06,0.03962907,0.0,0.0004977484,0.000557172,0.0003814427
1061,1.112966e-14,6.97545e-06,0.03352048,0.0,0.000453572,0.0005497021,0.0006502501
1062,6.14656e-15,7.062557e-06,0.04458344,0.0,0.000697172,0.0004878504,0.0002177467
1063,7.200256e-15,6.933455e-06,0.04030757,0.0,0.000694372,0.000973752,0.0003342813
1064,3.358656e-15,6.53323e-06,0.04594571,0.0,4.544678e-05,4.389855e-05,0.0004753522
1065,2.019584e-15,5.836833e-06,0.04969517,0.0,0.0003429984,0.0004126862,0.0003377119
1066,3.600128e-15,6.195054e-06,0.02919165,0.0,0.0009414417,0.0004214,0.0002110893
1067,7.661248e-15,7.071233e-06,0.079,0.0,0.0003310319,0.000912828,0.0005298508
1068,5.070912e-15,6.90213e-06,0.05083664,0.0,0.0009386498,0.000957628,7.140255e-05
1069,3.863552e-15,5.425025e-06,0.04419417,0.0,0.0009030037,0.000970192,7.139948e-05
1070,2.787904e-15,6.427282e-06,0.05756962,0.0,0.0001953542,0.0008505503,0.0002086047
1071,4.851392e-15,6.80478e-06,0.04549225,0.0,4.618555e-05,9.889728e-05,0.000520828
1072,6.541696e-15,6.437043e-06,0.05380745,0.0,0.0005921887,0.0008462477,0.0008350333
1073,3.07328e-15,6.202852e-06,0.04926409,0.0,0.0004802,9.971102e-05,0.000973767
1074,3.270848e-15,6.903606e-06,0.05646369,0.0,0.000223972,1.4e-06,0.0006657535
1075,1.04711e-14,8.722497e-06,0.06274945,0.0,0.000388539,0.000265972,8.15894e-05
1076,6.86e-14,1.003533e-05,0.03029107,0.0,0.0004692782,0.000565572,0.0008781947
1077,7.112448e-15,6.285039e-06,0.05807578,0.0,0.0004101953,0.0009722257,0.0002967057
1078,1.014182e-14,8.801292e-06,0.03798767,0.0,0.000308028,0.000436772,0.0003093947
1079,1.126138e-14,8.757965e-06,0.04882673,0.0,0.000235228,0.000896028,0.000506828
1080,3.556224e-15,7.073495e-06,0.06226188,0.0,0.0003639531,0.0002520352,6.9972e-05
1081,2.41472e-15,5.560272e-06,0.05335037,0.0,0.00017703,0.0005165995,0.0005642
1082,1.15687e-14,7.083981e-06,0.06222304,0.0,0.000431228,0.000957628,0.000265972
1083,5.619712e-15,6.318124e-06,0.0379427,0.0,0.000126028,0.0005214345,0.0007713844
1084,4.71968e-15,7.081521e-06,0.02533027,0.0,0.000450828,0.000764372,0.000702772
1085,4.60992e-15,6.80245e-06,0.0450017,0.0,0.0004150395,0.000912828,0.000336028
1086,9.98816e-15,8.335695e-06,0.0596722,0.0,0.000302372,3.0828e-05,0.0005840465
1087,4.478208e-15,6.800949e-06,0.0405167,0.0,0.000204428,0.000753172,0.0002737602
1088,2.787904e-15,7.078772e-06,0.05839264,0.0,0.000126028,0.000383572,0.000347228
1089,1.580544e-15,6.663536e-06,0.06832978,0.0,0.000470428,0.000153972,7.978457e-05
1090,3.95136e-15,7.077727e-06,0.0850754,0.0,0.000204372,0.000781172,0.000420028
1091,5.773376e-15,6.307688e-06,0.05801901,0.0,0.0003962,0.000467572,0.0008673556
1092,4.039168e-15,6.662349e-06,0.05574354,0.0,0.000442372,0.0005726,0.000893172
1093,4.192832e-15,6.308554e-06,0.03860026,0.0,0.000167972,0.0005446,0.000755359
1094,1.909824e-15,5.84325e-06,0.03787471,0.0,0.0005229609,3.296385e-05,1.4e-06
1095,3.07328e-15,5.613077e-06,0.02859099,0.0,0.0002849658,2.906497e-05,0.0005530007
1096,2.85376e-15,5.893707e-06,0.06134684,0.0,0.0001533634,0.0005617355,0.0005537645
1097,4.456256e-15,6.311571e-06,0.03940734,0.0,0.000450772,0.0004690179,0.0005509654
1098,2.765952e-15,6.208216e-06,0.07760247,0.0,0.000414428,0.000217506,0.0009786
1099,2.831808e-15,6.310583e-06,0.04031853,0.0,0.0006397984,0.000840028,0.0006853634
1100,1.668352e-15,5.553275e-06,0.0125,0.0,0.000457796,0.0005341729,1.4e-06
1101,5.04896e-16,5.262286e-06,0.07185501,0.0,0.0003489291,0.0006737308,1.4e-06
1102,8.56128e-16,5.254315e-06,0.04665853,0.0,0.0005421295,0.0009082815,1.4e-06
1103,1.734208e-15,6.662277e-06,0.03125,0.0,0.000599172,0.000940772,1.4e-06
1104,2.392768e-15,6.159574e-06,0.0395136,0.0,0.00058907,0.0002365975,0.000974428
1105,3.424512e-15,6.200659e-06,0.04704094,0.0,4.094276e-05,0.0001389397,0.000548772
1106,2.590336e-15,6.477497e-06,0.04794105,0.0,0.000226772,0.0005046352,0.0005438381
1107,3.600128e-15,6.312419e-06,0.03604241,0.0,0.0001833873,0.000470428,0.0005438327
1108,6.168512e-15,6.282458e-06,0.02491595,0.0,0.000613228,0.0008773054,0.0003322961
1109,4.105024e-15,6.688552e-06,0.02041448,0.0,0.000487228,0.0003650712,0.000968828
1110,1.404928e-15,5.610812e-06,0.04607951,0.0,0.0001529235,0.0005810062,0.0005425681
1111,2.897664e-15,5.547433e-06,0.02481437,0.0,0.0005690333,0.0009393893,0.0009674009
1112,1.584934e-14,6.689873e-06,0.04064004,0.0,0.000558263,0.000943572,1.6772e-05
1113,5.37824e-15,6.689734e-06,0.01127899,0.0,0.000184772,0.0007402638,0.000688828
1114,3.687936e-15,6.312361e-06,0.05681443,0.0,0.0009429672,0.000271572,0.0005613988
1115,9.54912e-15,6.316685e-06,0.0172589,0.0,0.0003514027,0.0001589766,2.5172e-05
1116,1.931776e-15,5.84138e-06,0.03473457,0.0,0.0004998,0.000105758,0.000693764
1117,3.644032e-15,6.161007e-06,0.04428643,0.0,0.0009201364,0.000198772,0.0006846015
1118,2.392768e-15,6.243592e-06,0.03259145,0.0,3.550546e-05,0.000180267,0.000537572
1119,3.007424e-15,6.344483e-06,0.07729695,0.0,0.000164137,2.8028e-05,0.0009597632
1120,1.843968e-15,5.694572e-06,0.0573552,0.0,0.0004712934,0.00017779,0.0009569699
1121,1.86592e-15,6.242217e-06,0.05729769,0.0,0.0002705248,0.000268772,3.449353e-05
1122,4.412352e-15,6.396008e-06,0.03966335,0.0,0.000641228,0.0004081668,0.0003407341
1123,3.380608e-15,6.208507e-06,0.0112615,0.0,0.0006761939,0.000582428,0.0009500931
1124,1.668352e-15,6.310746e-06,0.05977243,0.0,0.0004738362,0.000585172,0.0009478
1125,2.217152e-15,5.689986e-06,0.03649422,0.0,0.000446611,0.0006026361,0.0003407069
1126,3.468416e-15,5.607563e-06,0.01056342,0.0,0.0005229628,0.0001078043,0.0006982726
1127,2.722048e-15,6.800197e-06,0.04316866,0.0,0.000109172,0.000588028,0.0003226355
1128,2.809856e-15,5.843483e-06,0.02761865,0.0,0.0004641606,9.805517e-06,0.0009470355
1129,6.892928e-15,6.159768e-06,0.03160953,0.0,0.0005586,0.000786772,0.0009453309
1130,4.039168e-15,5.745084e-06,0.03847663,0.0,0.0004714782,0.0006851069,0.000339432
1131,1.185408e-15,5.898293e-06,0.06474383,0.0,6.332312e-05,0.0008266286,4.696891e-05
1132,2.436672e-15,6.160688e-06,0.07527334,0.0,0.000330372,0.000731865,0.0003401951
1133,3.40256e-15,5.134904e-06,0.03978674,0.0,0.0004605953,0.000735007,0.0005253324
1134,4.355277e-14,9.215554e-06,0.04423493,0.0,0.000417172,0.000167972,0.000940828
1135,4.324544e-15,5.849481e-06,0.05731275,0.0,0.0002737707,0.0001553874,0.0009429631
1136,1.97568e-15,5.553633e-06,0.04968179,0.0,0.0004606124,0.0006790072,0.0003213732
1137,1.163456e-15,6.122394e-06,0.06564997,0.0,0.000853972,1.4e-06,0.0005726034
1138,2.897664e-15,6.312795e-06,0.05126788,0.0,0.0006601682,0.000926772,0.0003401976
1139,5.905088e-15,7.076546e-06,0.0448168,0.0,0.000484428,0.000128828,5.8772e-05
1140,2.239104e-15,6.478391e-06,0.03904264,0.0,0.000842772,0.0008505636,0.0009373653
1141,1.822016e-15,5.360462e-06,0.07211301,0.0,0.0002929316,0.0004049256,0.0003209299
1142,2.787904e-15,6.478154e-06,0.03494475,0.0,0.000459172,0.000774964,0.0009345643
1143,1.514688e-15,5.839945e-06,0.05325727,0.0,0.0008869567,0.0002702033,0.0003213632
1144,3.358656e-15,6.688064e-06,0.02591151,0.0,0.000893172,0.000929628,0.0006786743
1145,3.446464e-15,6.688874e-06,0.0625,0.0,0.000431172,0.000929628,0.0003181308
1146,6.69536e-15,5.613286e-06,0.03125,0.0,0.0009337934,0.0004766304,6.61266e-05
1147,1.822016e-15,5.848309e-06,0.0574701,0.0,0.0001666,5.256615e-05,6.783386e-05
1148,8.7808e-16,6.122396e-06,0.04313437,0.0,0.0009786,0.000831572,0.0006789959
1149,2.678144e-15,6.798674e-06,0.06029491,0.0,0.0004906399,0.000120372,7.2772e-05
1150,2.941568e-15,6.20585e-06,0.02759299,0.0,0.0008997013,0.000305172,0.0003430086
1151,1.53664e-15,5.609913e-06,0.04943388,0.0,0.0008582,0.000319835,0.0003433286
1152,3.029376e-15,6.347445e-06,0.02759397,0.0,0.000557172,0.0009429675,7.454222e-05
1153,5.37824e-15,6.690427e-06,0.03935532,0.0,0.0005589404,0.000719572,0.000515172
1154,1.97568e-15,5.66596e-06,0.03882336,0.0,0.0004742757,0.0007062354,0.0005141242
1155,1.97568e-15,6.239301e-06,0.04764528,0.0,0.000323726,6.1572e-05,0.0009249035
1156,1.734208e-15,6.159269e-06,0.07555649,0.0,0.000204372,0.0008946,0.0003146713
1157,2.019584e-15,6.47768e-06,0.04924918,0.0,0.000557172,0.0008953635,8.056362e-05
1158,8.868608e-15,7.285003e-06,0.04293361,0.0,0.000526372,0.000680428,0.0003146784
1159,6.892928e-15,6.386388e-06,0.03034171,0.0,0.0004501645,0.0006375053,0.000344372
1160,3.007424e-15,6.12241e-06,0.06523903,0.0,0.0003401996,0.000909972,0.0005082075
1161,3.578176e-15,6.15628e-06,0.03705086,0.0,0.000439572,0.000147,0.0005834851
1162,4.346496e-15,6.480685e-06,0.04136751,0.0,0.000377972,0.0005761686,0.0009134343
1163,8.385664e-15,6.974842e-06,0.06416665,0.0,0.0003689378,0.0002948864,8.6828e-05
1164,3.314752e-15,6.797772e-06,0.03267385,0.0,0.000299572,0.0009526425,0.000506772
1165,8.956416e-15,6.475922e-06,0.04104635,0.0,0.0001561578,5.8772e-05,0.0006782349
1166,3.644032e-15,6.341939e-06,0.06632807,0.0,0.000512428,0.0001277203,0.0007133649
1167,1.519078e-14,6.72117e-06,0.05007589,0.0,0.0004438007,0.0007181821,0.000498428
1168,2.019584e-15,6.341134e-06,0.02751953,0.0,0.0009698835,0.000806428,0.0006754354
1169,1.053696e-15,6.193763e-06,0.05655706,0.0,0.0002782744,0.0002026747,0.000103572
1170,6.849024e-15,8.814892e-06,0.03874526,0.0,9.2372e-05,3.756381e-05,0.000498372
1171,2.392768e-15,6.311403e-06,0.0811508,0.0,0.0008434348,0.000879228,0.0005866
1172,5.488e-15,6.122395e-06,0.02499495,0.0,0.000856772,0.0003177972,0.0003093974
1173,9.43936e-16,6.662277e-06,0.03314086,0.0,0.0009786,0.000358372,0.000106372
1174,4.631872e-15,6.199329e-06,0.04664157,0.0,0.000302372,0.0002901295,0.0005890533
1175,4.961152e-15,6.308967e-06,0.05879975,0.0,0.000470372,0.0008098402,0.0009002122
1176,7.46368e-15,6.801092e-06,0.03654463,0.0,0.000828828,0.0002666329,0.000349972
1177,3.8416e-15,6.798416e-06,0.03940559,0.0,1.9572e-05,0.000884772,0.0005901594
1178,1.931776e-15,6.344632e-06,0.0512395,0.0,0.0002565337,8.1172e-05,0.000896635
1179,5.070912e-15,6.689969e-06,0.053702,0.0,0.000148428,0.0001438624,0.000114772
1180,5.04896e-15,6.475403e-06,0.03206356,0.0,0.000349972,0.0006433617,0.00089384
1181,1.690304e-15,5.671898e-06,0.04852338,0.0,0.0003545303,0.0005645268,0.0005929682
1182,8.34176e-15,7.076546e-06,0.04474535,0.0,0.000590772,0.000937972,0.000117572
1183,1.025158e-14,6.314321e-06,0.03952508,0.0,0.000674828,0.0009569715,0.0001162034
1184,3.18304e-15,6.311564e-06,0.02787799,0.0,1.6772e-05,9.863447e-05,0.0001189942
1185,3.358656e-15,5.617683e-06,0.06195532,0.0,0.0006202077,0.0008053316,0.0008897725
1186,2.656192e-15,6.311572e-06,0.07106662,0.0,0.0005998344,0.000870772,0.0003485972
1187,4.544064e-15,6.312619e-06,0.032645,0.0,0.000579572,0.0008917935,0.0001225678
1188,1.119552e-15,5.263058e-06,0.04666796,0.0,0.0008753309,0.0008830699,0.0004829956
1189,1.273216e-15,5.673833e-06,0.04176079,0.0,0.00046866,0.0005802326,0.0001249242
1190,1.339072e-15,6.192373e-06,0.08036043,0.0,0.0004630771,0.0007353214,0.000674772
1191,1.049306e-14,7.076546e-06,0.05430532,0.0,0.000338772,0.000179172,0.000884772
1192,6.91488e-15,6.802934e-06,0.02624644,0.0,0.000386372,3.6372e-05,0.0001309723
1193,1.778112e-15,5.135217e-06,0.03810676,0.0,0.0005922057,0.0003090672,0.0003513942
1194,3.424512e-15,6.719807e-06,0.04266253,0.0,5.3172e-05,0.000926772,0.0001334885
1195,2.919616e-15,5.253816e-06,0.02223338,0.0,0.0005305982,0.0005694749,0.0008781221
1196,4.71968e-15,5.900678e-06,0.02508948,0.0,0.0005225286,0.0005270277,0.0008785695
1197,2.744e-15,5.541985e-06,0.02767923,0.0,0.0001414089,0.000672639,0.000721
1198,1.42688e-15,6.686868e-06,0.05508959,0.0,0.000795172,0.000972682,0.000475972
1199,8.45152e-15,6.343987e-06,0.05,0.0,0.0004514324,0.000229572,0.0004742756
1200,1.31712e-15,5.854862e-06,0.04606763,0.0,0.0008630295,1.4e-06,0.0006041716
1201,7.814912e-15,7.800686e-06,0.02819365,0.0,0.000812028,0.0007294092,0.0004692392
1202,6.563648e-15,6.122392e-06,0.03415409,0.0,0.0003206,0.000131572,0.0008693979
1203,1.229312e-15,5.547674e-06,0.03060626,0.0,0.000878567,1.4e-06,0.0006062009
1204,3.863552e-15,6.195649e-06,0.04921893,0.0,0.0001445406,0.000607572,0.0008669186
1205,3.314752e-15,5.851421e-06,0.04327049,0.0,0.0003758329,0.0007462058,0.0004669698
1206,3.687936e-15,6.662278e-06,0.0512869,0.0,0.000456428,0.000767228,0.0001470028
1207,3.665984e-15,5.691596e-06,0.07802076,0.0,0.000513034,0.0001251069,0.0007266009
1208,3.885504e-15,6.312721e-06,0.06908055,0.0,0.000540372,0.0004661945,0.000353432
1209,2.397158e-14,9.030213e-06,0.04510744,0.0,0.000722428,0.000338828,0.0001507966
1210,2.436672e-15,5.956106e-06,0.04746292,0.0,0.0007062333,0.0008923069,0.0001533668
1211,4.17088e-15,5.849879e-06,0.06016165,0.0,0.0005285665,9.17681e-05,0.0006089958
1212,5.905088e-15,9.038988e-06,0.06078057,0.0,0.000442372,0.000123172,0.0001535965
1213,1.602496e-15,6.310359e-06,0.05277225,0.0,0.0002918371,0.0009645975,0.000459228
1214,2.897664e-15,6.387557e-06,0.05780581,0.0,0.000912772,0.0009511106,0.0004613636
1215,2.392768e-15,5.608718e-06,0.06651585,0.0,0.0004745959,0.0008634747,0.000296165
1216,2.919616e-15,6.799007e-06,0.0595451,0.0,0.0008322389,0.000319228,0.000156828
1217,1.229312e-15,5.889361e-06,0.06407998,0.0,0.0008673588,0.000331474,0.0001574336
1218,7.24416e-16,5.893984e-06,0.05651395,0.0,0.0007790357,0.0003545243,0.0001574312
1219,3.204992e-15,6.79817e-06,0.079,0.0,0.000265972,0.0009722414,0.000453572
1220,3.358656e-15,5.551232e-06,0.0411729,0.0,0.0007518127,0.0008806088,0.0004514294
1221,1.558592e-15,6.080754e-06,0.06783745,0.0,0.0003226359,1.056835e-05,0.000853368
1222,1.361024e-14,7.076546e-06,0.0497002,0.0,0.000806428,0.000946372,0.000165172
1223,2.08544e-15,6.662277e-06,0.0550939,0.0,0.000876428,0.0009786,0.000291228
1224,3.18304e-15,5.610413e-06,0.03377227,0.0,0.0003598039,0.0009485674,0.0002922758
1225,2.985472e-15,5.892338e-06,0.05,0.0,0.0002761309,0.0009246367,0.0002933645
1226,2.897664e-15,6.724405e-06,0.03278435,0.0,0.000617908,0.000806428,0.000848372
1227,7.705152e-15,6.486414e-06,0.02225576,0.0,0.000862372,0.0008701878,0.0004473601
1228,5.334336e-15,6.160693e-06,0.03450461,0.0,0.000839972,0.0002953972,0.000172535
1229,1.53664e-15,6.157068e-06,0.07606855,0.0,0.0009058012,0.0008669186,0.000445172
1230,2.678144e-15,6.242364e-06,0.07624325,0.0,0.000350028,0.0004777322,0.0008408978
1231,2.568384e-15,6.662278e-06,0.03668244,0.0,0.000800772,6.299729e-05,0.000445172
1232,1.440051e-14,8.570534e-06,0.02358552,0.0,0.000341628,0.0006463829,0.0006172193
1233,4.544064e-15,6.197548e-06,0.03119473,0.0,0.0004658556,0.000613172,0.0001781236
1234,5.180672e-15,7.076546e-06,0.04118528,0.0,0.000198772,0.000548828,0.000834428
1235,1.185408e-15,6.383897e-06,0.05509372,0.0,0.0006054406,0.000876372,0.0008324957
1236,7.046592e-15,6.477559e-06,0.03915037,0.0,0.000313572,0.000500561,0.0001869659
1237,5.992896e-15,6.159684e-06,0.021966,0.0,0.000585172,0.0005641956,0.0001865305
1238,6.69536e-15,6.158335e-06,0.03115644,0.0,0.0004238756,0.000901628,0.0001862034
1239,2.458624e-15,6.122415e-06,0.05054898,0.0,0.0004465917,3.9228e-05,0.0001917982
1240,2.700096e-15,5.676892e-06,0.02315524,0.0,0.000278261,0.0005925347,0.0008253672
1241,4.60992e-15,6.313162e-06,0.02030085,0.0,0.000296169,0.000576772,0.0008246018
1242,1.887872e-15,5.257439e-06,0.04516506,0.0,0.0003429944,0.0008781285,0.0007346759
1243,6.5856e-15,5.846657e-06,0.03125,0.0,0.000307366,0.0001805903,0.0008238363
1244,1.558592e-15,5.615388e-06,0.04002733,0.0,8.820066e-05,0.0007622276,0.0004301258
1245,8.758848e-15,8.325811e-06,0.03141294,0.0,0.000901628,0.000393391,0.000193172
1246,3.797696e-15,5.68723e-06,0.03862712,0.0,0.000886206,0.0002063067,0.0006250394
1247,1.492736e-15,5.692254e-06,0.04148887,0.0,0.0006952931,0.0002946332,0.0002869985
1248,3.73184e-15,6.662281e-06,0.0336525,0.0,0.000316372,0.0009422044,0.000666372
1249,3.270848e-15,6.158738e-06,0.03125,0.0,0.000454999,0.000531972,0.0004273262
1250,6.651456e-15,7.076546e-06,0.04295308,0.0,0.000181972,0.000476028,0.000820372
1251,3.62208e-15,6.122403e-06,0.06651782,0.0,6.1628e-05,0.0004550061,0.0006286
1252,3.51232e-15,5.614524e-06,0.01569545,0.0,0.0004357299,0.000561401,0.0004221697
1253,1.361024e-14,8.212197e-06,0.04237286,0.0,0.0003486,0.0005790753,0.0008124116
1254,2.436672e-15,6.311126e-06,0.04878164,0.0,0.000646772,0.0004613646,0.0008134058
1255,2.744e-15,8.348787e-06,0.02369818,0.0,1.4e-06,0.0008106038,0.0002092511
1256,1.229312e-14,9.311031e-06,0.02998678,0.0,0.000364028,0.000100828,0.00081667
1257,2.283008e-15,6.158793e-06,0.03478561,0.0,0.000344428,0.0009786,0.0002810735
1258,6.431936e-15,6.158426e-06,0.05186529,0.0,0.0005837984,0.000851228,0.0008074751
1259,2.875712e-15,6.345406e-06,0.07816992,0.0,0.000655172,0.0009033356,0.000360566
1260,8.34176e-16,5.615036e-06,0.06270177,0.0,0.0004053728,1.4e-06,0.0004182761
1261,4.741632e-15,6.122524e-06,0.015625,0.0,0.0003345806,0.000156772,0.000807803
1262,3.117184e-15,5.893556e-06,0.01515848,0.0,0.0005957675,0.0005746356,0.0002089257
1263,4.126976e-15,6.669997e-06,0.06211891,0.0,0.000680372,0.000545972,0.0002114229
1264,2.30496e-15,6.208495e-06,0.06477167,0.0,0.0008783069,7.5572e-05,0.0006342016
1265,5.246528e-15,6.80235e-06,0.03521646,0.0,0.000109172,0.000641172,0.0008014293
1266,7.968576e-15,6.800032e-06,0.05488137,0.0,0.000260372,0.000562164,0.000800828
1267,3.248896e-15,6.312214e-06,0.05051793,0.0,0.0007714083,0.000498428,0.0002149669
1268,8.210048e-15,8.841226e-06,0.05631701,0.0,0.000419972,0.0008782061,0.000215628
1269,2.041536e-15,5.617301e-06,0.05067851,0.0,0.0001354591,0.0009589986,0.0002134319
1270,5.839232e-15,5.550856e-06,0.03673504,0.0,0.0009526296,0.0003010006,0.000362601
1271,2.107392e-15,6.157365e-06,0.01515848,0.0,0.00039652,0.0009786,0.000739228
1272,6.5856e-15,7.076546e-06,0.04832377,0.0,0.000425572,0.000503972,0.000408772
1273,3.468416e-15,6.312714e-06,0.02935508,0.0,9.583198e-05,0.000324828,0.0002198045
1274,1.229312e-15,5.689326e-06,0.05092009,0.0,0.0001637951,0.000515836,0.0007971056
1275,3.973312e-15,6.689484e-06,0.04892846,0.0,0.000159572,0.000484372,0.0007969346
1276,2.283008e-15,5.541899e-06,0.03262479,0.0,0.000805,0.0001638,0.0007973609
1277,6.651456e-15,6.240631e-06,0.02339641,0.0,0.0004882748,8.9572e-05,0.0007960988
1278,5.04896e-15,5.951739e-06,0.04065898,0.0,0.000143436,0.0007019019,0.0007945656
1279,4.126976e-15,6.342129e-06,0.03821056,0.0,0.000921172,0.0008785619,0.0004021283
1280,3.18304e-15,6.158734e-06,0.04839191,0.0,0.000291172,0.0001329983,0.0007941262
1281,5.114816e-15,6.122409e-06,0.05774259,0.0,6.860677e-05,0.000680372,0.0004018029
1282,2.261056e-15,6.345297e-06,0.05321166,0.0,0.000313572,0.0009233655,0.0002789362
1283,4.258688e-15,6.351631e-06,0.04019292,0.0,6.657931e-05,0.000565628,0.0002250638
1284,6.36608e-15,6.341671e-06,0.01539971,0.0,0.000593572,0.000907837,0.0007885233
1285,3.029376e-15,6.075672e-06,0.04419417,0.0,0.0004361625,0.000563433,0.0003997617
1286,3.358656e-15,5.606254e-06,0.05673753,0.0,0.0005005659,0.0005529947,0.0003986837
1287,1.009792e-15,6.122417e-06,0.03094858,0.0,0.000977172,0.0004270073,0.0003990048
1288,4.807488e-15,6.47923e-06,0.04011102,0.0,0.000285572,0.0004626325,0.0002302366
1289,2.239104e-15,5.669098e-06,0.04508994,0.0,6.333016e-05,4.54348e-05,0.0006429259
1290,1.040525e-14,6.690459e-06,0.03242922,0.0,8.225941e-05,0.000604828,0.000232372
1291,3.07328e-15,5.609697e-06,0.02755999,0.0,0.0004805239,0.000525,0.0003969667
1292,5.400192e-15,6.310231e-06,0.03122206,0.0,0.0004549949,0.000495572,0.0003969626
1293,1.558592e-15,5.390366e-06,0.08646216,0.0,0.0009341238,0.0005395069,0.0003933992
1294,3.40256e-15,5.611035e-06,0.03125,0.0,0.0003289934,0.0007710781,0.0002373691
1295,1.843968e-15,5.609865e-06,0.02984564,0.0,0.0009786,0.0002446766,0.0006446329
1296,3.775744e-15,6.198758e-06,0.04974307,0.0,0.000509572,0.0007682544,0.000275472
1297,2.151296e-15,5.896321e-06,0.04280016,0.0,0.0005337224,0.0007650298,0.0002750327
1298,5.027008e-15,6.122459e-06,0.05228727,0.0,0.0001217874,9.5172e-05,0.0003906062
1299,4.478208e-15,6.478543e-06,0.04856211,0.0,0.0001294353,0.000663572,0.0002750355
1300,3.18304e-15,6.721382e-06,0.05660864,0.0,0.000831572,7.5572e-05,0.0007802953
1301,1.492736e-15,6.476148e-06,0.04946098,0.0,0.000103572,0.0006390393,0.0002765628
1302,2.283008e-15,6.721918e-06,0.0587045,0.0,0.000831572,0.000755972,0.0007765024
1303,7.397824e-15,6.800377e-06,0.01332772,0.0,0.000372372,0.000792372,0.000242965
1304,1.382976e-15,4.824087e-06,0.05665973,0.0,0.0009477961,0.0001694,0.0007489963
1305,3.73184e-15,6.80071e-06,0.04311137,0.0,0.000887628,0.000280028,0.000244234
1306,4.631872e-15,6.687187e-06,0.05442497,0.0,0.000618772,0.000198772,0.0007486799
1307,5.444096e-15,6.477829e-06,0.05691312,0.0,0.0005061624,0.000523572,0.0003842349
1308,3.863552e-15,6.312313e-06,0.03460637,0.0,0.000895972,0.0009317672,0.0002450019
1309,4.017216e-15,6.797654e-06,0.04681173,0.0,0.0001673572,0.000517972,0.000775572
1310,2.458624e-15,6.157065e-06,0.03462768,0.0,0.0002362816,0.0008666085,0.000772772
1311,1.97568e-15,5.242629e-06,0.05469137,0.0,0.0003237162,0.0003874855,0.0003654
1312,2.129344e-15,6.159544e-06,0.07298202,0.0,0.0009369298,0.000848372,0.0007714061
1313,7.79296e-15,6.687632e-06,0.04070956,0.0,0.000302428,0.000467572,0.000365077
1314,1.909824e-15,5.704583e-06,0.04050453,0.0,0.0003457962,0.0004738177,0.0003659069
1315,2.30496e-15,6.208503e-06,0.07985374,0.0,0.000713972,0.0005104931,0.000250595
1316,3.248896e-15,6.208497e-06,0.06379159,0.0,0.0003345971,0.000834372,0.0007663069
1317,2.480576e-15,6.310009e-06,0.03884418,0.0,0.000624372,0.0007630059,0.0007650379
1318,1.04272e-14,6.15699e-06,0.03128484,0.0,0.0004217181,0.0008918092,0.000649628
1319,3.775744e-15,6.312029e-06,0.03592485,0.0,0.0006153666,0.000786772,0.0007629998
1320,5.04896e-15,6.688662e-06,0.06533442,0.0,0.000515172,0.0006569294,0.000364028
1321,1.75616e-15,6.311215e-06,0.06221333,0.0,0.000865228,7.216479e-05,0.0007630015
1322,3.18304e-15,6.122432e-06,0.04992044,0.0,0.0002142095,0.000879228,0.0007602054
1323,1.931776e-15,6.307917e-06,0.06407934,0.0,0.000587972,0.0008294423,0.0002702
1324,4.324544e-15,6.805976e-06,0.07276993,0.0,0.0009134191,0.000812028,0.000761572
1325,1.53664e-15,6.122408e-06,0.05820246,0.0,0.0001217986,0.000809172,0.000373807
1326,2.019584e-15,5.856252e-06,0.03264424,0.0,0.000527807,0.0007385777,0.0002709664
1327,3.380608e-15,6.721448e-06,0.02605543,0.0,0.0001325044,0.000548828,0.000761572
1328,6.629504e-15,6.242572e-06,0.04372315,0.0,0.0007073383,0.000476028,0.0002641013
1329,2.063488e-15,5.890148e-06,0.03224733,0.0,0.0007353248,0.0004906372,0.0002653642
1330,1.229312e-15,5.61206e-06,0.04610333,0.0,0.000883399,7.948272e-05,0.0007553722
1331,3.600128e-15,6.158427e-06,0.02083333,0.0,0.0004718,0.000943572,0.0003657248
1332,1.562982e-14,7.076546e-06,0.03423682,0.0,0.000882028,0.000856828,0.000263228
1333,4.785536e-15,6.312752e-06,0.04656491,0.0,0.0005922003,0.0003801681,0.000372372
1334,3.051328e-15,6.122425e-06,0.05517093,0.0,0.0006985901,0.000377972,0.000757399
1335,1.580544e-15,6.122392e-06,0.06542381,0.0,0.000106372,0.000665,0.0002674023
1336,1.712256e-15,6.206386e-06,0.04602884,0.0,2.939869e-05,0.000719572,0.0003687004
1337,3.51232e-15,6.344761e-06,0.03058586,0.0,0.000243628,0.0008662698,0.0007553669
1338,2.941568e-15,6.313203e-06,0.05291991,0.0,0.0002198136,0.000513031,0.000268828
1339,1.400538e-14,9.274571e-06,0.04932951,0.0,0.000489972,0.000585228,3.921366e-06
1340,3.051328e-15,6.004828e-06,0.0125,0.0,0.0007966,0.0007224378,0.000333228
1341,3.446464e-15,6.425632e-06,0.05761686,0.0,0.000327628,0.000557228,0.000842828
1342,6.168512e-15,6.420646e-06,0.06003201,0.0,0.000854028,0.000851172,0.000926772
1343,1.10199e-14,1.051509e-05,0.03752224,0.0,0.000859572,0.000646828,0.0002393871
1344,1.396147e-14,8.320908e-06,0.04268013,0.0,0.000901628,0.000386428,0.0002786106
1345,3.709888e-15,6.41557e-06,0.06078155,0.0,6.7228e-05,0.000576828,0.000193172
1346,1.20736e-15,6.001286e-06,0.07361955,0.0,0.000554372,2.5172e-05,1.4e-06
1347,6.80512e-16,4.638353e-06,0.05759671,0.0,0.0005809973,0.0008634431,0.0003349582
1348,1.712256e-15,6.033954e-06,0.03879799,0.0,0.000786772,0.000268828,0.0003377669
1349,1.251264e-15,4.99014e-06,0.07920959,0.0,0.0005302374,0.0006902064,0.0003338026
1350,5.04896e-16,5.551823e-06,0.06114696,0.0,0.0008800801,0.000310772,0.0003373999
1351,1.843968e-15,4.740385e-06,0.03125,0.0,0.0004406447,0.000507851,0.0003342425
1352,7.02464e-16,4.500644e-06,0.02556904,0.0,1.4e-06,0.0001694,0.0005526393
1353,8.34176e-16,4.15815e-06,0.03963782,0.0,0.0006538,0.0009786,0.0003317999
1354,1.470784e-15,5.591511e-06,0.03125,0.0,0.0004471156,0.000940828,0.0003321587
1355,8.7808e-16,4.917006e-06,0.04735782,0.0,0.0008022015,0.000892599,0.0005866003
1356,2.019584e-15,4.651583e-06,0.0164688,0.0,0.0004191196,0.0005502,0.000553
1357,1.229312e-15,5.122783e-06,0.0625,0.0,0.0005186033,0.0007120813,0.0003321571
1358,2.897664e-15,5.704026e-06,0.07579168,0.0,0.0003297984,0.0007101585,0.000330428
1359,1.229312e-15,4.652583e-06,0.03279952,0.0,0.0003519206,0.0008973997,0.0004969999
1360,8.34176e-16,4.631912e-06,0.03315796,0.0,0.0004770507,0.0006142438,0.000337401
1361,1.931776e-15,6.061515e-06,0.0279946,0.0,0.000484372,0.0007177,0.000336028
1362,5.04896e-15,6.034149e-06,0.03122143,0.0,0.000106428,0.000582372,0.000553368
1363,2.063488e-15,5.461402e-06,0.02722972,0.0,0.000895972,0.0002337979,0.0006846
1364,1.295168e-15,6.001286e-06,0.04928119,0.0,0.000249172,0.000568372,0.0009786
1365,2.502528e-15,4.650831e-06,0.02099228,0.0,0.0005423188,0.0006762,0.000328998
1366,2.568384e-15,4.653155e-06,0.05,0.0,0.0005731212,0.0005838032,0.0003290001
1367,1.404928e-15,4.855428e-06,0.04321498,0.0,0.0003631202,7.191799e-05,0.0005894
1368,1.690304e-15,6.001286e-06,0.01994157,0.0,0.0004802005,0.000517972,0.000548828
1369,9.8784e-16,4.651824e-06,0.0439832,0.0,0.0003508802,0.0009254,0.0004998021
1370,2.809856e-15,5.701502e-06,0.0328553,0.0,0.0008998456,0.000865172,0.0006937948
1371,5.751424e-15,6.152359e-06,0.02199097,0.0,0.0004765985,0.000585172,0.000324828
1372,1.580544e-15,6.415555e-06,0.05757431,0.0,0.000391972,0.000582428,0.000694428
1373,1.822016e-15,6.001286e-06,0.04472971,0.0,0.000355628,0.000425572,0.0003401993
1374,9.966208e-15,7.661637e-06,0.03074659,0.0,0.000181972,0.000604828,0.0006972863
1375,1.75616e-15,6.032984e-06,0.05590881,0.0,0.000951972,0.000825972,0.0006814386
1376,3.314752e-15,5.550777e-06,0.08330573,0.0,0.000582428,0.0008587167,0.0003234001
1377,1.624448e-15,5.741358e-06,0.03646338,0.0,0.0004712922,0.000582428,0.0003409985
1378,3.007424e-15,4.933311e-06,0.04112282,0.0,0.0006784822,0.0006056823,0.0003398396
1379,6.849024e-15,7.259857e-06,0.04539376,0.0,0.000540372,0.000327628,0.0009786
1380,6.36608e-16,4.160099e-06,0.03942094,0.0,1.4e-06,0.0007406,0.0003233978
1381,1.887872e-15,5.4614e-06,0.06154943,0.0,0.0004354009,0.000243572,0.0004969999
1382,1.843968e-15,5.593131e-06,0.04303922,0.0,0.000442372,0.0005888829,0.0003237637
1383,3.029376e-15,6.001286e-06,0.02657053,0.0,0.000834428,0.000335972,0.0003234
1384,2.392768e-15,6.001286e-06,0.02476464,0.0,0.000817628,0.000308028,0.0003234
1385,1.075648e-15,5.55194e-06,0.05997471,0.0,0.000896028,0.0002948798,0.0003233998
1386,1.86592e-15,5.547825e-06,0.05297986,0.0,0.000803628,0.0002780922,0.0003234026
1387,5.70752e-16,4.166833e-06,0.04989494,0.0,0.000889,7.980825e-05,0.0007013957
1388,2.019584e-15,5.4614e-06,0.02209709,0.0,0.0004830002,0.000117628,0.0007014001
1389,6.36608e-16,4.160644e-06,0.06626268,0.0,0.0004437981,0.0005978016,0.0009001988
1390,1.6464e-15,5.549787e-06,0.0229502,0.0,0.000501172,0.0005748862,0.0009002033
1391,9.00032e-16,5.704039e-06,0.05533387,0.0,0.0004049645,0.000571172,0.0009009957
1392,1.624448e-15,5.593586e-06,0.05224448,0.0,0.000425572,0.00058432,0.0003209617
1393,3.446464e-15,5.4614e-06,0.01041667,0.0,7.7e-05,3.9228e-05,0.0003429999
1394,3.424512e-15,6.034133e-06,0.05271799,0.0,0.000904372,0.000140028,9.976792e-05
1395,2.326912e-15,6.001286e-06,0.04089916,0.0,0.000235228,0.000487228,0.0005474
1396,4.785536e-15,6.001286e-06,0.01468814,0.0,0.0008301985,0.000296828,0.000341628
1397,2.436672e-15,6.001286e-06,0.03957289,0.0,0.000316372,0.000705628,0.0007042
1398,2.787904e-15,4.913119e-06,0.0625,0.0,0.0001862008,0.0004858,0.0005565948
1399,3.687936e-15,5.549693e-06,0.02237477,0.0,0.0008333612,0.000332165,0.000341628
1400,2.52448e-15,6.001286e-06,0.03414216,0.0,0.000414428,0.000509572,0.0005558
1401,3.644032e-15,6.034464e-06,0.05514318,0.0,0.000607572,0.0008382302,0.000898772
1402,9.21984e-16,4.652636e-06,0.02936738,0.0,0.0004488793,0.0007826005,0.0008974
1403,6.5856e-16,5.4614e-06,0.015625,0.0,7.139979e-05,0.000881972,1.4e-06
1404,1.800064e-15,6.001286e-06,0.02795085,0.0,0.000557172,0.000929572,1.4e-06
1405,4.06112e-15,6.415555e-06,0.04546679,0.0,0.000806372,0.000361172,0.000316372
1406,2.129344e-15,5.594167e-06,0.07784544,0.0,0.00038552,0.0005365641,0.000898772
1407,2.678144e-15,5.506304e-06,0.04173763,0.0,0.000245,0.000554428,0.0005561632
1408,1.163456e-15,5.552116e-06,0.03057706,0.0,0.000243572,0.0003155207,0.0001106001
1409,2.436672e-15,4.857782e-06,0.02083333,0.0,0.0009640793,0.000101679,0.0007098
1410,3.2928e-15,6.033836e-06,0.05,0.0,0.000912772,3.9228e-05,0.0003146337
1411,1.185408e-15,6.061414e-06,0.04315497,0.0,0.000310772,0.000700028,0.0003117004
1412,4.017216e-15,5.591163e-06,0.02570611,0.0,0.000445172,0.0006179146,0.0003125587
1413,7.331968e-15,8.320997e-06,0.0458797,0.0,0.0007433782,0.000596428,0.000316428
1414,5.246528e-15,6.001286e-06,0.02899285,0.0,0.000957628,0.000803572,0.0007098
1415,1.009792e-15,5.740557e-06,0.07478214,0.0,0.0007355146,0.000265972,0.0003129924
1416,1.03833e-14,7.398736e-06,0.02733133,0.0,0.000616028,0.000926828,0.0005453573
1417,1.0976e-15,5.551727e-06,0.03870702,0.0,0.000445172,9.28044e-06,0.0001134
1418,6.80512e-16,4.653142e-06,0.04774833,0.0,0.000491397,1.872119e-05,0.0001134
1419,1.734208e-15,4.753338e-06,0.04125221,0.0,0.000518891,0.0006482107,0.0003097654
1420,1.339072e-15,5.505975e-06,0.02083333,0.0,0.0004297991,0.000565628,0.0003461619
1421,3.40256e-15,6.15178e-06,0.0473586,0.0,0.000419972,0.0002806001,0.000587972
1422,1.6464e-15,5.551859e-06,0.05468071,0.0,0.00028472,0.000212772,0.000113399
1423,4.961152e-15,5.505892e-06,0.04419417,0.0,0.0001386,0.000627228,0.0005449615
1424,5.180672e-15,6.001286e-06,0.01785564,0.0,0.000506772,0.000492828,0.000973
1425,1.119552e-15,4.496331e-06,0.02281276,0.0,0.0003009997,0.0009449995,0.0007129562
1426,7.90272e-16,4.85564e-06,0.05034989,0.0,0.0006963195,0.0009533997,0.000346319
1427,6.14656e-16,4.844157e-06,0.06651735,0.0,0.0008662471,0.0001464788,0.0007150458
1428,2.107392e-15,5.6643e-06,0.06019414,0.0,0.000300996,0.000324772,9.00523e-06
1429,3.248896e-15,6.680298e-06,0.07582268,0.0,0.000963228,0.000383628,0.0001106
1430,2.261056e-15,4.507045e-06,0.02795085,0.0,0.000869393,0.0002366,0.0005918327
1431,1.382976e-15,5.461401e-06,0.04322602,0.0,0.0003345982,0.000400372,0.0003486
1432,1.602496e-15,5.506603e-06,0.04059002,0.0,0.000117628,0.0009786,0.0007150356
1433,3.226944e-15,6.064648e-06,0.02499482,0.0,0.000464772,0.0005507131,0.000907228
1434,2.502528e-15,5.666096e-06,0.05428215,0.0,0.0003541998,0.0008686015,0.000305172
1435,2.261056e-15,5.665508e-06,0.03788921,0.0,4.699731e-05,0.000727972,0.0003485989
1436,2.897664e-15,5.4614e-06,0.0625,0.0,0.000943572,0.0008806,0.0003486
1437,1.20736e-15,4.495879e-06,0.07008424,0.0,0.0002786,0.0005050444,0.0003038014
1438,1.843968e-15,4.490343e-06,0.01742787,0.0,0.0009142,0.0003874502,0.0003038001
1439,8.7808e-16,4.758177e-06,0.08330596,0.0,3.168472e-05,0.0009058151,0.0007178348
1440,1.0976e-15,5.461407e-06,0.06644836,0.0,4.4772e-05,0.0009142042,0.0007182015
1441,2.173248e-15,5.549992e-06,0.02699022,0.0,0.0001520862,7.417529e-05,0.000117572
1442,1.31712e-15,4.499246e-06,0.03655212,0.0,0.0008162,0.0002925978,0.0003517592
1443,2.744e-15,6.153413e-06,0.08651585,0.0,0.000935172,0.000887572,0.0003018044
1444,3.424512e-15,5.461513e-06,0.02334973,0.0,0.000767172,0.0003010179,0.0007210022
1445,9.43936e-16,4.497955e-06,0.04985235,0.0,0.0004942021,0.0005361918,0.0003510422
1446,1.822016e-15,5.052409e-06,0.04139755,0.0,0.0002813984,0.000239909,0.0001169921
1447,1.229312e-15,5.665684e-06,0.04745471,0.0,0.000901572,0.0007902023,0.0004886
1448,9.65888e-16,5.842327e-06,0.04400508,0.0,0.0003605947,0.0006825934,0.000893172
1449,9.43936e-16,4.653043e-06,0.03963977,0.0,0.0008951211,0.0007686021,0.0004886
1450,1.887872e-15,5.503816e-06,0.04077082,0.0,0.000876372,0.0007549528,0.000488597
1451,3.029376e-15,6.0334e-06,0.04211568,0.0,0.000324828,0.000481572,0.0003006362
1452,2.063488e-15,5.593848e-06,0.05241283,0.0,0.000512372,0.0001473653,0.0007243182
1453,3.424512e-15,6.001286e-06,0.06029553,0.0,0.000411572,0.000573972,1.259975e-05
1454,2.502528e-15,5.5518e-06,0.02845023,0.0,0.0001520802,0.000618772,0.0007238002
1455,2.239104e-15,7.076546e-06,0.0438702,0.0,0.000201572,0.000288428,9.8028e-05
1456,1.624448e-15,6.033604e-06,0.0520196,0.0,0.000574028,0.000394772,0.000969835
1457,1.295168e-15,5.4614e-06,0.03902149,0.0,0.000112028,0.0007014,0.0007237999
1458,2.217152e-15,5.551711e-06,0.02345648,0.0,0.0006095195,0.000310772,0.0003541986
1459,6.80512e-16,5.59154e-06,0.03975316,0.0,0.0004835168,0.000588028,0.0003538427
1460,2.1952e-15,6.001287e-06,0.03667079,0.0,0.000470372,0.000616028,0.0003542019
1461,5.04896e-16,4.653151e-06,0.04931627,0.0,8.540236e-05,1.312121e-05,0.0001189999
1462,1.712256e-15,5.550485e-06,0.0625,0.0,0.0004807159,0.000660828,0.0003542
1463,9.8784e-16,4.505181e-06,0.04393248,0.0,0.000860995,0.0009618155,0.0002950349
1464,6.36608e-16,4.755451e-06,0.0537598,0.0,0.000480555,0.0005619191,0.0006706009
1465,1.339072e-15,5.551041e-06,0.04985196,0.0,0.000243572,0.0009511175,0.0007265965
1466,1.014182e-14,6.034083e-06,0.04819792,0.0,0.000873628,0.000134428,0.0007297676
1467,1.339072e-15,5.663718e-06,0.05433929,0.0,0.000461972,0.0004921936,1.539689e-05
1468,7.02464e-16,4.856649e-06,0.06330257,0.0,0.0004096796,0.0005608804,1.540007e-05
1469,3.490368e-15,5.591005e-06,0.04184072,0.0,0.0009427122,0.000347228,0.0002950386
1470,2.480576e-15,6.001286e-06,0.04639219,0.0,0.000890428,0.000237972,0.0006705999
1471,8.758848e-15,7.076546e-06,0.03090125,0.0,0.000915628,0.000277172,0.000355628
1472,2.85376e-15,4.854128e-06,0.02550134,0.0,0.0008576814,0.0002976823,0.0003570023
1473,2.744e-15,5.665201e-06,0.04140795,0.0,0.0008890009,0.0001085967,9.7972e-05
1474,4.302592e-15,6.03291e-06,0.02083333,0.0,0.000165172,0.000954772,0.0007297609
1475,3.578176e-15,6.063869e-06,0.05080255,0.0,0.000884828,0.0008783099,0.000666428
1476,1.295168e-15,4.653052e-06,0.04764795,0.0,0.0005535211,4.06024e-05,1.820037e-05
1477,1.53664e-15,5.740067e-06,0.0497765,0.0,0.0009231081,0.0008462046,0.000666428
1478,1.251264e-15,5.591563e-06,0.07370464,0.0,0.000446085,0.000848372,0.0006674401
1479,2.239104e-15,6.152748e-06,0.05057368,0.0,0.000604828,0.000319228,0.0002917974
1480,1.141504e-15,5.052266e-06,0.07727944,0.0,0.0004077547,0.0006670052,0.0009670414
1481,4.961152e-15,6.001287e-06,0.04001582,0.0,2.2428e-05,0.000893172,0.000732198
1482,3.117184e-15,4.930063e-06,0.01173252,0.0,0.0003032842,0.0008268865,0.0002894385
1483,2.392768e-15,5.663986e-06,0.04873037,0.0,0.0006369988,0.000901628,0.0003577941
1484,1.163456e-15,4.754539e-06,0.05892023,0.0,0.0006230015,0.0009203127,0.0003573626
1485,8.56128e-16,4.159949e-06,0.04470695,0.0,0.0002030016,0.0009590013,0.0007321999
1486,5.04896e-16,4.751291e-06,0.03274679,0.0,1.4e-06,0.0001277584,0.0002892886
1487,1.273216e-15,4.652629e-06,0.05933591,0.0,0.0001996793,0.0004829994,0.000539
1488,1.20736e-15,5.701593e-06,0.02452361,0.0,0.000440205,0.000330428,0.0005057545
1489,7.46368e-15,6.689385e-06,0.05868973,0.0,0.000590772,0.000823228,0.000286666
1490,3.314752e-15,6.415555e-06,0.05,0.0,8.1172e-05,0.000918428,0.000733628
1491,2.897664e-15,5.597462e-06,0.015625,0.0,0.0001559327,0.0005106398,0.000288372
1492,3.8416e-15,5.591714e-06,0.0400847,0.0,0.0008419164,0.000436772,0.0002866414
1493,1.734208e-15,4.925143e-06,0.03211508,0.0,1.03129e-05,0.000451691,0.0005386395
1494,7.24416e-16,4.653146e-06,0.02329916,0.0,0.0009786,0.0003183212,0.000287
1495,3.51232e-16,6.032951e-06,0.05172559,0.0,0.000876372,0.0003097612,0.000288372
1496,6.453888e-15,6.033535e-06,0.0625,0.0,0.000420028,0.000453628,0.0003601645
1497,1.273216e-15,5.664769e-06,0.01261439,0.0,0.0001925958,0.000585172,0.0007378015
1498,3.270848e-15,5.505886e-06,0.02465648,0.0,0.0001862054,0.000610428,0.0007381615
1499,7.639296e-15,8.704257e-06,0.04263088,0.0,0.0009177279,0.000134372,0.0001180168
1500,1.273216e-15,4.651224e-06,0.03561298,0.0,0.0001755192,0.0007182,0.0002842004
1501,1.602496e-15,4.929589e-06,0.05,0.0,0.0005115128,0.0009192841,1.856124e-05
1502,8.7808e-16,4.856807e-06,0.03105265,0.0,0.0009724797,0.00079152,0.0007378001
1503,1.887872e-15,5.591305e-06,0.03709728,0.0,7.8428e-05,8.031544e-05,0.0005617581
1504,1.822016e-15,5.741069e-06,0.01291837,0.0,0.0003424861,0.000254772,0.000122594
1505,2.700096e-15,5.551243e-06,0.03125,0.0,0.000912772,0.0001531181,0.0007406022
1506,6.80512e-16,4.856651e-06,0.0673861,0.0,0.00060288,0.0003676799,0.0002842
1507,5.04896e-16,6.032382e-06,0.04816912,0.0,0.000403172,0.000274428,0.0005946421
1508,6.870976e-15,6.689116e-06,0.02701834,0.0,0.000629972,0.0008718677,0.000881972
1509,8.12224e-16,5.505479e-06,0.05619071,0.0,6.1572e-05,0.0007910048,0.0003601598
1510,1.119552e-15,4.843935e-06,0.05425542,0.0,0.0005619212,0.0004490457,0.0007409523
1511,1.778112e-15,4.849206e-06,0.02832263,0.0,0.0004376808,0.0003146385,0.0005953593
1512,3.534272e-15,6.151527e-06,0.0413126,0.0,0.000501172,0.000716828,0.0002806008
1513,2.261056e-15,5.701756e-06,0.05222676,0.0,0.000537572,8.059481e-05,0.0004861557
1514,1.031744e-15,4.857496e-06,0.03640358,0.0,0.0009735205,0.0001027209,0.0003626
1515,4.148928e-15,5.541732e-06,0.015625,0.0,0.0002902891,0.0009758,0.000741972
1516,2.63424e-15,5.282827e-06,0.02795085,0.0,0.0009145636,6.939629e-05,0.0007426028
1517,1.53664e-15,4.160885e-06,0.015625,0.0,0.0008889974,0.000105,0.0007433985
1518,6.5856e-16,6.001286e-06,0.06960504,0.0,0.000938028,0.000403228,0.0002814
1519,7.46368e-16,5.504796e-06,0.05392345,0.0,0.000795228,0.0002814,0.000281757
1520,4.324544e-15,6.415555e-06,0.04859573,0.0,0.000932428,0.000470428,0.000363972
1521,1.470784e-15,5.4614e-06,0.05443413,0.0,0.0004354,0.000601972,0.0009113998
1522,2.30496e-15,5.739724e-06,0.04085322,0.0,0.000162428,0.0005804887,0.0007441926
1523,1.931776e-15,5.4614e-06,0.04412714,0.0,0.0003682002,0.000616028,0.0009114001
1524,1.734208e-15,4.91209e-06,0.01473139,0.0,0.0003485997,0.000194598,2.300622e-05
1525,2.129344e-15,6.032605e-06,0.03662587,0.0,0.000862428,7.8428e-05,0.0007465592
1526,1.339072e-15,5.55174e-06,0.04070453,0.0,0.0003900804,0.000187572,0.0001246001
1527,2.283008e-15,6.150819e-06,0.04832425,0.0,0.000461972,0.000711228,0.0003618028
1528,1.031744e-15,4.855728e-06,0.03961959,0.0,0.00094168,0.0008503188,0.0004830002
1529,9.21984e-16,4.846928e-06,0.05249075,0.0,1.504338e-05,0.0007232808,0.0003629594
1530,6.80512e-16,5.461407e-06,0.02203222,0.0,1.4e-06,0.000246372,0.0008862044
1531,6.14656e-16,4.756277e-06,0.04781963,0.0,0.0003601535,0.0001884788,0.0008862
1532,1.887872e-15,5.703223e-06,0.04604936,0.0,0.000156772,0.00051976,0.000562196
1533,1.253459e-14,8.933343e-06,0.04281911,0.0,0.000310828,0.000543228,0.0005550525
1534,4.3904e-16,4.653146e-06,0.0433666,0.0,1.4e-06,0.0008212788,0.0003625999
1535,2.1952e-15,4.653152e-06,0.01250938,0.0,0.0003603212,0.0002897973,0.0001246
1536,6.80512e-16,5.552002e-06,0.04871435,0.0,5.628e-06,0.0008503204,0.0003625999
1537,3.95136e-16,6.001286e-06,0.05559316,0.0,0.0001469991,0.000411572,9.5172e-05
1538,9.8784e-16,5.55101e-06,0.03690913,0.0,0.000344372,6.248259e-05,0.0008861956
1539,1.690304e-15,4.653151e-06,0.02693442,0.0,0.0008027212,0.0003906023,0.0002758
1540,9.8784e-16,5.4614e-06,0.05918589,0.0,0.0004074,0.000912772,0.0008833999
1541,3.051328e-15,6.001286e-06,0.03393119,0.0,0.000212828,0.000646772,0.0007490001
1542,1.778112e-15,6.001286e-06,0.03641221,0.0,0.000184828,0.000291228,2.66e-05
1543,2.52448e-15,5.550754e-06,0.01397542,0.0,0.000848372,0.0006627167,0.0006594
1544,1.361024e-15,4.855291e-06,0.05,0.0,0.0008156801,0.0003648818,2.659726e-05
1545,1.97568e-15,4.987612e-06,0.06426547,0.0,0.0006086406,0.0008469993,0.0002722041
1546,5.202624e-15,6.001286e-06,0.05059452,0.0,0.000590772,1.9572e-05,0.0007517997
1547,2.590336e-15,5.665455e-06,0.02561596,0.0,0.000473172,0.0008126028,0.0008833986
1548,5.26848e-16,4.653146e-06,0.02356673,0.0,0.0009786,0.0003799212,0.000273
1549,1.75616e-15,4.636114e-06,0.03427549,0.0,0.000964245,0.0008050084,0.0007521566
1550,1.448832e-15,4.162275e-06,0.01041667,0.0,0.000385,0.0008078045,0.0007518
1551,2.019584e-15,5.506339e-06,0.01230331,0.0,0.0008609947,0.000825972,0.0002698367
1552,4.06112e-15,6.001286e-06,0.03076922,0.0,0.000237972,0.000904372,0.0007517998
1553,1.0976e-15,4.49602e-06,0.04923743,0.0,0.0002449954,0.0008638032,0.0003657558
1554,5.37824e-15,6.033789e-06,0.03713743,0.0,0.000530966,0.000722428,0.000271572
1555,1.42688e-15,4.754611e-06,0.04971993,0.0,4.952031e-05,0.0001221517,0.0005361992
1556,1.009792e-15,5.551467e-06,0.05281098,0.0,0.0002472812,0.000288372,0.0007545984
1557,9.65888e-16,4.653039e-06,0.03687023,0.0,0.0002925978,0.0002836789,0.0001274001
1558,1.514688e-15,4.65176e-06,0.04616241,0.0,0.000169396,0.0005468803,0.0002702011
1559,1.031744e-15,4.857276e-06,0.05369355,0.0,0.0001492791,0.00052448,0.0002702
1560,1.734208e-15,5.461407e-06,0.07985181,0.0,0.000170828,0.000513797,0.0002702032
1561,1.053696e-15,6.001287e-06,0.061208,0.0,0.000912772,0.000456372,0.0001274018
1562,1.141504e-15,4.159391e-06,0.015625,0.0,0.0001385997,0.0009590015,0.0002674001
1563,5.70752e-16,4.642151e-06,0.06497547,0.0,0.0005082065,0.0003230363,2.975691e-05
1564,2.480576e-15,5.550852e-06,0.01045038,0.0,0.000170828,0.000944483,0.0007546023
1565,1.668352e-15,5.505822e-06,0.07707146,0.0,0.0003878,8.9572e-05,0.0008837613
1566,1.295168e-15,5.225775e-06,0.05546595,0.0,0.0009674044,0.0003885963,0.0002681932
1567,1.86592e-15,5.70336e-06,0.05682132,0.0,0.000924028,0.0002778042,0.0003706388
1568,1.843968e-15,6.033306e-06,0.05514505,0.0,0.000473172,8.372e-06,0.0008837632
1569,3.62208e-15,6.001286e-06,0.02870243,0.0,0.000134428,0.0009786,0.000265972
1570,1.448832e-15,5.461401e-06,0.03741365,0.0,0.000949228,0.0008414018,0.0007574
1571,3.204992e-15,5.592749e-06,0.04563383,0.0,0.000240772,0.0009556823,0.0007577614
1572,9.527168e-15,9.219633e-06,0.03721753,0.0,0.000800772,0.000814828,0.000366772
1573,1.674938e-14,8.801286e-06,0.03382889,0.0,0.000445228,0.000770028,0.0008806019
1574,1.86592e-15,6.032655e-06,0.04512492,0.0,0.000901572,0.000299572,0.0003741595
1575,3.51232e-16,5.505124e-06,0.03662489,0.0,0.0009786,0.000722428,0.0006534417
1576,2.107392e-15,4.856284e-06,0.02602859,0.0,0.0009343206,0.0007204811,0.0006537998
1577,2.656192e-15,5.4614e-06,0.03114456,0.0,0.000400372,9.659954e-05,3.220006e-05
1578,9.746688e-15,8.801286e-06,0.04784787,0.0,0.000442428,0.000876428,0.0002590013
1579,1.42688e-15,6.033043e-06,0.03803492,0.0,0.000302428,0.000851228,0.0002621617
1580,1.734208e-15,6.001286e-06,0.0625,0.0,0.000952028,0.000797972,0.0007602
1581,1.602496e-15,4.652244e-06,0.04975304,0.0,0.0009108798,9.66e-05,0.0007629995
1582,3.973312e-15,6.033073e-06,0.07403459,0.0,0.000711228,0.000277172,0.0002614381
1583,5.92704e-15,6.001286e-06,0.02004468,0.0,0.000103628,0.000428372,0.0005642
1584,3.51232e-15,5.052899e-06,0.02212536,0.0,0.0001266019,0.0006205466,0.0007626391
1585,3.18304e-15,6.00129e-06,0.02723122,0.0,0.000358372,3.9172e-05,0.0001329959
1586,2.041536e-15,5.59603e-06,0.02946888,0.0,0.000369572,5.792677e-05,0.0001333626
1587,1.580544e-15,6.036087e-06,0.04039719,0.0,0.000277228,0.0004637788,0.000260372
1588,5.202624e-15,6.033806e-06,0.05,0.0,0.000313628,0.000195972,0.0008809661
1589,2.63424e-15,6.001287e-06,0.03499923,0.0,0.000285572,0.000167972,0.0008806018
1590,1.887872e-15,5.665538e-06,0.07208579,0.0,0.0007426026,0.000338772,0.000133
1591,3.358656e-15,4.749095e-06,0.01915677,0.0,0.0003541989,0.0009595112,0.0005050452
1592,1.843968e-15,6.001286e-06,0.0606475,0.0,0.000890372,0.000839972,0.0007658
1593,2.568384e-15,5.590445e-06,0.03125,0.0,0.0004357602,0.0009231113,0.000252028
1594,2.30496e-15,5.4614e-06,0.0625,0.0,0.0008694,0.000366772,0.0003822
1595,2.722048e-15,6.03239e-06,0.0666119,0.0,0.0004294421,5.5972e-05,0.000137172
1596,1.163456e-15,4.652584e-06,0.07528353,0.0,0.0006784794,0.0002842057,0.0002533969
1597,2.019584e-15,4.647859e-06,0.01889004,0.0,0.0004158,0.0008111156,0.0009142014
1598,2.30496e-15,5.507269e-06,0.03640702,0.0,0.0009534,0.000817572,0.0007689672
1599,2.941568e-15,4.752561e-06,0.05946976,0.0,0.0008296862,0.0008470013,0.0009138427
1600,2.261056e-15,5.504797e-06,0.03670212,0.0,0.000288428,0.000782243,0.0002505994
1601,1.141504e-15,4.843634e-06,0.01494078,0.0,5.408349e-05,0.0005946421,3.4645e-05
1602,5.488e-16,4.652994e-06,0.04906146,0.0,9.940157e-05,0.000586079,0.0002506002
1603,2.239104e-15,5.06283e-06,0.06113804,0.0,0.0001660799,0.0005662021,0.0002505983
1604,2.480576e-15,4.856897e-06,0.03037404,0.0,0.0007848806,0.000458321,0.0002506001
1605,3.248896e-15,6.034229e-06,0.04126539,0.0,0.000184828,0.000526372,0.0007710315
1606,1.997632e-15,5.552068e-06,0.03989755,0.0,0.000853972,0.0002987206,0.0002506
1607,1.031744e-15,5.503761e-06,0.03590268,0.0,1.015263e-05,0.000279972,0.0002505997
1608,1.712256e-15,5.504421e-06,0.01806427,0.0,0.0004577962,0.0005890446,0.000137172
1609,8.824704e-15,7.080964e-06,0.01397542,0.0,0.000834428,0.000646828,0.000646828
1610,9.00032e-16,5.506898e-06,0.05861423,0.0,0.000809172,1.4e-06,0.0003853657
1611,2.1952e-15,6.68957e-06,0.04563456,0.0,6.4428e-05,8.9628e-05,0.0003881351
1612,2.348864e-15,6.001286e-06,0.04968292,0.0,7.2772e-05,0.000137172,0.000385
1613,1.997632e-15,4.65315e-06,0.03467643,0.0,0.0003004788,0.0001721979,3.780009e-05
1614,2.1952e-15,5.551961e-06,0.03987116,0.0,0.000103572,0.0001464797,0.000385
1615,2.151296e-15,6.032734e-06,0.044073,0.0,0.000817572,9.2372e-05,0.0007745599
1616,1.624448e-15,5.4614e-06,0.02671133,0.0,4.619944e-05,0.000187572,0.0003850001
1617,1.295168e-15,4.857488e-06,0.03921124,0.0,0.0005048789,0.0003239202,0.0006482004
1618,1.685914e-14,9.983088e-06,0.04777833,0.0,0.0002256062,0.0002871837,4.4772e-05
1619,4.324544e-15,6.798134e-06,0.04978758,0.0,0.000366828,0.0005285586,0.000949228
1620,9.922304e-15,7.43829e-06,0.0544506,0.0,0.000173628,0.0008869594,0.000240828
1621,1.361024e-15,5.119723e-06,0.04892147,0.0,0.000396718,0.0002793947,0.0005834465
1622,1.558592e-15,4.500859e-06,0.03872263,0.0,0.0002589992,0.0008133903,0.0002446392
1623,2.370816e-15,4.85701e-06,0.04037101,0.0,0.0001492806,0.0007887212,0.000244999
1624,8.846656e-15,8.282788e-06,0.06931619,0.0,0.0001862043,0.0007592169,0.000249611
1625,1.514688e-15,4.491166e-06,0.01875,0.0,5.98493e-05,0.0009002,0.0001358
1626,2.809856e-15,6.149953e-06,0.05216086,0.0,0.000142772,0.000699972,0.0008757948
1627,8.7808e-16,5.125024e-06,0.06212225,0.0,0.0006054028,0.0008996806,8.856178e-05
1628,1.448832e-15,4.652777e-06,0.01733438,0.0,4.05995e-05,4.847918e-05,0.0006482001
1629,6.69536e-15,6.03381e-06,0.04672361,0.0,9.2428e-05,0.000106372,0.0003874339
1630,2.041536e-15,5.551859e-06,0.05172,0.0,0.000330372,0.00097248,0.0002422
1631,7.02464e-16,5.543227e-06,0.06559504,0.0,0.0001333494,0.0006541488,0.000778372
1632,2.019584e-15,4.159866e-06,0.0625,0.0,0.000595002,0.0003878,0.0003878001
1633,1.448832e-15,4.857455e-06,0.04603292,0.0,0.0002976793,0.0004359206,0.0002422001
1634,1.0976e-15,5.551522e-06,0.02795085,0.0,0.000158719,0.000977172,0.0009477999
1635,3.336704e-15,6.065685e-06,0.04769138,0.0,0.000893172,0.0006739174,0.000646772
1636,1.185408e-15,4.651645e-06,0.0560972,0.0,0.0007008804,0.0003458,0.0002421999
1637,2.326912e-15,5.665395e-06,0.04540948,0.0,5.380292e-05,0.000744772,0.0003878016
1638,3.226944e-15,5.592634e-06,0.03796833,0.0,0.000198772,0.0009203168,0.0003881621
1639,1.580544e-15,4.158032e-06,0.07870307,0.0,0.0003654,0.0009562,0.0002394
1640,1.163456e-15,4.652817e-06,0.02606037,0.0,3.167914e-05,8.539876e-05,0.0003906002
1641,2.592531e-14,8.745885e-06,0.06725576,0.0,0.000929572,0.000187572,0.000579628
1642,6.519744e-15,6.001286e-06,0.01397542,0.0,0.000837172,1.4e-06,0.000783972
1643,3.995264e-15,6.005095e-06,0.06064766,0.0,0.000109228,0.0006174,0.000526428
1644,1.931776e-15,5.549949e-06,0.0625,0.0,0.000501172,4.89989e-05,0.0008744858
1645,1.31712e-15,5.50499e-06,0.03783851,0.0,0.000361172,0.0008469997,0.0002369578
1646,2.261056e-15,5.551724e-06,0.0430458,0.0,0.000540372,0.0004768805,0.0005082
1647,9.00032e-16,4.505156e-06,0.04097188,0.0,0.0001302,1.4e-06,0.0006450346
1648,9.680832e-15,9.6477e-06,0.03415188,0.0,0.000114828,2.8028e-05,0.0004730996
1649,1.049306e-14,8.564262e-06,0.02921891,0.0,0.000929628,9.658807e-05,0.0001376119
1650,1.97568e-15,4.653147e-06,0.03744019,0.0,0.0004796788,0.0008190009,0.0008721999
1651,2.041536e-15,5.548668e-06,0.08271313,0.0,0.0001503104,0.000120372,0.000393399
1652,1.141504e-15,6.001289e-06,0.05638654,0.0,0.000361172,0.000632772,0.0008721968
1653,1.075648e-15,5.551043e-06,0.07816547,0.0,0.0003687175,1.1228e-05,0.0005698
1654,8.34176e-16,5.461402e-06,0.04755013,0.0,0.0002869977,0.0008245999,0.000235172
1655,4.82944e-16,4.499407e-06,0.02146187,0.0,1.4e-06,0.0007826,0.0002334406
1656,4.06112e-15,6.032647e-06,0.0282698,0.0,0.000257572,0.000478772,0.0002341594
1657,1.909824e-15,4.757337e-06,0.05822594,0.0,0.0004970001,0.0005339177,0.0001417606
1658,2.107392e-15,4.852121e-06,0.0625,0.0,0.0008727208,2.431244e-05,0.0005698018
1659,8.12224e-16,4.856747e-06,0.04337862,0.0,0.0009136788,0.000345281,0.0002337997
1660,3.446464e-15,5.550706e-06,0.01331943,0.0,0.0001055165,0.000347172,0.0002338
1661,9.21984e-16,4.929882e-06,0.06000258,0.0,0.0005955169,0.000937113,4.376033e-05
1662,1.141504e-15,4.630479e-06,0.03125,0.0,0.0005281513,0.0009390479,4.340025e-05
1663,5.070912e-15,6.001286e-06,0.0625,0.0,0.000380828,0.000137172,0.0009478
1664,2.700096e-15,4.652957e-06,0.02417583,0.0,0.000443279,0.0008134018,0.0002310004
1665,2.392768e-15,6.007739e-06,0.05108488,0.0,0.000637,0.000795172,0.000783972
1666,1.229312e-15,5.504114e-06,0.04963652,0.0,0.0003517541,0.000153972,0.0008721988
1667,1.6464e-15,4.846044e-06,0.05907721,0.0,0.0003183212,2.41572e-05,0.000642954
1668,1.556397e-14,9.026707e-06,0.02741806,0.0,0.000232428,0.000859628,0.0003924115
1669,1.712256e-15,5.593762e-06,0.0744665,0.0,0.000862372,0.0008587135,0.0002285716
1670,1.009792e-15,4.637061e-06,0.03134868,0.0,0.0008165533,0.0002869919,0.0003993597
1671,1.404928e-15,5.504122e-06,0.03059725,0.0,0.0001497884,0.000556154,0.000789572
1672,1.492736e-15,4.75049e-06,0.02526608,0.0,0.0009668953,0.000740607,0.0006401664
1673,1.361024e-15,6.064327e-06,0.04664456,0.0,0.000100828,0.0005619118,0.000229572
1674,1.470784e-15,4.845638e-06,0.05142673,0.0,0.0006039127,0.0008249603,0.0008697624
1675,6.14656e-15,5.506753e-06,0.02091492,0.0,0.0005502,0.000946372,4.656507e-05
1676,3.709888e-15,6.00129e-06,0.04754409,0.0,0.000372372,0.000650996,0.000870772
1677,1.909824e-15,6.001286e-06,0.03210295,0.0,0.000890428,0.000117628,0.0005277998
1678,1.448832e-15,5.506845e-06,0.03451409,0.0,0.0001722002,0.000615972,0.0007913655
1679,7.90272e-16,5.120618e-06,0.05448313,0.0,0.000441515,0.0006002413,0.0008686046
1680,8.34176e-16,5.504033e-06,0.06726716,0.0,0.0009425538,0.000391972,0.0004018
1681,1.141504e-15,4.161801e-06,0.03360701,0.0,0.0007462031,0.0003513975,0.0002253999
1682,1.295168e-15,6.001286e-06,0.04584936,0.0,0.000960372,0.000400372,0.0004018
1683,1.822016e-15,6.152465e-06,0.04518951,0.0,8.4028e-05,2.8028e-05,0.0006406018
1684,1.163456e-15,4.158008e-06,0.03125,0.0,0.0004074,1.4e-06,0.0006398
1685,2.239104e-15,6.150683e-06,0.04666014,0.0,0.000627172,0.000554372,0.0002233969
1686,1.251264e-15,6.001286e-06,0.04135272,0.0,5.628e-06,0.000375172,0.0002226
1687,1.361024e-15,4.650636e-06,0.02412125,0.0,0.0009399186,0.0009058,0.0004018
1688,4.631872e-15,6.001286e-06,0.06795559,0.0,0.000613172,0.000924028,0.000525
1689,2.326912e-15,5.59057e-06,0.05937547,0.0,0.0001333653,0.0008296919,5.0372e-05
1690,8.34176e-16,6.001286e-06,0.03214012,0.0,0.0009786,0.000386372,0.000405972
1691,1.887872e-15,5.589022e-06,0.01802595,0.0,0.0009416959,0.000436772,0.0004042359
1692,2.08544e-15,5.552009e-06,0.0625,0.0,0.0001128796,0.000781172,0.0004045999
1693,3.029376e-15,6.001286e-06,0.06590262,0.0,9.2372e-05,0.000797972,0.0004045999
1694,5.948992e-15,6.001286e-06,0.05644263,0.0,0.000184828,0.000498372,0.0007966003
1695,1.404928e-15,5.740649e-06,0.03543778,0.0,0.000341572,0.000164314,5.259294e-05
1696,6.124608e-15,6.799233e-06,0.04023252,0.0,0.000475972,0.000543228,0.0007973617
1697,1.009792e-15,6.001286e-06,0.04945358,0.0,9.5228e-05,0.000492828,0.0005697995
1698,2.1952e-15,5.063628e-06,0.0625,0.0,0.0002556788,0.0005354018,0.0009422002
1699,4.566016e-15,6.001286e-06,0.02904415,0.0,6.4428e-05,0.000873628,5.179999e-05
1700,3.95136e-16,6.001286e-06,0.05211722,0.0,0.000641172,0.000767172,0.0007994001
1701,3.029376e-15,6.032967e-06,0.04166667,0.0,0.000403172,0.000537572,0.0008669613
1702,1.009792e-15,4.160108e-06,0.0179742,0.0,6.020166e-05,0.0007405985,0.0004102002
1703,1.843968e-15,5.50683e-06,0.07002025,0.0,0.0006090044,0.000912772,0.0007997654
1704,3.885504e-15,6.001306e-06,0.04343637,0.0,0.000753172,0.0002589908,0.000148372
1705,1.822016e-15,4.85152e-06,0.05284605,0.0,0.0001503182,0.0001100858,5.459811e-05
1706,1.734208e-15,5.053736e-06,0.04636645,0.0,0.0002673912,0.0009595125,0.0004094087
1707,1.404928e-15,5.461404e-06,0.04648535,0.0,0.000904428,0.000225397,0.0006341985
1708,7.90272e-16,5.051952e-06,0.05070134,0.0,8.82e-05,6.529671e-05,0.0009190049
1709,1.251264e-15,4.933914e-06,0.03916961,0.0,0.0009259182,0.0001475179,0.0006338391
1710,2.985472e-15,5.551593e-06,0.04815591,0.0,0.0001800808,0.000792372,0.0008022
1711,1.009792e-15,4.493699e-06,0.02052539,0.0,0.0004854466,0.0006230002,0.0001469999
1712,2.744e-15,7.087085e-06,0.0443827,0.0,0.000890372,7.8372e-05,0.000806428
1713,3.687936e-15,5.505591e-06,0.04080459,0.0,0.000737794,0.000529172,0.0002117602
1714,2.787904e-15,6.0335e-06,0.03813002,0.0,0.000173572,0.000893172,0.0001473643
1715,3.8416e-15,5.507394e-06,0.02592282,0.0,0.0001581974,0.000646772,0.0008053677
1716,5.488e-15,5.551914e-06,0.01556084,0.0,0.0006028799,0.000700028,0.0008050001
1717,2.919616e-15,4.755051e-06,0.01929339,0.0,0.0006291212,0.0001333512,0.0002113998
1718,1.339072e-15,5.505974e-06,0.0499399,0.0,0.0002730107,0.000809172,0.0002082383
1719,1.251264e-15,5.551871e-06,0.05766498,0.0,0.00030608,0.000134372,0.0008077966
1720,8.34176e-16,4.652463e-06,0.04511066,0.0,0.0001693992,0.0004695205,0.0008078001
1721,1.53664e-15,4.75618e-06,0.045837,0.0,0.0002089575,0.0005412817,0.000807796
1722,5.136768e-15,7.078789e-06,0.03656016,0.0,0.000940828,0.000400428,0.0002100431
1723,1.42688e-14,8.810008e-06,0.0401915,0.0,0.000120428,0.000128828,0.000418411
1724,3.051328e-15,4.165199e-06,0.01250396,0.0,0.0004494,0.0004941933,0.0008638036
1725,2.985472e-15,6.068949e-06,0.04982773,0.0,0.000223972,0.0009164694,0.000809172
1726,2.85376e-15,5.549471e-06,0.05523282,0.0,7.751281e-05,0.000632772,0.0002057983
1727,1.470784e-15,6.001286e-06,0.03709879,0.0,0.000610372,0.000890428,5.739963e-05
1728,1.97568e-16,4.158015e-06,0.04230863,0.0,1.4e-06,0.0004354,0.0005726
1729,9.00032e-16,4.738019e-06,0.01400753,0.0,0.000589047,0.0006793517,0.0008102472
1730,2.151296e-15,6.001287e-06,0.03752348,0.0,0.000235172,0.000867972,0.0004186021
1731,7.331968e-15,8.980504e-06,0.04781796,0.0,0.000170828,0.0009430762,0.000425572
1732,1.470784e-15,4.857653e-06,0.07164201,0.0,0.0009192795,0.0009735211,5.739985e-05
1733,1.558592e-15,4.651371e-06,0.02229932,0.0,0.000595,0.0007568806,0.0008106001
1734,2.568384e-15,5.461401e-06,0.07089176,0.0,0.000456372,0.0001049987,6.020008e-05
1735,4.083072e-15,6.001288e-06,0.04983534,0.0,0.000176428,0.000672028,0.0006286026
1736,2.326912e-15,6.061625e-06,0.06663421,0.0,0.0003827005,0.000254772,6.1572e-05
1737,1.42688e-15,5.663944e-06,0.05257808,0.0,6.859565e-05,0.000592994,0.000204372
1738,1.53664e-15,4.855727e-06,0.03844512,0.0,0.000141919,0.0003816803,6.02001e-05
1739,2.700096e-15,5.507079e-06,0.03245033,0.0,0.0004826337,0.000526428,6.018987e-05
1740,1.295168e-15,4.652441e-06,0.05,0.0,0.0003116795,0.0005893998,0.0008134001
1741,2.30496e-15,5.591131e-06,0.05,0.0,0.000548772,0.0005384867,0.0004217604
1742,3.07328e-16,5.550758e-06,0.07019615,0.0,0.000977172,0.0003743167,0.0004634001
1743,2.700096e-15,6.032145e-06,0.07239859,0.0,0.000282772,0.000918372,0.0004210435
1744,4.039168e-15,5.461442e-06,0.03167031,0.0,0.0006006109,0.000923972,6.019816e-05
1745,8.934464e-15,6.720249e-06,0.04597573,0.0,0.0003621096,0.000263228,0.000814828
1746,3.490368e-15,5.182365e-06,0.07813072,0.0,0.0005255139,0.0005440891,0.0001994015
1747,1.690304e-15,4.987256e-06,0.04597403,0.0,0.0003961974,0.0003142033,0.0005106432
1748,3.644032e-15,5.504127e-06,0.06632818,0.0,0.000565572,0.0005673542,0.0001973999
1749,2.612288e-15,6.001286e-06,0.03468697,0.0,0.000674772,0.000543172,0.0001974001
1750,1.361024e-15,5.590906e-06,0.02836767,0.0,0.0001858369,0.0005395107,0.000156772
1751,2.436672e-15,5.506519e-06,0.06053005,0.0,0.000861,0.000324772,0.0001970359
1752,1.492736e-15,6.001286e-06,0.04912104,0.0,0.000397628,0.000540372,0.0009338009
1753,2.85376e-15,5.741189e-06,0.04328538,0.0,7.2772e-05,0.0007904853,0.0004277937
1754,9.21984e-16,4.653058e-06,0.04905292,0.0,0.0005787211,0.0001805994,0.0001974001
1755,1.295168e-15,4.755534e-06,0.01976424,0.0,0.0005731185,3.744404e-05,0.0005753974
1756,1.909824e-15,4.856286e-06,0.02648128,0.0,0.0009612811,0.0002584794,0.0006257999
1757,7.46368e-16,4.853676e-06,0.06311121,0.0,0.0002399159,0.0006140803,0.0008218008
1758,3.468416e-15,6.001286e-06,0.0494146,0.0,0.000140028,0.000638372,0.0008218003
1759,1.602496e-15,5.702649e-06,0.02923929,0.0,0.000274372,0.0001785945,6.616061e-05
1760,1.229312e-15,4.932308e-06,0.03944616,0.0,0.0003144816,0.0007327134,0.0001942367
1761,8.12224e-16,4.158013e-06,0.05787593,0.0,0.0001526,0.000791,0.0008218
1762,2.08544e-15,5.056091e-06,0.01733438,0.0,4.340602e-05,7.779554e-05,0.0004303106
1763,1.690304e-15,4.652066e-06,0.03125,0.0,0.00022312,0.0008806036,0.0008218025
1764,1.163456e-15,5.461403e-06,0.06451605,0.0,0.0009730028,0.000355572,0.0004606
1765,1.580544e-15,4.494986e-06,0.0625,0.0,0.0002310003,0.0002758002,0.0005197547
1766,2.458624e-15,4.858112e-06,0.01976424,0.0,0.0005608788,0.000868879,0.0008582
1767,2.08105e-14,6.808151e-06,0.05,0.0,0.000691628,0.000212772,0.0005242129
1768,1.86592e-15,5.634359e-06,0.06014359,0.0,0.000186713,0.0005888808,0.000823228
1769,7.46368e-16,4.160833e-06,0.02942812,0.0,4.900021e-05,0.0005894,0.000191803
1770,2.151296e-15,4.759556e-06,0.0625,0.0,0.0006089962,0.0008268804,0.000824962
1771,1.404928e-15,5.50572e-06,0.04367304,0.0,0.0008809609,7.140266e-05,0.000461972
1772,1.734208e-15,4.748586e-06,0.03482353,0.0,0.0006149615,0.0008998399,0.0008249552
1773,2.08544e-15,5.461438e-06,0.04482285,0.0,1.1172e-05,7.978971e-05,0.0004325982
1774,1.339072e-15,5.4614e-06,0.03814353,0.0,0.0001917994,0.000551572,0.0008582001
1775,3.380608e-15,6.00129e-06,0.03555935,0.0,0.000403172,0.000733628,0.0009310038
1776,2.30496e-15,4.915893e-06,0.02225576,0.0,0.0009029985,0.0008357997,0.0004570022
1777,8.473472e-15,8.801286e-06,0.03527059,0.0,0.0009142022,0.000870772,0.000425628
1778,3.248896e-15,5.179589e-06,0.04548719,0.0,0.0004723128,0.0005916868,0.0001589938
1779,2.041536e-15,5.666111e-06,0.03125,0.0,0.0002421992,0.000879172,0.0004333986
1780,1.141504e-15,5.547592e-06,0.0334134,0.0,0.0004574414,0.000587972,0.0001893585
1781,7.90272e-16,4.914594e-06,0.0658176,0.0,0.0003065989,1.538951e-05,0.0008309964
1782,1.822016e-15,6.415555e-06,0.03836023,0.0,0.000296772,0.000173628,0.000859572
1783,3.973312e-15,6.009318e-06,0.03947788,0.0,0.000842828,0.0007630133,0.000515172
1784,2.787904e-15,6.001287e-06,0.0295085,0.0,0.000932372,9.5228e-05,7.139802e-05
1785,1.690304e-15,5.4614e-06,0.02795085,0.0,0.000268772,0.000231,8.259993e-05
1786,1.690304e-15,4.651623e-06,0.03125,0.0,0.0005978,0.0008996804,0.0008302
1787,1.141504e-15,4.160824e-06,0.04491402,0.0,0.0006593988,0.0008666027,0.0001862001
1788,3.797696e-15,5.507451e-06,0.02795085,0.0,0.0005505679,0.0006202017,0.000187572
1789,9.21984e-16,6.001287e-06,0.04525534,0.0,7.0028e-05,0.000940772,0.0001581981
1790,2.612288e-15,5.503742e-06,0.02900443,0.0,0.000145572,0.0005141526,0.0001862001
1791,6.849024e-15,6.312149e-06,0.05688085,0.0,0.0005858332,0.000876372,0.000858205
1792,3.2928e-16,6.033622e-06,0.08355581,0.0,0.000475972,0.000156828,8.223497e-05
1793,4.851392e-15,5.058192e-06,0.01041667,0.0,0.0003121918,0.0006028813,0.000832207
1794,3.973312e-15,6.15018e-06,0.04323128,0.0,8.6772e-05,0.0006265955,0.000184772
1795,2.41472e-15,4.857675e-06,0.02980816,0.0,0.0005692797,0.0005524788,0.0001834
1796,6.80512e-16,6.001286e-06,0.06989253,0.0,0.0005333997,0.000551572,0.000184772
1797,1.42688e-15,6.001286e-06,0.05141912,0.0,0.000473172,0.000529172,0.0008554
1798,1.6464e-15,4.65112e-06,0.03227402,0.0,0.0006005974,0.0008139191,0.0009281999
1799,9.505216e-15,8.586476e-06,0.03071303,0.0,0.000268772,0.0005397358,0.0001882826
1800,1.163456e-15,6.001304e-06,0.05582058,0.0,0.0009141915,0.000363972,0.000162372
1801,4.675776e-15,7.066599e-06,0.03132765,0.0,0.000481572,7.493962e-05,8.463364e-05
1802,3.336704e-15,6.415555e-06,0.04143389,0.0,0.000627172,0.000783972,8.1172e-05
1803,1.75616e-15,5.549879e-06,0.04743246,0.0,0.000675686,0.0005334,0.000181972
1804,2.744e-15,5.664377e-06,0.04049909,0.0,0.0006454023,0.0007497949,0.000834428
1805,2.261056e-15,5.58976e-06,0.01676239,0.0,0.0006308928,0.000253763,0.000442372
1806,3.2928e-15,6.415555e-06,0.03006041,0.0,0.000616028,0.000750428,0.000834428
1807,8.12224e-16,5.504768e-06,0.0736394,0.0,0.0009618002,0.0003902431,0.000181972
1808,1.205165e-14,6.415555e-06,0.04096062,0.0,0.000963228,0.000355572,0.000442372
1809,6.14656e-16,5.281561e-06,0.07167955,0.0,0.0002194458,0.0002918016,0.0001798026
1810,1.229312e-15,5.707665e-06,0.06655626,0.0,0.0003701959,2.7972e-05,0.0005806367
1811,6.5856e-16,4.757861e-06,0.0578794,0.0,0.0003603212,0.0009786,0.0005750435
1812,1.295168e-15,4.985775e-06,0.02898256,0.0,8.260687e-05,0.0005550046,0.0001781557
1813,3.358656e-15,6.001286e-06,0.05380207,0.0,0.000170828,0.000560028,0.0008386001
1814,3.161088e-15,6.419983e-06,0.04515291,0.0,0.000151228,0.000593572,0.000840028
1815,1.339072e-15,4.933073e-06,0.05162295,0.0,0.0003827185,0.0006000815,0.0008382422
1816,2.96352e-15,5.505905e-06,0.03317623,0.0,0.000643972,0.0007238002,0.0008382384
1817,2.96352e-15,4.75649e-06,0.05,0.0,0.0003956808,0.0008694027,0.0001753568
1818,3.161088e-15,5.665271e-06,0.04676091,0.0,0.000890428,0.0006278032,0.0009225999
1819,1.229312e-15,4.753836e-06,0.07596065,0.0,0.000521688,0.0005978,0.0001753622
1820,2.107392e-15,4.931257e-06,0.04656168,0.0,0.0004628844,0.0002808841,0.0008417615
1821,4.214784e-15,6.033055e-06,0.02686667,0.0,0.000400372,0.0004322382,0.000176372
1822,8.34176e-16,5.66427e-06,0.06086409,0.0,0.0004942,0.000565628,0.0008421947
1823,3.534272e-15,6.00129e-06,0.03400572,0.0,0.000142828,0.000618772,0.000841396
1824,2.63424e-16,5.666206e-06,0.07704668,0.0,0.000293972,0.0009646041,0.0004445988
1825,3.468416e-15,5.663985e-06,0.06494052,0.0,0.000518028,0.0009113897,7.340595e-05
1826,1.075648e-14,6.90529e-06,0.05680032,0.0,0.0008917856,0.000677572,0.0009246429
1827,6.80512e-16,4.493891e-06,0.05495496,0.0,1.4e-06,0.0008613536,0.0006118002
1828,2.261056e-15,5.461439e-06,0.04782168,0.0,0.0006621959,0.0006482097,0.000173572
1829,1.734208e-15,4.652799e-06,0.03705457,0.0,0.0009427208,0.0009281995,7.420018e-05
1830,2.370816e-15,5.461475e-06,0.0625,0.0,0.0004493882,0.0003821913,0.000173572
1831,6.168512e-15,7.285093e-06,0.06561084,0.0,0.000156772,0.0005442779,0.000168028
1832,1.031744e-15,6.001286e-06,0.08375005,0.0,6.4372e-05,0.000148372,7.7e-05
1833,1.404928e-15,4.857122e-06,0.03345569,0.0,0.0009388794,0.00050768,0.0004465999
1834,8.7808e-16,4.636164e-06,0.05646381,0.0,0.0008329984,0.0008865544,0.0001697573
1835,4.039168e-15,6.239457e-06,0.03755349,0.0,4.1972e-05,0.0001577176,0.0005169474
1836,4.346496e-15,6.001288e-06,0.03070333,0.0,0.000326197,0.000439572,0.000170772
1837,2.809856e-15,5.505239e-06,0.04572404,0.0,6.860301e-05,0.0001942412,0.000450772
1838,1.0976e-15,4.631765e-06,0.05852141,0.0,0.0005277981,0.0001445529,8.015239e-05
1839,1.778112e-15,5.461401e-06,0.03830169,0.0,0.000557228,0.0001778012,0.0009254
1840,2.30496e-15,5.176498e-06,0.03347137,0.0,0.0009483108,0.0008800935,0.0004501949
1841,3.161088e-15,5.461401e-06,0.07740971,0.0,0.000469,0.000853972,0.0008497985
1842,2.239104e-15,6.001287e-06,0.04274566,0.0,0.000716772,0.000957572,0.0004493984
1843,2.458624e-15,5.746934e-06,0.03926508,0.0,0.000876372,0.0003379109,0.0001674087
1844,1.119552e-15,4.757958e-06,0.03221499,0.0,0.0001996804,0.0005418015,0.0008501589
1845,5.59776e-15,6.69297e-06,0.04698587,0.0,3.6372e-05,5.3172e-05,0.0004211986
1846,6.014848e-15,8.810185e-06,0.06286836,0.0,0.0006228091,0.000559972,0.000196028
1847,5.400192e-15,6.803547e-06,0.03056261,0.0,0.000677628,0.000515172,0.0002022366
1848,1.04272e-14,6.899966e-06,0.02647676,0.0,0.0006482019,0.0003926545,0.000377972
1849,7.112448e-15,6.798118e-06,0.03125,0.0,5.6028e-05,0.0005942415,0.000114828
1850,1.058086e-14,8.841878e-06,0.02231386,0.0,0.0009641905,0.000722372,0.000739172
1851,2.261056e-15,5.322763e-06,0.05,0.0,0.000954828,8.1172e-05,0.0009052535
1852,1.339072e-15,4.711143e-06,0.03495516,0.0,0.000361172,0.0009169985,0.0004969998
1853,1.404928e-15,3.40849e-06,0.01515848,0.0,5.459928e-05,0.0001665997,0.0001050001
1854,4.126976e-15,5.251028e-06,0.03494444,0.0,0.000775628,0.000403172,0.0004969995
1855,1.42688e-15,3.918405e-06,0.01651558,0.0,3.499754e-05,0.0008296624,0.0001050013
1856,1.229312e-15,4.134089e-06,0.04792719,0.0,0.0004275382,0.0002086,0.000502057
1857,8.56128e-16,4.711172e-06,0.05618359,0.0,0.000783972,0.0004129908,0.0004941995
1858,1.953728e-15,4.711143e-06,0.02028471,0.0,0.0003654012,0.000968772,0.0005894
1859,1.734208e-15,3.928929e-06,0.07271664,0.0,0.0004018093,0.0001464515,0.0005922065
1860,2.96352e-15,4.809111e-06,0.01785714,0.0,0.000422828,0.0005384581,0.0009085991
1861,7.90272e-16,4.711144e-06,0.05235853,0.0,0.000476028,2.37977e-05,0.0005054003
1862,9.65888e-16,3.411973e-06,0.02516444,0.0,0.0003877964,0.0003513974,0.0009113999
1863,1.229312e-15,4.711142e-06,0.05,0.0,0.000349972,0.0001414,0.0008890003
1864,5.70752e-16,4.133587e-06,0.04742324,0.0,0.0004303421,0.0001498021,0.0005955384
1865,1.53664e-15,4.809255e-06,0.02795085,0.0,0.0005053849,0.000179172,0.000486342
1866,9.00032e-16,4.711142e-06,0.03469244,0.0,0.000420028,0.0005866,0.0009114
1867,7.24416e-16,3.921963e-06,0.02688626,0.0,0.0001974022,0.0003121962,0.0001240587
1868,4.60992e-16,3.917543e-06,0.04602674,0.0,0.0004885999,0.0008912634,0.0008834009
1869,7.02464e-16,4.711143e-06,0.03739956,0.0,0.0002925987,0.000299572,0.0001274004
1870,3.578176e-15,5.251112e-06,0.03569087,0.0,0.000341628,0.0005781815,0.000585172
1871,8.56128e-16,4.128884e-06,0.03614561,0.0,0.0004068674,4.340112e-05,0.0001296591
1872,1.163456e-15,4.127337e-06,0.01232509,0.0,0.0003519362,0.000658865,0.0008805996
1873,9.8784e-16,4.807672e-06,0.0476533,0.0,0.0008503377,0.000800772,0.0004801999
1874,3.95136e-15,4.131084e-06,0.05,0.0,0.0008470012,0.000872732,0.0004779447
1875,1.031744e-15,4.711149e-06,0.0564667,0.0,8.540407e-05,0.000680372,0.0004774015
1876,2.678144e-15,5.326152e-06,0.03125,0.0,0.0009024404,0.000364028,0.000137172
1877,3.161088e-15,6.064669e-06,0.05603669,0.0,0.000971572,0.000411628,0.0004807132
1878,1.31712e-15,4.81128e-06,0.0459986,0.0,1.259553e-05,8.1172e-05,9.045197e-05
1879,4.71968e-15,7.870024e-06,0.0473871,0.0,0.0001587157,0.000380828,0.0001358013
1880,7.02464e-16,3.409948e-06,0.01192183,0.0,9.94e-05,0.0003934023,8.820007e-05
1881,1.6464e-15,4.711286e-06,0.03343691,0.0,0.000405972,0.00082742,0.000138604
1882,7.6832e-16,5.322736e-06,0.03901874,0.0,0.000506772,3.165355e-05,0.000142772
1883,1.20736e-15,4.809896e-06,0.07760358,0.0,0.000627172,0.000777,0.0008727441
1884,1.75616e-15,4.138803e-06,0.015625,0.0,0.0005328558,0.000869396,0.0004723441
1885,7.24416e-16,5.251033e-06,0.05602726,0.0,0.000439572,0.000596372,0.0001413955
1886,1.163456e-15,4.808849e-06,0.03125,0.0,0.0005417969,3.3572e-05,8.76589e-05
1887,1.031744e-15,4.808188e-06,0.04062679,0.0,0.000307972,0.0008078038,0.0001436608
1888,1.053696e-15,3.408797e-06,0.02294677,0.0,0.0006622011,0.0004074,0.0004689997
1889,1.295168e-15,3.913784e-06,0.02083333,0.0,0.0001217836,0.0009623324,0.0001442056
1890,7.46368e-16,5.251074e-06,0.05914893,0.0,0.000909972,0.0008553863,0.000467572
1891,2.261056e-15,3.408181e-06,0.04419417,0.0,0.000147,0.0005193996,0.0001470001
1892,1.42688e-15,6.033024e-06,0.04947551,0.0,0.000263228,0.000520772,0.0001494384
1893,1.470784e-15,4.807566e-06,0.05683523,0.0,7.5572e-05,0.0006011374,0.0001470018
1894,4.60992e-16,4.291173e-06,0.07173624,0.0,0.0004908608,0.0005188665,8.486199e-05
1895,8.12224e-16,4.711142e-06,0.05278687,0.0,0.0008918,0.000531972,0.0004662
1896,1.185408e-15,4.135233e-06,0.03657854,0.0,3.780586e-05,0.0004544601,0.000606743
1897,9.43936e-16,4.711143e-06,0.04329624,0.0,0.0002254009,0.000408828,8.539968e-05
1898,9.351552e-15,7.078717e-06,0.04850852,0.0,0.000856772,0.000366828,0.000145628
1899,1.119552e-15,5.251028e-06,0.03236534,0.0,1.9572e-05,0.000887572,0.0001526
1900,8.34176e-16,4.711153e-06,0.07336885,0.0,0.0004018054,0.000663572,0.0009197986
1901,6.102656e-15,6.032598e-06,0.03057695,0.0,0.000361228,0.000154028,0.0008606409
1902,1.227117e-14,9.255662e-06,0.05739472,0.0,0.000478828,2.8028e-05,0.0008666
1903,3.248896e-15,4.711142e-06,0.02168772,0.0,0.000548828,0.0004437997,0.0005110003
1904,1.53664e-15,4.711143e-06,0.04716667,0.0,0.000330428,0.0004269988,0.0001581997
1905,5.70752e-16,4.129319e-06,0.03378682,0.0,0.0005815391,0.000573135,0.0008526057
1906,1.887872e-15,5.259091e-06,0.03529497,0.0,5.3172e-05,0.0001806117,0.000512372
1907,1.31712e-15,4.135749e-06,0.01222781,0.0,0.0008895489,7.979432e-05,0.0004527347
1908,7.46368e-16,4.127207e-06,0.04103332,0.0,0.0002668644,7.473543e-05,0.0009254027
1909,1.734208e-14,9.215554e-06,0.0342107,0.0,9.5228e-05,0.000579628,0.000170772
1910,1.492736e-15,4.812573e-06,0.03698206,0.0,0.000305172,0.0001833966,0.0008503517
1911,9.65888e-16,3.915366e-06,0.03125,0.0,0.0005720656,0.0009142,7.699981e-05
1912,1.163456e-15,4.711153e-06,0.07760182,0.0,0.0009449959,8.820381e-05,0.000448028
1913,1.492736e-15,3.916976e-06,0.0125,0.0,0.0008834,0.000308864,0.0001694008
1914,4.324544e-15,6.424911e-06,0.08663986,0.0,0.000671972,0.000358428,0.000926772
1915,3.578176e-15,5.251028e-06,0.02894589,0.0,0.000358372,0.000187572,0.0008470002
1916,9.8784e-16,4.711148e-06,0.0575172,0.0,1.54039e-05,0.000881972,0.0001694004
1917,5.04896e-16,4.292913e-06,0.04897188,0.0,0.0006448638,0.000908063,0.0008447406
1918,1.75616e-15,4.711171e-06,0.05289729,0.0,0.0005670074,0.000571228,0.0008442054
1919,6.388032e-15,6.662277e-06,0.03296726,0.0,0.000420028,0.000848372,0.0008442
1920,1.009792e-15,4.139778e-06,0.05779592,0.0,0.0005048483,0.0007434012,7.473789e-05
1921,7.661248e-15,7.078156e-06,0.04337506,0.0,6.7172e-05,0.000428428,0.000618828
1922,6.14656e-16,4.711142e-06,0.05868033,0.0,0.0004186,0.000383572,0.000175
1923,5.488e-16,4.808954e-06,0.0790607,0.0,0.0009539414,0.000389172,0.0001749995
1924,9.00032e-16,4.711142e-06,0.03772903,0.0,0.0004186,0.000400372,0.0001750005
1925,6.5856e-17,4.129257e-06,0.06308279,0.0,0.0009786,0.000447137,0.000443263
1926,8.868608e-15,6.899554e-06,0.04960459,0.0,0.000436828,0.0004262555,0.0001749849
1927,2.151296e-15,5.329986e-06,0.04548719,0.0,0.000456372,0.000588028,0.000174426
1928,1.448832e-15,4.808515e-06,0.07069859,0.0,0.0001744599,5.179825e-05,0.000445172
1929,5.04896e-16,3.919277e-06,0.03300692,0.0,4.2e-06,0.0009091384,0.0004409998
1930,6.717312e-15,6.662324e-06,0.04180472,0.0,0.0007181861,0.000512428,0.000173628
1931,2.326912e-15,4.810535e-06,0.03787345,0.0,0.000414428,0.0008419459,0.0001778015
1932,9.8784e-16,5.320752e-06,0.05049477,0.0,0.000117628,0.0003015387,0.000181972
1933,1.514688e-15,5.251028e-06,0.05832012,0.0,0.000856828,0.000336028,0.0001805996
1934,1.119552e-15,4.137496e-06,0.04847288,0.0,0.0001022041,7.08581e-05,7.365558e-05
1935,2.458624e-15,4.139158e-06,0.03318091,0.0,0.0009679417,0.000164347,0.0006202092
1936,4.60992e-16,4.808524e-06,0.05772548,0.0,0.0003234013,0.0007551402,0.000181972
1937,1.492736e-15,4.136978e-06,0.04419417,0.0,0.000482458,0.0008749935,0.0001800565
1938,9.65888e-16,4.711142e-06,0.02069913,0.0,0.000968772,0.0008498002,0.0008329999
1939,9.373504e-15,7.079893e-06,0.02669532,0.0,0.0009044375,0.000436828,0.000190372
1940,9.65888e-16,4.898003e-06,0.04061357,0.0,5.513325e-05,0.000895972,0.0004359423
1941,1.339072e-15,4.809888e-06,0.03304494,0.0,8.25967e-05,0.000733572,0.0004359441
1942,9.00032e-16,3.409859e-06,0.01406331,0.0,0.0006845978,0.0008638,0.0001862002
1943,1.031744e-15,4.908071e-06,0.04571326,0.0,0.0002444464,0.000907228,0.0006207526
1944,7.90272e-16,4.897253e-06,0.01256608,0.0,5.3228e-05,0.0009567372,0.000186736
1945,2.590336e-15,4.711143e-06,0.06221988,0.0,4.619898e-05,4.4828e-05,0.0001889999
1946,1.361024e-15,4.809229e-06,0.03125,0.0,0.0008240578,0.000775572,0.0005166
1947,8.34176e-16,3.411756e-06,0.03365519,0.0,0.0003318,0.0001218042,0.0008302
1948,8.7808e-16,3.91756e-06,0.03125,0.0,0.0008693975,5.513664e-05,0.0008302003
1949,1.009792e-15,4.808196e-06,0.04959031,0.0,0.0003822003,0.000663572,0.0009315393
1950,2.239104e-15,5.322675e-06,0.025,0.0,8.9572e-05,0.000349972,0.0001923462
1951,1.339072e-15,3.919184e-06,0.03125,0.0,0.0001044617,0.0003598015,0.0001917961
1952,3.73184e-16,3.916479e-06,0.0606679,0.0,5.18e-05,3.833551e-05,0.0005193996
1953,7.02464e-16,4.130275e-06,0.06044207,0.0,0.0001245923,0.0009707373,0.0008251382
1954,3.797696e-15,6.404756e-06,0.05737996,0.0,0.0004060504,0.0007811507,0.000932428
1955,4.60992e-16,5.251028e-06,0.07958954,0.0,0.000232372,0.0006174009,0.000825972
1956,9.00032e-16,3.917949e-06,0.01976424,0.0,0.0009394,0.000693537,0.0006230002
1957,1.558592e-15,5.324219e-06,0.05285976,0.0,9.2372e-05,1.1172e-05,0.0009332478
1958,1.931776e-15,4.711142e-06,0.079,0.0,0.000503972,1.54e-05,0.0001946003
1959,7.90272e-16,3.928036e-06,0.02684183,0.0,3.220664e-05,0.0001806104,0.0005188524
1960,1.668352e-15,4.711143e-06,0.01465411,0.0,0.000842772,0.0008918012,0.0006229998
1961,2.217152e-15,4.810974e-06,0.03409102,0.0,0.0004661919,0.000405972,0.0005188529
1962,2.019584e-15,4.808712e-06,0.02421412,0.0,0.0006482006,0.0007915407,0.000823172
1963,1.031744e-15,5.251028e-06,0.0326713,0.0,0.000601972,0.000193172,0.0001973997
1964,1.185408e-15,3.410963e-06,0.04419417,0.0,0.0004353975,0.000861,0.0006258023
1965,6.278272e-15,5.4614e-06,0.01474102,0.0,0.0008414,0.000907172,0.0006257998
1966,5.488e-16,3.407848e-06,0.06308676,0.0,0.0007294,0.0004942,0.0002001999
1967,2.63424e-16,3.407944e-06,0.02885647,0.0,0.0009786,0.0003626,0.0004242002
1968,7.200256e-15,6.719904e-06,0.05080456,0.0,3.0772e-05,0.000166111,0.000420028
1969,2.85376e-16,4.131818e-06,0.03570831,0.0,1.4e-06,8.873908e-05,0.0004219388
1970,1.97568e-15,4.711142e-06,0.02795085,0.0,0.000210028,0.0002786,0.0002057999
1971,1.382976e-15,4.134575e-06,0.05,0.0,0.0001083415,0.0008251405,0.0004185918
1972,1.382976e-15,4.806216e-06,0.05,0.0,0.0006168665,0.000853972,0.0009366001
1973,5.488e-16,4.807248e-06,0.05952278,0.0,0.000229628,0.000326196,0.0002080635
1974,5.92704e-16,4.711143e-06,0.06437492,0.0,0.0001609992,0.000369572,5.739984e-05
1975,4.763584e-15,6.689115e-06,0.03673356,0.0,0.000610372,0.000428428,0.0002089323
1976,9.65888e-16,4.134389e-06,0.0625,0.0,4.954018e-05,0.0002029972,5.794153e-05
1977,7.46368e-16,4.807152e-06,0.0776032,0.0,4.566378e-05,0.000137172,0.0009393997
1978,5.26848e-16,4.807762e-06,0.05141832,0.0,0.000114828,0.000174462,0.0009394002
1979,6.36608e-16,3.408257e-06,0.02179305,0.0,0.0005502005,0.0001302,0.0002113998
1980,1.053696e-15,4.14419e-06,0.0223978,0.0,0.0006173952,0.000712053,0.0008055494
1981,8.100288e-15,6.801812e-06,0.04252306,0.0,0.000252028,0.000943572,0.0004094309
1982,8.12224e-16,4.711144e-06,0.04298517,0.0,0.000887572,0.0002226008,0.0006341977
1983,1.558592e-15,3.408846e-06,0.01515848,0.0,0.000861,0.0007042012,0.0002141998
1984,1.031744e-15,4.711158e-06,0.05256123,0.0,0.000447972,0.0008161942,0.0002141965
1985,8.34176e-16,3.92245e-06,0.02588835,0.0,0.000533401,0.0005165942,0.0007999417
1986,1.668352e-15,4.809982e-06,0.03997648,0.0,0.000727972,0.0005026016,0.0002164556
1987,9.43936e-16,3.408005e-06,0.02953858,0.0,0.0002226,0.000917,0.0004073997
1988,9.43936e-16,3.915547e-06,0.019765,0.0,0.0008414021,0.0002808655,0.0002197954
1989,6.14656e-16,4.711149e-06,0.06593795,0.0,0.000694372,0.0004382038,0.0002198021
1990,1.119552e-15,3.407978e-06,0.02209709,0.0,0.0003150002,0.0001274,5.180017e-05
1991,1.075648e-15,4.711142e-06,0.02768213,0.0,0.000758772,0.0005222,0.0002197999
1992,1.20736e-15,3.411558e-06,0.01753204,0.0,0.0003457973,0.000975797,0.0002198001
1993,1.141504e-15,3.91666e-06,0.01041821,0.0,0.0003536643,0.0009786,0.0006369945
1994,5.400192e-15,6.986843e-06,0.03415338,0.0,0.0009646061,0.0004717809,0.0004051357
1995,1.800064e-15,6.415555e-06,0.06670816,0.0,0.000574028,0.000809172,0.000789628
1996,7.46368e-16,3.409336e-06,0.03227932,0.0,0.0009450017,7.98e-05,0.0007910002
1997,1.20736e-15,4.711151e-06,0.0625,0.0,0.0005025952,0.0006034011,0.000641172
1998,1.931776e-15,4.291534e-06,0.02795085,0.0,0.000855935,0.0003267392,0.0002304629
1999,4.60992e-16,4.807874e-06,0.06606721,0.0,0.0003710043,9.5228e-05,4.673829e-05
2000,8.12224e-16,4.288707e-06,0.02917056,0.0,0.0009175356,0.0003676652,0.0002360642
2001,1.163456e-15,3.408023e-06,0.01400058,0.0,0.0009086,3.22e-05,0.0006453997
2002,9.00032e-16,4.127292e-06,0.01792781,0.0,0.000466734,0.0001587372,0.0006454002
2003,4.17088e-16,4.131222e-06,0.07270567,0.0,0.000531137,0.00054514,0.0003905994
2004,7.24416e-16,3.408009e-06,0.01277107,0.0,0.0009786,0.0007154,0.0002394003
2005,3.2928e-15,4.8078e-06,0.03003163,0.0,0.000193172,0.0005507381,0.000567
2006,2.809856e-15,6.799399e-06,0.05547793,0.0,0.000263228,0.000193228,3.856221e-05
2007,4.82944e-16,4.810407e-06,0.07120976,0.0,0.000274372,0.0008296544,0.0002422016
2008,9.21984e-16,4.711143e-06,0.07009632,0.0,0.0009029997,4.899825e-05,0.000386428
2009,1.163456e-15,3.408106e-06,0.0125,0.0,0.000133,0.0007266,0.0002449996
2010,4.675776e-15,7.054271e-06,0.03346932,0.0,0.0009633275,0.000730828,0.000770028
2011,5.04896e-16,4.129167e-06,0.0460394,0.0,0.0009338003,0.0008156632,0.0002455371
2012,6.36608e-16,4.129084e-06,0.03125,0.0,0.000967936,0.0001475378,0.0002478001
2013,1.580544e-15,4.806747e-06,0.06849923,0.0,0.0001016649,0.000176372,0.0003850001
2014,1.053696e-15,4.291836e-06,0.04404526,0.0,0.0002203342,0.0008615321,0.0007708546
2015,9.65888e-16,4.810987e-06,0.07738416,0.0,0.0007489921,0.000851228,0.0007719471
2016,1.119552e-15,4.711304e-06,0.04951554,0.0,0.0001441786,0.000960372,0.0009506029
2017,1.009792e-15,3.407845e-06,0.05,0.0,0.0005194,0.0005782,0.0005306001
2018,3.95136e-16,4.129884e-06,0.06409635,0.0,0.0008386035,6.353463e-05,0.0007719404
2019,1.185408e-15,3.916857e-06,0.03699097,0.0,0.0001072641,0.0006734,0.0002505999
2020,8.56128e-16,4.126871e-06,0.03213951,0.0,0.0002651329,0.0007854049,0.0002500624
2021,1.031744e-15,3.408978e-06,0.02551552,0.0,0.0005725987,0.0006426,0.0002534002
2022,1.163456e-15,5.251028e-06,0.02195319,0.0,0.000369572,0.000554372,0.0009534002
2023,3.204992e-15,6.001286e-06,0.02343919,0.0,0.000372428,0.000579628,0.0009534
2024,8.34176e-16,3.407863e-06,0.01160596,0.0,0.0003178,0.0008974,0.0002562001
2025,1.339072e-15,4.904434e-06,0.05145883,0.0,0.0008996547,0.000123228,0.0007663499
2026,1.273216e-15,3.408155e-06,0.0585494,0.0,0.0003569996,0.0003961999,0.0002590001
2027,6.80512e-16,4.807082e-06,0.07271631,0.0,8.3972e-05,0.000883936,3.220002e-05
2028,2.546432e-15,5.6705e-06,0.08128674,0.0,0.000133,0.000747572,0.0002581923
2029,8.7808e-16,4.711143e-06,0.03671086,0.0,9.798532e-06,0.000442372,0.0005641994
2030,4.60992e-16,4.806912e-06,0.05849484,0.0,0.0008923355,0.000369572,0.0007629997
2031,2.85376e-16,3.919502e-06,0.05139743,0.0,0.0009786,0.0003480613,0.0002617998
2032,4.82944e-16,3.415296e-06,0.06000958,0.0,4.620052e-05,0.0005782079,0.0002618002
2033,7.90272e-16,4.293352e-06,0.02795085,0.0,0.0001307397,0.0006812647,0.0002623396
2034,5.26848e-16,4.134083e-06,0.04541518,0.0,0.0003038026,0.0001212583,3.16604e-05
2035,1.295168e-15,4.711154e-06,0.05,0.0,0.0007797943,1.4e-06,0.000377972
2036,9.8784e-16,4.808801e-06,0.04073119,0.0,0.000626341,0.0008917984,0.000534772
2037,9.8784e-16,3.917371e-06,0.03125,0.0,0.0008968635,0.0008806,0.0002674003
2038,2.502528e-15,5.251028e-06,0.05,0.0,0.000372372,0.000336028,2.940005e-05
2039,6.5856e-16,3.420035e-06,0.04523041,0.0,6.01938e-05,0.0009757891,0.0007546032
2040,3.40256e-15,6.159414e-06,0.03479404,0.0,0.000229572,0.000848372,0.0007554207
2041,4.17088e-16,5.251028e-06,0.07676579,0.0,0.000839972,0.000764372,0.0007545999
2042,1.931776e-15,4.811893e-06,0.02405802,0.0,0.0009645799,0.000728028,0.0006571494
2043,8.12224e-16,3.917252e-06,0.04671242,0.0,0.0003676637,8.26e-05,2.940061e-05
2044,1.470784e-15,4.81094e-06,0.02642992,0.0,5.3172e-05,0.000742853,0.0003654015
2045,7.02464e-16,4.291384e-06,0.04889475,0.0,0.0009668653,0.0002668588,0.0006599351
2046,1.0976e-15,3.916622e-06,0.01976424,0.0,0.0008722,9.606434e-05,0.0007518003
2047,8.12224e-16,4.711142e-06,0.03326929,0.0,0.000887572,1.4e-06,0.0007518003
2048,1.0976e-15,4.711142e-06,0.0625,0.0,0.000341572,0.0006650002,0.0006593998
2049,1.141504e-15,3.408434e-06,0.01974113,0.0,0.0007685993,0.0003906,0.0002758002
2050,9.43936e-16,4.140922e-06,0.06395688,0.0,0.0002343485,0.0009562076,0.0006599429
2051,1.20736e-15,3.920462e-06,0.03661165,0.0,0.0007635396,2.379372e-05,0.0003654061
2052,6.080704e-15,6.001286e-06,0.0631038,0.0,0.000938028,0.000831572,0.0007461985
2053,6.5856e-15,6.722685e-06,0.03956744,0.0,0.000125972,0.000697228,0.0002780992
2054,1.909824e-15,4.81191e-06,0.04159039,0.0,0.0001946025,0.000949172,0.0007428502
2055,1.361024e-15,4.806667e-06,0.015625,0.0,0.000946372,0.0003295348,0.0002814
2056,1.229312e-15,3.916935e-06,0.04794105,0.0,0.0002729986,0.0005501974,0.000281936
2057,4.631872e-15,6.033374e-06,0.03114418,0.0,0.000187572,0.000643972,0.0007402364
2058,1.6464e-15,3.934507e-06,0.06776388,0.0,0.0008358,0.0001413988,0.0007372455
2059,5.04896e-16,4.899292e-06,0.05007408,0.0,0.000139972,4.953787e-05,0.0006683417
2060,9.00032e-16,3.412821e-06,0.02694594,0.0,0.0001582045,0.0006902027,0.0007350009
2061,1.119552e-15,4.305322e-06,0.02773411,0.0,0.0009360558,0.0001772604,0.0007355526
2062,3.380608e-15,6.420465e-06,0.0351064,0.0,0.000943628,0.000893172,0.000733628
2063,1.404928e-15,4.711146e-06,0.05028752,0.0,0.000688772,0.0002646032,0.0002925991
2064,5.04896e-16,3.92498e-06,0.06238829,0.0,0.0007405921,0.0003990126,0.0002931442
2065,1.97568e-15,4.71115e-06,0.02986743,0.0,0.0009225993,0.000201628,0.0007293955
2066,8.56128e-16,3.923691e-06,0.08230964,0.0,0.0003345896,0.000713143,0.0002954018
2067,4.3904e-16,3.40818e-06,0.04060004,0.0,0.0001694,0.0003009995,1.54e-05
2068,9.43936e-16,4.14415e-06,0.0625,0.0,0.0003659498,0.0006347464,0.0005418103
2069,1.668352e-15,4.13162e-06,0.03802016,0.0,0.000399531,0.0002108535,0.0002981984
2070,9.21984e-16,4.711142e-06,0.06940942,0.0,0.0004829998,0.000638372,0.0003542002
2071,8.253952e-15,6.69157e-06,0.07168534,0.0,0.000814828,0.0003930527,0.000291228
2072,6.80512e-16,3.408776e-06,0.05104251,0.0,0.0008357994,0.0001162007,0.0007265994
2073,3.907456e-15,6.062859e-06,0.03129306,0.0,0.0001699057,0.000646828,0.000722372
2074,5.04896e-16,3.92286e-06,0.0864638,0.0,0.0007523423,0.0009786,0.0005417988
2075,3.07328e-16,4.807609e-06,0.0557784,0.0,0.0009483376,0.000173572,0.0006734006
2076,4.873344e-15,6.319596e-06,0.01767554,0.0,0.000366828,0.0008358096,0.0003493827
2077,9.65888e-16,3.408396e-06,0.04681415,0.0,0.0001638007,0.0006118,0.0009701998
2078,5.488e-16,4.13517e-06,0.03701349,0.0,0.0008559414,0.0001161953,0.0005440586
2079,3.600128e-15,4.711143e-06,0.02403881,0.0,0.0001918009,0.000616028,0.0007210002
2080,1.843968e-15,3.925355e-06,0.05821698,0.0,0.0005446119,0.0006873904,0.0003015446
2081,1.558592e-15,4.897635e-06,0.05009754,0.0,0.000333172,0.0004124633,0.0003519377
2082,5.70752e-16,4.806479e-06,0.05141829,0.0,0.0009024658,0.000162372,0.0007210001
2083,1.134918e-14,8.728064e-06,0.03125,0.0,0.000371,0.0002616112,8.428e-06
2084,3.644032e-15,4.900997e-06,0.02795085,0.0,0.000273537,0.000915572,0.0007176524
2085,1.448832e-15,4.711145e-06,0.05799546,0.0,0.0008974029,0.000142772,0.0007182006
2086,2.392768e-15,4.711149e-06,0.01976424,0.0,0.0006034021,8.1172e-05,0.0007181962
2087,1.20736e-15,3.41236e-06,0.01990115,0.0,0.0007181951,0.0003318,0.0003066001
2088,1.382976e-15,4.806299e-06,0.04491871,0.0,0.0006112662,0.000243572,0.0009730022
2089,1.843968e-15,4.137641e-06,0.03128018,0.0,0.0004270089,0.00049474,0.0005440536
2090,1.163456e-15,4.808408e-06,0.07264709,0.0,0.0001184602,0.0004185988,0.000974372
2091,1.492736e-15,3.918049e-06,0.02083333,0.0,0.0001777994,0.0005255372,0.0005446011
2092,1.580544e-15,4.711143e-06,0.03580339,0.0,0.000709799,0.000299572,0.0003093998
2093,1.075648e-15,4.711145e-06,0.05964245,0.0,0.000117572,0.0009786,0.0006762027
2094,2.019584e-15,4.808381e-06,0.06299632,0.0,0.0001923398,0.000702772,0.0007098037
2095,8.12224e-16,3.408343e-06,0.02938705,0.0,0.0009505994,0.0006958001,0.0007098001
2096,1.119552e-15,5.251031e-06,0.05431468,0.0,0.000417228,0.000453628,0.0003122037
2097,3.051328e-15,8.810742e-06,0.02900298,0.0,0.000974372,0.000783972,0.0003151968
2098,1.20736e-15,4.143186e-06,0.02999233,0.0,0.0007075535,0.0002528588,0.0003149921
2099,7.6832e-16,4.711163e-06,0.0625,0.0,0.0006146077,0.000974428,1.4e-06
2100,1.800064e-15,8.333414e-06,0.0500103,0.0,0.000977172,0.0008220266,0.000344372
2101,1.229312e-15,4.711142e-06,0.01071866,0.0,0.0006482005,0.000632772,0.0003429999
2102,2.85376e-16,3.407861e-06,0.02706799,0.0,0.0009758,0.0002366,0.0007069999
2103,5.641664e-15,6.034153e-06,0.03194746,0.0,0.000307972,0.000442428,0.000342632
2104,1.6464e-15,3.9168e-06,0.02858944,0.0,0.0009645985,0.0003150008,0.0003424641
2105,4.60992e-16,3.409637e-06,0.03409881,0.0,0.0004802017,0.000782599,0.0007013996
2106,6.5856e-16,4.810942e-06,0.08333206,0.0,5.234707e-05,0.000582428,0.0003206032
2107,1.0976e-15,4.135005e-06,0.04762686,0.0,0.0006140567,0.0008940612,0.0005474228
2108,1.492736e-15,3.407829e-06,0.02209709,0.0,0.0004801999,0.0007378,0.0003402001
2109,5.70752e-16,4.292909e-06,0.06687323,0.0,0.0004488637,0.0005048607,0.0006812618
2110,5.092864e-15,6.415555e-06,0.02899598,0.0,0.000436828,0.000288372,0.000554372
2111,1.119552e-15,4.711144e-06,0.0739431,0.0,0.0007238021,0.000274428,0.0003262
2112,4.28064e-15,6.001286e-06,0.05040883,0.0,0.000279972,0.0004522,0.000327572
2113,2.370816e-15,3.408375e-06,0.02083333,0.0,0.0004466006,0.0004382,0.0005502004
2114,1.339072e-15,4.158004e-06,0.01615282,0.0,1.4e-06,0.000861,0.000693
2115,1.97568e-15,4.808729e-06,0.06466683,0.0,0.000439572,0.0006515408,0.0005501975
2116,1.86592e-15,5.667527e-06,0.05278855,0.0,0.000895972,9.5172e-05,0.000694372
2117,1.668352e-15,5.739362e-06,0.05820209,0.0,0.0005115104,8.6772e-05,0.0006937924
2118,2.941568e-15,6.415555e-06,0.03666279,0.0,0.000912772,0.000909972,0.000688828
2119,6.14656e-16,3.408024e-06,0.02995218,0.0,0.0002113997,0.0009562,0.0005502
2120,1.053696e-15,4.812843e-06,0.05476681,0.0,0.0006151525,0.000954772,0.0003317976
2121,9.00032e-16,4.711156e-06,0.05550279,0.0,0.0003793936,0.000235228,0.0003345997
2122,8.7808e-17,3.917676e-06,0.02967384,0.0,0.0009786,0.0007238,0.0006851368
2123,1.53664e-15,4.810202e-06,0.01733438,0.0,0.000893172,0.000192345,0.000687397
2124,1.20736e-15,3.407975e-06,0.01733683,0.0,0.0003626001,0.0009758,0.0006846002
