frame,time_s,time_h,mechanism,frequency_hz,sigma_real_s_m,sigma_imag_s_m,residual_norm,solve_height_px,solve_width_px,downsample,water_sigma_real_s_m,water_sigma_imag_s_m,solid_sigma_real_s_m,solid_sigma_imag_s_m,driver_mode,saturation_factor,interface_saturation_factor,interface_delta_real_s_m,interface_delta_imag_s_m,paper_phi,paper_sw,paper_sigma_w_s_m,paper_cec_meq_g,paper_qv_c_m3
1,1.0,0.0002777777777777778,maxwell,1.0,0.01011095706174703,2.859376355151375e-09,2.2456949435468574e-15,53,144,8,0.019808629190565665,4.448495197483147e-09,1e-08,4.726526147325844e-10,paper,1.0,1.0,0.33114185491090126,0.05519030915181687,0.7100250470337295,1.0,0.019808629190565665,0.01552033849640014,1657366.641195702
1,1.0,0.0002777777777777778,maxwell,2.5,0.01011095706179791,7.148440887914895e-09,2.4785807230657655e-15,53,144,8,0.019808629190565665,1.112123799370787e-08,1e-08,1.1816315368314611e-09,paper,1.0,1.0,0.33114185491090126,0.05519030915181687,0.7100250470337295,1.0,0.019808629190565665,0.01552033849640014,1657366.641195702
1,1.0,0.0002777777777777778,maxwell,10.0,0.010110957061744837,2.8593763551683876e-08,2.319022393753243e-15,53,144,8,0.019808629190565665,4.448495197483148e-08,1e-08,4.7265261473258444e-09,paper,1.0,1.0,0.33114185491090126,0.05519030915181687,0.7100250470337295,1.0,0.019808629190565665,0.01552033849640014,1657366.641195702
1,1.0,0.0002777777777777778,maxwell,100.0,0.010110957061991343,2.8593763550957844e-07,2.3497539822490796e-15,53,144,8,0.019808629190565665,4.4484951974831477e-07,1e-08,4.7265261473258444e-08,paper,1.0,1.0,0.33114185491090126,0.05519030915181687,0.7100250470337295,1.0,0.019808629190565665,0.01552033849640014,1657366.641195702
1,1.0,0.0002777777777777778,maxwell,1000.0,0.010110957086175697,2.8593763483856175e-06,2.3933466333302283e-15,53,144,8,0.019808629190565665,4.448495197483147e-06,1e-08,4.726526147325844e-07,paper,1.0,1.0,0.33114185491090126,0.05519030915181687,0.7100250470337295,1.0,0.019808629190565665,0.01552033849640014,1657366.641195702
1,1.0,0.0002777777777777778,maxwell,10000.0,0.010110959506041895,2.859375678809034e-05,2.3631238593020468e-15,53,144,8,0.019808629190565665,4.448495197483148e-05,1e-08,4.726526147325844e-06,paper,1.0,1.0,0.33114185491090126,0.05519030915181687,0.7100250470337295,1.0,0.019808629190565665,0.01552033849640014,1657366.641195702
1,1.0,0.0002777777777777778,grain,1.0,0.010111539694874466,6.290778631583105e-10,2.5052543931866042e-15,53,144,8,0.019809770643261677,1.2324437141129773e-09,1e-08,0.0,paper,1.0,1.0,0.33114185491090126,0.05519030915181687,0.7100250470337295,1.0,0.019808629190565665,0.01552033849640014,1657366.641195702
1,1.0,0.0002777777777777778,grain,2.5,0.010111539695546684,2.516313916769495e-10,2.188055568654335e-15,53,144,8,0.019809770644379457,4.929779683978142e-10,1e-08,0.0,paper,1.0,1.0,0.33114185491090126,0.05519030915181687,0.7100250470337295,1.0,0.019808629190565665,0.01552033849640014,1657366.641195702
1,1.0,0.0002777777777777778,grain,10.0,0.010111539695598219,6.290785891992252e-11,2.089152267772857e-15,53,144,8,0.019809770644579058,1.232445136509348e-10,1e-08,0.0,paper,1.0,1.0,0.33114185491090126,0.05519030915181687,0.7100250470337295,1.0,0.019808629190565665,0.01552033849640014,1657366.641195702
1,1.0,0.0002777777777777778,grain,100.0,0.010111539695637606,6.2907859645891054e-12,2.059295446177852e-15,53,144,8,0.019809770644592235,1.2324451507333281e-11,1e-08,0.0,paper,1.0,1.0,0.33114185491090126,0.05519030915181687,0.7100250470337295,1.0,0.019808629190565665,0.01552033849640014,1657366.641195702
1,1.0,0.0002777777777777778,grain,1000.0,0.010111539695636251,6.290785965315716e-13,1.9584520785278192e-15,53,144,8,0.019809770644592366,1.2324451508755681e-12,1e-08,0.0,paper,1.0,1.0,0.33114185491090126,0.05519030915181687,0.7100250470337295,1.0,0.019808629190565665,0.01552033849640014,1657366.641195702
1,1.0,0.0002777777777777778,grain,10000.0,0.010111539695636251,6.290785965323095e-14,1.9584520785278192e-15,53,144,8,0.019809770644592366,1.2324451508769903e-13,1e-08,0.0,paper,1.0,1.0,0.33114185491090126,0.05519030915181687,0.7100250470337295,1.0,0.019808629190565665,0.01552033849640014,1657366.641195702
1,1.0,0.0002777777777777778,interface,1.0,0.1791361288447547,0.02817086196390334,2.223595054538842e-15,53,144,8,0.3509504841014669,0.05519030915181687,1e-08,0.0,paper,1.0,1.0,0.33114185491090126,0.05519030915181687,0.7100250470337295,1.0,0.019808629190565665,0.01552033849640014,1657366.641195702
1,1.0,0.0002777777777777778,interface,2.5,0.1791361288447547,0.02817086196390334,2.223595054538842e-15,53,144,8,0.3509504841014669,0.05519030915181687,1e-08,0.0,paper,1.0,1.0,0.33114185491090126,0.05519030915181687,0.7100250470337295,1.0,0.019808629190565665,0.01552033849640014,1657366.641195702
1,1.0,0.0002777777777777778,interface,10.0,0.1791361288447547,0.02817086196390334,2.223595054538842e-15,53,144,8,0.3509504841014669,0.05519030915181687,1e-08,0.0,paper,1.0,1.0,0.33114185491090126,0.05519030915181687,0.7100250470337295,1.0,0.019808629190565665,0.01552033849640014,1657366.641195702
1,1.0,0.0002777777777777778,interface,100.0,0.1791361288447547,0.02817086196390334,2.223595054538842e-15,53,144,8,0.3509504841014669,0.05519030915181687,1e-08,0.0,paper,1.0,1.0,0.33114185491090126,0.05519030915181687,0.7100250470337295,1.0,0.019808629190565665,0.01552033849640014,1657366.641195702
1,1.0,0.0002777777777777778,interface,1000.0,0.1791361288447547,0.02817086196390334,2.223595054538842e-15,53,144,8,0.3509504841014669,0.05519030915181687,1e-08,0.0,paper,1.0,1.0,0.33114185491090126,0.05519030915181687,0.7100250470337295,1.0,0.019808629190565665,0.01552033849640014,1657366.641195702
1,1.0,0.0002777777777777778,interface,10000.0,0.1791361288447547,0.02817086196390334,2.223595054538842e-15,53,144,8,0.3509504841014669,0.05519030915181687,1e-08,0.0,paper,1.0,1.0,0.33114185491090126,0.05519030915181687,0.7100250470337295,1.0,0.019808629190565665,0.01552033849640014,1657366.641195702
1,1.0,0.0002777777777777778,all,1.0,0.17913671147773963,0.028170865452400353,2.1224700320588887e-15,53,144,8,0.3509516255541629,0.055190314832755785,1e-08,4.726526147325844e-10,paper,1.0,1.0,0.33114185491090126,0.05519030915181687,0.7100250470337295,1.0,0.019808629190565665,0.01552033849640014,1657366.641195702
1,1.0,0.0002777777777777778,all,2.5,0.1791367114796268,0.028170869364040136,2.2302657216073556e-15,53,144,8,0.3509516255552807,0.055190320766032835,1e-08,1.1816315368314611e-09,paper,1.0,1.0,0.33114185491090126,0.05519030915181687,0.7100250470337295,1.0,0.019808629190565665,0.01552033849640014,1657366.641195702
1,1.0,0.0002777777777777778,all,10.0,0.1791367114793388,0.028170890620548044,2.136802112793429e-15,53,144,8,0.3509516255554803,0.05519035376001336,1e-08,4.7265261473258444e-09,paper,1.0,1.0,0.33114185491090126,0.05519030915181687,0.7100250470337295,1.0,0.019808629190565665,0.01552033849640014,1657366.641195702
1,1.0,0.0002777777777777778,all,100.0,0.17913671147907506,0.028171147908005515,2.0794504095678957e-15,53,144,8,0.3509516255554935,0.055190754013661074,1e-08,4.7265261473258444e-08,paper,1.0,1.0,0.33114185491090126,0.05519030915181687,0.7100250470337295,1.0,0.019808629190565665,0.01552033849640014,1657366.641195702
1,1.0,0.0002777777777777778,all,1000.0,0.1791367114805739,0.028173721341691885,2.248939452726699e-15,53,144,8,0.35095162555549364,0.0551947576482468,1e-08,4.726526147325844e-07,paper,1.0,1.0,0.33114185491090126,0.05519030915181687,0.7100250470337295,1.0,0.019808629190565665,0.01552033849640014,1657366.641195702
1,1.0,0.0002777777777777778,all,10000.0,0.1791367116135201,0.028199455715945513,2.2441697663701725e-15,53,144,8,0.35095162555549364,0.05523479410391495,1e-08,4.726526147325844e-06,paper,1.0,1.0,0.33114185491090126,0.05519030915181687,0.7100250470337295,1.0,0.019808629190565665,0.01552033849640014,1657366.641195702
2,2.0,0.0005555555555555556,maxwell,1.0,0.015275464943161602,2.859376704849445e-09,2.214539949598637e-15,53,144,8,0.02992655838113133,4.448495197483147e-09,1e-08,4.726526147325844e-10,paper,1.0,1.0,0.32920585347474374,0.054867642245790625,0.710034951067459,1.0,0.02992655838113133,0.01543034199280028,1647676.9443180368
2,2.0,0.0005555555555555556,maxwell,2.5,0.015275464943102285,7.148441762154744e-09,2.0097705770741593e-15,53,144,8,0.02992655838113133,1.112123799370787e-08,1e-08,1.1816315368314611e-09,paper,1.0,1.0,0.32920585347474374,0.054867642245790625,0.710034951067459,1.0,0.02992655838113133,0.01543034199280028,1647676.9443180368
2,2.0,0.0005555555555555556,maxwell,10.0,0.015275464943078477,2.8593767048570123e-08,1.931912876456332e-15,53,144,8,0.02992655838113133,4.448495197483148e-08,1e-08,4.7265261473258444e-09,paper,1.0,1.0,0.32920585347474374,0.054867642245790625,0.710034951067459,1.0,0.02992655838113133,0.01543034199280028,1647676.9443180368
2,2.0,0.0005555555555555556,maxwell,100.0,0.015275464943234713,2.859376704820023e-07,1.899151983165924e-15,53,144,8,0.02992655838113133,4.4484951974831477e-07,1e-08,4.7265261473258444e-08,paper,1.0,1.0,0.32920585347474374,0.054867642245790625,0.710034951067459,1.0,0.02992655838113133,0.01543034199280028,1647676.9443180368
2,2.0,0.0005555555555555556,maxwell,1000.0,0.015275464959317357,2.8593767018860797e-06,2.10546080745219e-15,53,144,8,0.02992655838113133,4.448495197483147e-06,1e-08,4.726526147325844e-07,paper,1.0,1.0,0.32920585347474374,0.054867642245790625,0.710034951067459,1.0,0.02992655838113133,0.01543034199280028,1647676.9443180368
2,2.0,0.0005555555555555556,maxwell,10000.0,0.01527546656104025,2.8593764085294868e-05,2.0736639576148344e-15,53,144,8,0.02992655838113133,4.448495197483148e-05,1e-08,4.726526147325844e-06,paper,1.0,1.0,0.32920585347474374,0.054867642245790625,0.710034951067459,1.0,0.02992655838113133,0.01543034199280028,1647676.9443180368
2,2.0,0.0005555555555555556,grain,1.0,0.015276047576373363,6.290778631672318e-10,2.072603532100255e-15,53,144,8,0.029927699833827343,1.2324437141129773e-09,1e-08,0.0,paper,1.0,1.0,0.32920585347474374,0.054867642245790625,0.710034951067459,1.0,0.02992655838113133,0.01543034199280028,1647676.9443180368
2,2.0,0.0005555555555555556,grain,2.5,0.015276047576852208,2.5163139167832726e-10,1.9326621487616483e-15,53,144,8,0.029927699834945122,4.929779683978142e-10,1e-08,0.0,paper,1.0,1.0,0.32920585347474374,0.054867642245790625,0.710034951067459,1.0,0.02992655838113133,0.01543034199280028,1647676.9443180368
2,2.0,0.0005555555555555556,grain,10.0,0.015276047576992136,6.290785891980594e-11,1.7954100485452767e-15,53,144,8,0.029927699835144723,1.232445136509348e-10,1e-08,0.0,paper,1.0,1.0,0.32920585347474374,0.054867642245790625,0.710034951067459,1.0,0.02992655838113133,0.01543034199280028,1647676.9443180368
2,2.0,0.0005555555555555556,grain,100.0,0.0152760475769807,6.290785964586159e-12,1.712535157371755e-15,53,144,8,0.0299276998351579,1.2324451507333281e-11,1e-08,0.0,paper,1.0,1.0,0.32920585347474374,0.054867642245790625,0.710034951067459,1.0,0.02992655838113133,0.01543034199280028,1647676.9443180368
2,2.0,0.0005555555555555556,grain,1000.0,0.015276047577045274,6.290785965312906e-13,1.938299364755335e-15,53,144,8,0.02992769983515803,1.2324451508755681e-12,1e-08,0.0,paper,1.0,1.0,0.32920585347474374,0.054867642245790625,0.710034951067459,1.0,0.02992655838113133,0.01543034199280028,1647676.9443180368
2,2.0,0.0005555555555555556,grain,10000.0,0.015276047577045274,6.290785965322315e-14,1.938299364755335e-15,53,144,8,0.02992769983515803,1.2324451508769903e-13,1e-08,0.0,paper,1.0,1.0,0.32920585347474374,0.054867642245790625,0.710034951067459,1.0,0.02992655838113133,0.01543034199280028,1647676.9443180368
2,2.0,0.0005555555555555556,interface,1.0,0.18331244097101596,0.02800616267130785,2.2065499975259546e-15,53,144,8,0.3591324118558751,0.054867642245790625,1e-08,0.0,paper,1.0,1.0,0.32920585347474374,0.054867642245790625,0.710034951067459,1.0,0.02992655838113133,0.01543034199280028,1647676.9443180368
2,2.0,0.0005555555555555556,interface,2.5,0.18331244097101596,0.02800616267130785,2.2065499975259546e-15,53,144,8,0.3591324118558751,0.054867642245790625,1e-08,0.0,paper,1.0,1.0,0.32920585347474374,0.054867642245790625,0.710034951067459,1.0,0.02992655838113133,0.01543034199280028,1647676.9443180368
2,2.0,0.0005555555555555556,interface,10.0,0.18331244097101596,0.02800616267130785,2.2065499975259546e-15,53,144,8,0.3591324118558751,0.054867642245790625,1e-08,0.0,paper,1.0,1.0,0.32920585347474374,0.054867642245790625,0.710034951067459,1.0,0.02992655838113133,0.01543034199280028,1647676.9443180368
2,2.0,0.0005555555555555556,interface,100.0,0.18331244097101596,0.02800616267130785,2.2065499975259546e-15,53,144,8,0.3591324118558751,0.054867642245790625,1e-08,0.0,paper,1.0,1.0,0.32920585347474374,0.054867642245790625,0.710034951067459,1.0,0.02992655838113133,0.01543034199280028,1647676.9443180368
2,2.0,0.0005555555555555556,interface,1000.0,0.18331244097101596,0.02800616267130785,2.2065499975259546e-15,53,144,8,0.3591324118558751,0.054867642245790625,1e-08,0.0,paper,1.0,1.0,0.32920585347474374,0.054867642245790625,0.710034951067459,1.0,0.02992655838113133,0.01543034199280028,1647676.9443180368
2,2.0,0.0005555555555555556,interface,10000.0,0.18331244097101596,0.02800616267130785,2.2065499975259546e-15,53,144,8,0.3591324118558751,0.054867642245790625,1e-08,0.0,paper,1.0,1.0,0.32920585347474374,0.054867642245790625,0.710034951067459,1.0,0.02992655838113133,0.01543034199280028,1647676.9443180368
2,2.0,0.0005555555555555556,all,1.0,0.18331302360567453,0.02800616615998059,2.3211018292364417e-15,53,144,8,0.3591335533085711,0.05486764792672954,1e-08,4.726526147325844e-10,paper,1.0,1.0,0.32920585347474374,0.054867642245790625,0.710034951067459,1.0,0.02992655838113133,0.01543034199280028,1647676.9443180368
2,2.0,0.0005555555555555556,all,2.5,0.18331302360415005,0.028006170071492496,2.1596324138122314e-15,53,144,8,0.3591335533096889,0.05486765386000659,1e-08,1.1816315368314611e-09,paper,1.0,1.0,0.32920585347474374,0.054867642245790625,0.710034951067459,1.0,0.02992655838113133,0.01543034199280028,1647676.9443180368
2,2.0,0.0005555555555555556,all,10.0,0.1833130236050209,0.028006191327962643,2.1097581698042474e-15,53,144,8,0.35913355330988844,0.054867686853987116,1e-08,4.7265261473258444e-09,paper,1.0,1.0,0.32920585347474374,0.054867642245790625,0.710034951067459,1.0,0.02992655838113133,0.01543034199280028,1647676.9443180368
2,2.0,0.0005555555555555556,all,100.0,0.18331302360363347,0.02800644861534361,2.1779654732090067e-15,53,144,8,0.35913355330990165,0.05486808710763483,1e-08,4.7265261473258444e-08,paper,1.0,1.0,0.32920585347474374,0.054867642245790625,0.710034951067459,1.0,0.02992655838113133,0.01543034199280028,1647676.9443180368
2,2.0,0.0005555555555555556,all,1000.0,0.1833130236056288,0.02800902204927883,2.193974388683167e-15,53,144,8,0.35913355330990177,0.054872090742220554,1e-08,4.726526147325844e-07,paper,1.0,1.0,0.32920585347474374,0.054867642245790625,0.710034951067459,1.0,0.02992655838113133,0.01543034199280028,1647676.9443180368
2,2.0,0.0005555555555555556,all,10000.0,0.18331302373573108,0.028034756424718935,2.1328444161082338e-15,53,144,8,0.35913355330990177,0.054912127197888704,1e-08,4.726526147325844e-06,paper,1.0,1.0,0.32920585347474374,0.054867642245790625,0.710034951067459,1.0,0.02992655838113133,0.01543034199280028,1647676.9443180368
3,4.0,0.0011111111111111111,maxwell,1.0,0.02560448070580419,2.8593769810277726e-09,2.282657686925e-15,53,144,8,0.05016241676226266,4.448495197483147e-09,1e-08,4.726526147325844e-10,paper,1.0,1.0,0.3253344061061354,0.05422240101768923,0.710054759134918,1.0,0.05016241676226266,0.01525034898560056,1628300.3308615384
3,4.0,0.0011111111111111111,maxwell,2.5,0.025604480705722236,7.148442452551249e-09,2.0540719761721155e-15,53,144,8,0.05016241676226266,1.112123799370787e-08,1e-08,1.1816315368314611e-09,paper,1.0,1.0,0.3253344061061354,0.05422240101768923,0.710054759134918,1.0,0.05016241676226266,0.01525034898560056,1628300.3308615384
3,4.0,0.0011111111111111111,maxwell,10.0,0.02560448070578649,2.859376981024724e-08,2.0422063443081047e-15,53,144,8,0.05016241676226266,4.448495197483148e-08,1e-08,4.7265261473258444e-09,paper,1.0,1.0,0.3253344061061354,0.05422240101768923,0.710054759134918,1.0,0.05016241676226266,0.01525034898560056,1628300.3308615384
3,4.0,0.0011111111111111111,maxwell,100.0,0.025604480705852146,2.8593769810241247e-07,2.065693850895804e-15,53,144,8,0.05016241676226266,4.4484951974831477e-07,1e-08,4.7265261473258444e-08,paper,1.0,1.0,0.3253344061061354,0.05422240101768923,0.710054759134918,1.0,0.05016241676226266,0.01525034898560056,1628300.3308615384
3,4.0,0.0011111111111111111,maxwell,1000.0,0.025604480715414213,2.8593769799680597e-06,2.043191371247277e-15,53,144,8,0.05016241676226266,4.448495197483147e-06,1e-08,4.726526147325844e-07,paper,1.0,1.0,0.3253344061061354,0.05422240101768923,0.710054759134918,1.0,0.05016241676226266,0.01525034898560056,1628300.3308615384
3,4.0,0.0011111111111111111,maxwell,10000.0,0.025604481670939754,2.859376875555145e-05,2.214010717920578e-15,53,144,8,0.05016241676226266,4.448495197483148e-05,1e-08,4.726526147325844e-06,paper,1.0,1.0,0.3253344061061354,0.05422240101768923,0.710054759134918,1.0,0.05016241676226266,0.01525034898560056,1628300.3308615384
3,4.0,0.0011111111111111111,grain,1.0,0.02560506333892623,6.290778631629862e-10,1.9486460770473947e-15,53,144,8,0.05016355821495867,1.2324437141129773e-09,1e-08,0.0,paper,1.0,1.0,0.3253344061061354,0.05422240101768923,0.710054759134918,1.0,0.05016241676226266,0.01525034898560056,1628300.3308615384
3,4.0,0.0011111111111111111,grain,2.5,0.025605063339524985,2.5163139167779905e-10,2.097523499177015e-15,53,144,8,0.050163558216076445,4.929779683978142e-10,1e-08,0.0,paper,1.0,1.0,0.3253344061061354,0.05422240101768923,0.710054759134918,1.0,0.05016241676226266,0.01525034898560056,1628300.3308615384
3,4.0,0.0011111111111111111,grain,10.0,0.025605063339549608,6.290785891982327e-11,1.869545365289811e-15,53,144,8,0.05016355821627605,1.232445136509348e-10,1e-08,0.0,paper,1.0,1.0,0.3253344061061354,0.05422240101768923,0.710054759134918,1.0,0.05016241676226266,0.01525034898560056,1628300.3308615384
3,4.0,0.0011111111111111111,grain,100.0,0.0256050633395517,6.290785964581487e-12,1.887766790447897e-15,53,144,8,0.05016355821628923,1.2324451507333281e-11,1e-08,0.0,paper,1.0,1.0,0.3253344061061354,0.05422240101768923,0.710054759134918,1.0,0.05016241676226266,0.01525034898560056,1628300.3308615384
3,4.0,0.0011111111111111111,grain,1000.0,0.025605063339561272,6.290785965312581e-13,1.875445636709192e-15,53,144,8,0.05016355821628936,1.2324451508755681e-12,1e-08,0.0,paper,1.0,1.0,0.3253344061061354,0.05422240101768923,0.710054759134918,1.0,0.05016241676226266,0.01525034898560056,1628300.3308615384
3,4.0,0.0011111111111111111,grain,10000.0,0.025605063339561272,6.290785965312654e-14,1.875445636709192e-15,53,144,8,0.05016355821628936,1.2324451508769903e-13,1e-08,0.0,paper,1.0,1.0,0.3253344061061354,0.05422240101768923,0.710054759134918,1.0,0.05016241676226266,0.01525034898560056,1628300.3308615384
3,4.0,0.0011111111111111111,interface,1.0,0.19166534877098879,0.02767681134405315,2.1027569471025818e-15,53,144,8,0.37549682286839803,0.05422240101768923,1e-08,0.0,paper,1.0,1.0,0.3253344061061354,0.05422240101768923,0.710054759134918,1.0,0.05016241676226266,0.01525034898560056,1628300.3308615384
3,4.0,0.0011111111111111111,interface,2.5,0.19166534877098879,0.02767681134405315,2.1027569471025818e-15,53,144,8,0.37549682286839803,0.05422240101768923,1e-08,0.0,paper,1.0,1.0,0.3253344061061354,0.05422240101768923,0.710054759134918,1.0,0.05016241676226266,0.01525034898560056,1628300.3308615384
3,4.0,0.0011111111111111111,interface,10.0,0.19166534877098879,0.02767681134405315,2.1027569471025818e-15,53,144,8,0.37549682286839803,0.05422240101768923,1e-08,0.0,paper,1.0,1.0,0.3253344061061354,0.05422240101768923,0.710054759134918,1.0,0.05016241676226266,0.01525034898560056,1628300.3308615384
3,4.0,0.0011111111111111111,interface,100.0,0.19166534877098879,0.02767681134405315,2.1027569471025818e-15,53,144,8,0.37549682286839803,0.05422240101768923,1e-08,0.0,paper,1.0,1.0,0.3253344061061354,0.05422240101768923,0.710054759134918,1.0,0.05016241676226266,0.01525034898560056,1628300.3308615384
3,4.0,0.0011111111111111111,interface,1000.0,0.19166534877098879,0.02767681134405315,2.1027569471025818e-15,53,144,8,0.37549682286839803,0.05422240101768923,1e-08,0.0,paper,1.0,1.0,0.3253344061061354,0.05422240101768923,0.710054759134918,1.0,0.05016241676226266,0.01525034898560056,1628300.3308615384
3,4.0,0.0011111111111111111,interface,10000.0,0.19166534877098879,0.02767681134405315,2.1027569471025818e-15,53,144,8,0.37549682286839803,0.05422240101768923,1e-08,0.0,paper,1.0,1.0,0.3253344061061354,0.05422240101768923,0.710054759134918,1.0,0.05016241676226266,0.01525034898560056,1628300.3308615384
3,4.0,0.0011111111111111111,all,1.0,0.19166593140467736,0.02767681483254393,2.190855524325204e-15,53,144,8,0.37549796432109406,0.05422240669862814,1e-08,4.726526147325844e-10,paper,1.0,1.0,0.3253344061061354,0.05422240101768923,0.710054759134918,1.0,0.05016241676226266,0.01525034898560056,1628300.3308615384
3,4.0,0.0011111111111111111,all,2.5,0.19166593140413307,0.02767681874420165,2.173184538908466e-15,53,144,8,0.37549796432221183,0.05422241263190519,1e-08,1.1816315368314611e-09,paper,1.0,1.0,0.3253344061061354,0.05422240101768923,0.710054759134918,1.0,0.05016241676226266,0.01525034898560056,1628300.3308615384
3,4.0,0.0011111111111111111,all,10.0,0.19166593140512594,0.027676840000854318,2.1875230768132184e-15,53,144,8,0.37549796432241145,0.05422244562588572,1e-08,4.7265261473258444e-09,paper,1.0,1.0,0.3253344061061354,0.05422240101768923,0.710054759134918,1.0,0.05016241676226266,0.01525034898560056,1628300.3308615384
3,4.0,0.0011111111111111111,all,100.0,0.191665931404247,0.027677097288292558,2.189506012710508e-15,53,144,8,0.3754979643224246,0.05422284587953343,1e-08,4.7265261473258444e-08,paper,1.0,1.0,0.3253344061061354,0.05422240101768923,0.710054759134918,1.0,0.05016241676226266,0.01525034898560056,1628300.3308615384
3,4.0,0.0011111111111111111,all,1000.0,0.19166593140493265,0.027679670721882568,2.1052530448393843e-15,53,144,8,0.37549796432242477,0.05422684951411916,1e-08,4.726526147325844e-07,paper,1.0,1.0,0.3253344061061354,0.05422240101768923,0.710054759134918,1.0,0.05016241676226266,0.01525034898560056,1628300.3308615384
3,4.0,0.0011111111111111111,all,10000.0,0.19166593153006498,0.0277054050993012,2.0927968837749548e-15,53,144,8,0.37549796432242477,0.05426688596978731,1e-08,4.726526147325844e-06,paper,1.0,1.0,0.3253344061061354,0.05422240101768923,0.710054759134918,1.0,0.05016241676226266,0.01525034898560056,1628300.3308615384
4,8.0,0.0022222222222222222,maxwell,1.0,0.046262512231445,2.8593771634055053e-09,1.9425874165658336e-15,53,144,8,0.09063413352452532,4.448495197483147e-09,1e-08,4.726526147325844e-10,paper,1.0,1.0,0.31759373316680406,0.05293228886113401,0.710094375269836,1.0,0.09063413352452532,0.014890362971201119,1589558.2240580784
4,8.0,0.0022222222222222222,maxwell,2.5,0.04626251223116752,7.1484429085225315e-09,2.030350093939291e-15,53,144,8,0.09063413352452532,1.112123799370787e-08,1e-08,1.1816315368314611e-09,paper,1.0,1.0,0.31759373316680406,0.05293228886113401,0.710094375269836,1.0,0.09063413352452532,0.014890362971201119,1589558.2240580784
4,8.0,0.0022222222222222222,maxwell,10.0,0.04626251223111291,2.8593771634226756e-08,2.0501261950785094e-15,53,144,8,0.09063413352452532,4.448495197483148e-08,1e-08,4.7265261473258444e-09,paper,1.0,1.0,0.31759373316680406,0.05293228886113401,0.710094375269836,1.0,0.09063413352452532,0.014890362971201119,1589558.2240580784
4,8.0,0.0022222222222222222,maxwell,100.0,0.04626251223104283,2.859377163406683e-07,2.2334028129060834e-15,53,144,8,0.09063413352452532,4.4484951974831477e-07,1e-08,4.7265261473258444e-08,paper,1.0,1.0,0.31759373316680406,0.05293228886113401,0.710094375269836,1.0,0.09063413352452532,0.014890362971201119,1589558.2240580784
4,8.0,0.0022222222222222222,maxwell,1000.0,0.04626251223634184,2.8593771630769766e-06,2.2518462906787284e-15,53,144,8,0.09063413352452532,4.448495197483147e-06,1e-08,4.726526147325844e-07,paper,1.0,1.0,0.31759373316680406,0.05293228886113401,0.710094375269836,1.0,0.09063413352452532,0.014890362971201119,1589558.2240580784
4,8.0,0.0022222222222222222,maxwell,10000.0,0.04626251276546987,2.859377131113973e-05,2.4183618910062305e-15,53,144,8,0.09063413352452532,4.448495197483148e-05,1e-08,4.726526147325844e-06,paper,1.0,1.0,0.31759373316680406,0.05293228886113401,0.710094375269836,1.0,0.09063413352452532,0.014890362971201119,1589558.2240580784
4,8.0,0.0022222222222222222,grain,1.0,0.04626309486443787,6.290778631614079e-10,1.994482247879997e-15,53,144,8,0.09063527497722133,1.2324437141129773e-09,1e-08,0.0,paper,1.0,1.0,0.31759373316680406,0.05293228886113401,0.710094375269836,1.0,0.09063413352452532,0.014890362971201119,1589558.2240580784
4,8.0,0.0022222222222222222,grain,2.5,0.046263094864867994,2.5163139167821714e-10,1.968911546524076e-15,53,144,8,0.0906352749783391,4.929779683978142e-10,1e-08,0.0,paper,1.0,1.0,0.31759373316680406,0.05293228886113401,0.710094375269836,1.0,0.09063413352452532,0.014890362971201119,1589558.2240580784
4,8.0,0.0022222222222222222,grain,10.0,0.0462630948649457,6.290785891992411e-11,1.837263128160635e-15,53,144,8,0.09063527497853871,1.232445136509348e-10,1e-08,0.0,paper,1.0,1.0,0.31759373316680406,0.05293228886113401,0.710094375269836,1.0,0.09063413352452532,0.014890362971201119,1589558.2240580784
4,8.0,0.0022222222222222222,grain,100.0,0.046263094864990216,6.290785964587954e-12,1.888254186055122e-15,53,144,8,0.09063527497855188,1.2324451507333281e-11,1e-08,0.0,paper,1.0,1.0,0.31759373316680406,0.05293228886113401,0.710094375269836,1.0,0.09063413352452532,0.014890362971201119,1589558.2240580784
4,8.0,0.0022222222222222222,grain,1000.0,0.04626309486494922,6.290785965308436e-13,1.8360935965386574e-15,53,144,8,0.09063527497855202,1.2324451508755681e-12,1e-08,0.0,paper,1.0,1.0,0.31759373316680406,0.05293228886113401,0.710094375269836,1.0,0.09063413352452532,0.014890362971201119,1589558.2240580784
4,8.0,0.0022222222222222222,grain,10000.0,0.04626309486494922,6.290785965318316e-14,1.8360935965386574e-15,53,144,8,0.09063527497855202,1.2324451508769903e-13,1e-08,0.0,paper,1.0,1.0,0.31759373316680406,0.05293228886113401,0.710094375269836,1.0,0.09063413352452532,0.014890362971201119,1589558.2240580784
4,8.0,0.0022222222222222222,interface,1.0,0.20837229844340774,0.02701829770213715,2.0372059129674255e-15,53,144,8,0.4082278666913294,0.05293228886113401,1e-08,0.0,paper,1.0,1.0,0.31759373316680406,0.05293228886113401,0.710094375269836,1.0,0.09063413352452532,0.014890362971201119,1589558.2240580784
4,8.0,0.0022222222222222222,interface,2.5,0.20837229844340774,0.02701829770213715,2.0372059129674255e-15,53,144,8,0.4082278666913294,0.05293228886113401,1e-08,0.0,paper,1.0,1.0,0.31759373316680406,0.05293228886113401,0.710094375269836,1.0,0.09063413352452532,0.014890362971201119,1589558.2240580784
4,8.0,0.0022222222222222222,interface,10.0,0.20837229844340774,0.02701829770213715,2.0372059129674255e-15,53,144,8,0.4082278666913294,0.05293228886113401,1e-08,0.0,paper,1.0,1.0,0.31759373316680406,0.05293228886113401,0.710094375269836,1.0,0.09063413352452532,0.014890362971201119,1589558.2240580784
4,8.0,0.0022222222222222222,interface,100.0,0.20837229844340774,0.02701829770213715,2.0372059129674255e-15,53,144,8,0.4082278666913294,0.05293228886113401,1e-08,0.0,paper,1.0,1.0,0.31759373316680406,0.05293228886113401,0.710094375269836,1.0,0.09063413352452532,0.014890362971201119,1589558.2240580784
4,8.0,0.0022222222222222222,interface,1000.0,0.20837229844340774,0.02701829770213715,2.0372059129674255e-15,53,144,8,0.4082278666913294,0.05293228886113401,1e-08,0.0,paper,1.0,1.0,0.31759373316680406,0.05293228886113401,0.710094375269836,1.0,0.09063413352452532,0.014890362971201119,1589558.2240580784
4,8.0,0.0022222222222222222,interface,10000.0,0.20837229844340774,0.02701829770213715,2.0372059129674255e-15,53,144,8,0.4082278666913294,0.05293228886113401,1e-08,0.0,paper,1.0,1.0,0.31759373316680406,0.05293228886113401,0.710094375269836,1.0,0.09063413352452532,0.014890362971201119,1589558.2240580784
4,8.0,0.0022222222222222222,all,1.0,0.20837288107694976,0.027018301190641796,2.1535028232324754e-15,53,144,8,0.4082290081440254,0.052932294542072926,1e-08,4.726526147325844e-10,paper,1.0,1.0,0.31759373316680406,0.05293228886113401,0.710094375269836,1.0,0.09063413352452532,0.014890362971201119,1589558.2240580784
4,8.0,0.0022222222222222222,all,2.5,0.208372881078121,0.02701830510219864,2.2128384925933642e-15,53,144,8,0.4082290081451432,0.052932300475349976,1e-08,1.1816315368314611e-09,paper,1.0,1.0,0.31759373316680406,0.05293228886113401,0.710094375269836,1.0,0.09063413352452532,0.014890362971201119,1589558.2240580784
4,8.0,0.0022222222222222222,all,10.0,0.20837288107901752,0.027018326358810216,2.0336436075075906e-15,53,144,8,0.4082290081453428,0.0529323334693305,1e-08,4.7265261473258444e-09,paper,1.0,1.0,0.31759373316680406,0.05293228886113401,0.710094375269836,1.0,0.09063413352452532,0.014890362971201119,1589558.2240580784
4,8.0,0.0022222222222222222,all,100.0,0.20837288107820673,0.027018583646291033,2.2180503571332887e-15,53,144,8,0.40822900814535595,0.052932733722978215,1e-08,4.7265261473258444e-08,paper,1.0,1.0,0.31759373316680406,0.05293228886113401,0.710094375269836,1.0,0.09063413352452532,0.014890362971201119,1589558.2240580784
4,8.0,0.0022222222222222222,all,1000.0,0.2083728810801054,0.027021157080006807,2.053812748317408e-15,53,144,8,0.40822900814535606,0.05293673735756394,1e-08,4.726526147325844e-07,paper,1.0,1.0,0.31759373316680406,0.05293228886113401,0.710094375269836,1.0,0.09063413352452532,0.014890362971201119,1589558.2240580784
4,8.0,0.0022222222222222222,all,10000.0,0.20837288119537434,0.02704689146059895,2.036067386879911e-15,53,144,8,0.40822900814535606,0.05297677381323209,1e-08,4.726526147325844e-06,paper,1.0,1.0,0.31759373316680406,0.05293228886113401,0.710094375269836,1.0,0.09063413352452532,0.014890362971201119,1589558.2240580784
5,16.0,0.0044444444444444444,maxwell,1.0,0.05686103980098829,2.85937720553292e-09,1.914902386072149e-15,53,144,8,0.11139799988736,4.448495197483147e-09,1e-08,4.726526147325844e-10,paper,1.0,1.0,0.3021212727445205,0.05035354545742008,0.710173607539672,1.0,0.11139799988736,0.014170390942402238,1512118.4822048072
5,16.0,0.0044444444444444444,maxwell,2.5,0.05686103980117776,7.148443013862654e-09,1.9441376784576646e-15,53,144,8,0.11139799988736,1.112123799370787e-08,1e-08,1.1816315368314611e-09,paper,1.0,1.0,0.3021212727445205,0.05035354545742008,0.710173607539672,1.0,0.11139799988736,0.014170390942402238,1512118.4822048072
5,16.0,0.0044444444444444444,maxwell,10.0,0.056861039801017484,2.8593772055501326e-08,1.9440970270252327e-15,53,144,8,0.11139799988736,4.448495197483148e-08,1e-08,4.7265261473258444e-09,paper,1.0,1.0,0.3021212727445205,0.05035354545742008,0.710173607539672,1.0,0.11139799988736,0.014170390942402238,1512118.4822048072
5,16.0,0.0044444444444444444,maxwell,100.0,0.05686103980125336,2.8593772055522255e-07,2.0139263280388632e-15,53,144,8,0.11139799988736,4.4484951974831477e-07,1e-08,4.7265261473258444e-08,paper,1.0,1.0,0.3021212727445205,0.05035354545742008,0.710173607539672,1.0,0.11139799988736,0.014170390942402238,1512118.4822048072
5,16.0,0.0044444444444444444,maxwell,1000.0,0.056861039805451506,2.8593772053269987e-06,2.058153948662571e-15,53,144,8,0.11139799988736,4.448495197483147e-06,1e-08,4.726526147325844e-07,paper,1.0,1.0,0.3021212727445205,0.05035354545742008,0.710173607539672,1.0,0.11139799988736,0.014170390942402238,1512118.4822048072
5,16.0,0.0044444444444444444,maxwell,10000.0,0.05686104023560476,2.8593771841578788e-05,2.2576403854089992e-15,53,144,8,0.11139799988736,4.448495197483148e-05,1e-08,4.726526147325844e-06,paper,1.0,1.0,0.3021212727445205,0.05035354545742008,0.710173607539672,1.0,0.11139799988736,0.014170390942402238,1512118.4822048072
5,16.0,0.0044444444444444444,grain,1.0,0.05686162243412503,6.290778631621074e-10,1.971878586563255e-15,53,144,8,0.11139914134005602,1.2324437141129773e-09,1e-08,0.0,paper,1.0,1.0,0.3021212727445205,0.05035354545742008,0.710173607539672,1.0,0.11139799988736,0.014170390942402238,1512118.4822048072
5,16.0,0.0044444444444444444,grain,2.5,0.05686162243501727,2.516313916782492e-10,1.7961585029314886e-15,53,144,8,0.11139914134117379,4.929779683978142e-10,1e-08,0.0,paper,1.0,1.0,0.3021212727445205,0.05035354545742008,0.710173607539672,1.0,0.11139799988736,0.014170390942402238,1512118.4822048072
5,16.0,0.0044444444444444444,grain,10.0,0.056861622435171726,6.290785891984116e-11,1.8786213901971165e-15,53,144,8,0.1113991413413734,1.232445136509348e-10,1e-08,0.0,paper,1.0,1.0,0.3021212727445205,0.05035354545742008,0.710173607539672,1.0,0.11139799988736,0.014170390942402238,1512118.4822048072
5,16.0,0.0044444444444444444,grain,100.0,0.05686162243484193,6.290785964592045e-12,1.778992684554941e-15,53,144,8,0.11139914134138656,1.2324451507333281e-11,1e-08,0.0,paper,1.0,1.0,0.3021212727445205,0.05035354545742008,0.710173607539672,1.0,0.11139799988736,0.014170390942402238,1512118.4822048072
5,16.0,0.0044444444444444444,grain,1000.0,0.05686162243480592,6.290785965316134e-13,1.854033734626931e-15,53,144,8,0.1113991413413867,1.2324451508755681e-12,1e-08,0.0,paper,1.0,1.0,0.3021212727445205,0.05035354545742008,0.710173607539672,1.0,0.11139799988736,0.014170390942402238,1512118.4822048072
5,16.0,0.0044444444444444444,grain,10000.0,0.05686162243480592,6.290785965323367e-14,1.854033734626931e-15,53,144,8,0.1113991413413867,1.2324451508769903e-13,1e-08,0.0,paper,1.0,1.0,0.3021212727445205,0.05035354545742008,0.710173607539672,1.0,0.11139799988736,0.014170390942402238,1512118.4822048072
5,16.0,0.0044444444444444444,interface,1.0,0.2110731977250018,0.02570202632067881,2.0930999587846368e-15,53,144,8,0.4135192726318805,0.05035354545742008,1e-08,0.0,paper,1.0,1.0,0.3021212727445205,0.05035354545742008,0.710173607539672,1.0,0.11139799988736,0.014170390942402238,1512118.4822048072
5,16.0,0.0044444444444444444,interface,2.5,0.2110731977250018,0.02570202632067881,2.0930999587846368e-15,53,144,8,0.4135192726318805,0.05035354545742008,1e-08,0.0,paper,1.0,1.0,0.3021212727445205,0.05035354545742008,0.710173607539672,1.0,0.11139799988736,0.014170390942402238,1512118.4822048072
5,16.0,0.0044444444444444444,interface,10.0,0.2110731977250018,0.02570202632067881,2.0930999587846368e-15,53,144,8,0.4135192726318805,0.05035354545742008,1e-08,0.0,paper,1.0,1.0,0.3021212727445205,0.05035354545742008,0.710173607539672,1.0,0.11139799988736,0.014170390942402238,1512118.4822048072
5,16.0,0.0044444444444444444,interface,100.0,0.2110731977250018,0.02570202632067881,2.0930999587846368e-15,53,144,8,0.4135192726318805,0.05035354545742008,1e-08,0.0,paper,1.0,1.0,0.3021212727445205,0.05035354545742008,0.710173607539672,1.0,0.11139799988736,0.014170390942402238,1512118.4822048072
5,16.0,0.0044444444444444444,interface,1000.0,0.2110731977250018,0.02570202632067881,2.0930999587846368e-15,53,144,8,0.4135192726318805,0.05035354545742008,1e-08,0.0,paper,1.0,1.0,0.3021212727445205,0.05035354545742008,0.710173607539672,1.0,0.11139799988736,0.014170390942402238,1512118.4822048072
5,16.0,0.0044444444444444444,interface,10000.0,0.2110731977250018,0.02570202632067881,2.0930999587846368e-15,53,144,8,0.4135192726318805,0.05035354545742008,1e-08,0.0,paper,1.0,1.0,0.3021212727445205,0.05035354545742008,0.710173607539672,1.0,0.11139799988736,0.014170390942402238,1512118.4822048072
5,16.0,0.0044444444444444444,all,1.0,0.21107378035935312,0.025702029809372764,2.158413032499306e-15,53,144,8,0.4135204140845765,0.050353551138358994,1e-08,4.726526147325844e-10,paper,1.0,1.0,0.3021212727445205,0.05035354545742008,0.710173607539672,1.0,0.11139799988736,0.014170390942402238,1512118.4822048072
5,16.0,0.0044444444444444444,all,2.5,0.21107378036062333,0.025702033720746184,2.10831275057759e-15,53,144,8,0.4135204140856943,0.050353557071636044,1e-08,1.1816315368314611e-09,paper,1.0,1.0,0.3021212727445205,0.05035354545742008,0.710173607539672,1.0,0.11139799988736,0.014170390942402238,1512118.4822048072
5,16.0,0.0044444444444444444,all,10.0,0.21107378035970914,0.025702054977622363,2.0375186996590696e-15,53,144,8,0.4135204140858939,0.05035359006561657,1e-08,4.7265261473258444e-09,paper,1.0,1.0,0.3021212727445205,0.05035354545742008,0.710173607539672,1.0,0.11139799988736,0.014170390942402238,1512118.4822048072
5,16.0,0.0044444444444444444,all,100.0,0.2110737803591176,0.025702312264654074,2.2795060638845027e-15,53,144,8,0.41352041408590706,0.05035399031926428,1e-08,4.7265261473258444e-08,paper,1.0,1.0,0.3021212727445205,0.05035354545742008,0.710173607539672,1.0,0.11139799988736,0.014170390942402238,1512118.4822048072
5,16.0,0.0044444444444444444,all,1000.0,0.2110737803611293,0.025704885698567024,2.045732912373425e-15,53,144,8,0.41352041408590723,0.05035799395385001,1e-08,4.726526147325844e-07,paper,1.0,1.0,0.3021212727445205,0.05035354545742008,0.710173607539672,1.0,0.11139799988736,0.014170390942402238,1512118.4822048072
5,16.0,0.0044444444444444444,all,10000.0,0.21107378047452754,0.025730620080107652,2.1863516819929764e-15,53,144,8,0.41352041408590723,0.05039803040951816,1e-08,4.726526147325844e-06,paper,1.0,1.0,0.3021212727445205,0.05035354545742008,0.710173607539672,1.0,0.11139799988736,0.014170390942402238,1512118.4822048072
6,32.0,0.008888888888888889,maxwell,1.0,0.05754501785979283,2.8593772077261457e-09,1.954638860425038e-15,53,144,8,0.11273800008215999,4.448495197483147e-09,1e-08,4.726526147325844e-10,paper,1.0,1.0,0.2741385044051673,0.045689750734194554,0.7103789164879045,1.0,0.11273800008215999,0.012870750088793008,1372064.586612449
6,32.0,0.008888888888888889,maxwell,2.5,0.0575450178597912,7.1484430193193685e-09,1.973501845910451e-15,53,144,8,0.11273800008215999,1.112123799370787e-08,1e-08,1.1816315368314611e-09,paper,1.0,1.0,0.2741385044051673,0.045689750734194554,0.7103789164879045,1.0,0.11273800008215999,0.012870750088793008,1372064.586612449
6,32.0,0.008888888888888889,maxwell,10.0,0.05754501786001737,2.8593772077409604e-08,1.999556314731786e-15,53,144,8,0.11273800008215999,4.448495197483148e-08,1e-08,4.7265261473258444e-09,paper,1.0,1.0,0.2741385044051673,0.045689750734194554,0.7103789164879045,1.0,0.11273800008215999,0.012870750088793008,1372064.586612449
6,32.0,0.008888888888888889,maxwell,100.0,0.05754501786029878,2.8593772077375186e-07,2.1798233987221563e-15,53,144,8,0.11273800008215999,4.4484951974831477e-07,1e-08,4.7265261473258444e-08,paper,1.0,1.0,0.2741385044051673,0.045689750734194554,0.7103789164879045,1.0,0.11273800008215999,0.012870750088793008,1372064.586612449
6,32.0,0.008888888888888889,maxwell,1000.0,0.05754501786445587,2.8593772075218753e-06,2.0790114076008696e-15,53,144,8,0.11273800008215999,4.448495197483147e-06,1e-08,4.726526147325844e-07,paper,1.0,1.0,0.2741385044051673,0.045689750734194554,0.7103789164879045,1.0,0.11273800008215999,0.012870750088793008,1372064.586612449
6,32.0,0.008888888888888889,maxwell,10000.0,0.05754501828927818,2.8593771868559495e-05,1.9536655798613696e-15,53,144,8,0.11273800008215999,4.448495197483148e-05,1e-08,4.726526147325844e-06,paper,1.0,1.0,0.2741385044051673,0.045689750734194554,0.7103789164879045,1.0,0.11273800008215999,0.012870750088793008,1372064.586612449
6,32.0,0.008888888888888889,grain,1.0,0.0575456004930407,6.290778631615437e-10,1.891544181447469e-15,53,144,8,0.11273914153485601,1.2324437141129773e-09,1e-08,0.0,paper,1.0,1.0,0.2741385044051673,0.045689750734194554,0.7103789164879045,1.0,0.11273800008215999,0.012870750088793008,1372064.586612449
6,32.0,0.008888888888888889,grain,2.5,0.05754560049391501,2.5163139167640965e-10,1.781027653793197e-15,53,144,8,0.11273914153597378,4.929779683978142e-10,1e-08,0.0,paper,1.0,1.0,0.2741385044051673,0.045689750734194554,0.7103789164879045,1.0,0.11273800008215999,0.012870750088793008,1372064.586612449
6,32.0,0.008888888888888889,grain,10.0,0.05754560049391943,6.290785891973832e-11,1.825170679605624e-15,53,144,8,0.11273914153617338,1.232445136509348e-10,1e-08,0.0,paper,1.0,1.0,0.2741385044051673,0.045689750734194554,0.7103789164879045,1.0,0.11273800008215999,0.012870750088793008,1372064.586612449
6,32.0,0.008888888888888889,grain,100.0,0.05754560049366565,6.290785964580963e-12,1.6981347824208687e-15,53,144,8,0.11273914153618655,1.2324451507333281e-11,1e-08,0.0,paper,1.0,1.0,0.2741385044051673,0.045689750734194554,0.7103789164879045,1.0,0.11273800008215999,0.012870750088793008,1372064.586612449
6,32.0,0.008888888888888889,grain,1000.0,0.05754560049359921,6.290785965307331e-13,1.7674749563195312e-15,53,144,8,0.1127391415361867,1.2324451508755681e-12,1e-08,0.0,paper,1.0,1.0,0.2741385044051673,0.045689750734194554,0.7103789164879045,1.0,0.11273800008215999,0.012870750088793008,1372064.586612449
6,32.0,0.008888888888888889,grain,10000.0,0.05754560049359921,6.29078596530633e-14,1.7674749563195312e-15,53,144,8,0.1127391415361867,1.2324451508769903e-13,1e-08,0.0,paper,1.0,1.0,0.2741385044051673,0.045689750734194554,0.7103789164879045,1.0,0.11273800008215999,0.012870750088793008,1372064.586612449
6,32.0,0.008888888888888889,interface,1.0,0.19747389460055864,0.023321479456928394,2.4152120951529215e-15,53,144,8,0.3868765044873273,0.045689750734194554,1e-08,0.0,paper,1.0,1.0,0.2741385044051673,0.045689750734194554,0.7103789164879045,1.0,0.11273800008215999,0.012870750088793008,1372064.586612449
6,32.0,0.008888888888888889,interface,2.5,0.19747389460055864,0.023321479456928394,2.4152120951529215e-15,53,144,8,0.3868765044873273,0.045689750734194554,1e-08,0.0,paper,1.0,1.0,0.2741385044051673,0.045689750734194554,0.7103789164879045,1.0,0.11273800008215999,0.012870750088793008,1372064.586612449
6,32.0,0.008888888888888889,interface,10.0,0.19747389460055864,0.023321479456928394,2.4152120951529215e-15,53,144,8,0.3868765044873273,0.045689750734194554,1e-08,0.0,paper,1.0,1.0,0.2741385044051673,0.045689750734194554,0.7103789164879045,1.0,0.11273800008215999,0.012870750088793008,1372064.586612449
6,32.0,0.008888888888888889,interface,100.0,0.19747389460055864,0.023321479456928394,2.4152120951529215e-15,53,144,8,0.3868765044873273,0.045689750734194554,1e-08,0.0,paper,1.0,1.0,0.2741385044051673,0.045689750734194554,0.7103789164879045,1.0,0.11273800008215999,0.012870750088793008,1372064.586612449
6,32.0,0.008888888888888889,interface,1000.0,0.19747389460055864,0.023321479456928394,2.4152120951529215e-15,53,144,8,0.3868765044873273,0.045689750734194554,1e-08,0.0,paper,1.0,1.0,0.2741385044051673,0.045689750734194554,0.7103789164879045,1.0,0.11273800008215999,0.012870750088793008,1372064.586612449
6,32.0,0.008888888888888889,interface,10000.0,0.19747389460055864,0.023321479456928394,2.4152120951529215e-15,53,144,8,0.3868765044873273,0.045689750734194554,1e-08,0.0,paper,1.0,1.0,0.2741385044051673,0.045689750734194554,0.7103789164879045,1.0,0.11273800008215999,0.012870750088793008,1372064.586612449
6,32.0,0.008888888888888889,all,1.0,0.19747447723436728,0.023321482945297713,2.281595015564533e-15,53,144,8,0.3868776459400233,0.04568975641513347,1e-08,4.726526147325844e-10,paper,1.0,1.0,0.2741385044051673,0.045689750734194554,0.7103789164879045,1.0,0.11273800008215999,0.012870750088793008,1372064.586612449
6,32.0,0.008888888888888889,all,2.5,0.1974744772335676,0.023321486856910413,2.10234733628709e-15,53,144,8,0.38687764594114105,0.04568976234841052,1e-08,1.1816315368314611e-09,paper,1.0,1.0,0.2741385044051673,0.045689750734194554,0.7103789164879045,1.0,0.11273800008215999,0.012870750088793008,1372064.586612449
6,32.0,0.008888888888888889,all,10.0,0.19747447723454317,0.023321508113442913,2.078192348609111e-15,53,144,8,0.38687764594134066,0.045689795342391044,1e-08,4.7265261473258444e-09,paper,1.0,1.0,0.2741385044051673,0.045689750734194554,0.7103789164879045,1.0,0.11273800008215999,0.012870750088793008,1372064.586612449
6,32.0,0.008888888888888889,all,100.0,0.1974744772353675,0.023321765400660777,2.1676968963213596e-15,53,144,8,0.3868776459413539,0.045690195596038756,1e-08,4.7265261473258444e-08,paper,1.0,1.0,0.2741385044051673,0.045689750734194554,0.7103789164879045,1.0,0.11273800008215999,0.012870750088793008,1372064.586612449
6,32.0,0.008888888888888889,all,1000.0,0.1974744772361066,0.023324338834743035,2.189816252521248e-15,53,144,8,0.386877645941354,0.04569419923062448,1e-08,4.726526147325844e-07,paper,1.0,1.0,0.2741385044051673,0.045689750734194554,0.7103789164879045,1.0,0.11273800008215999,0.012870750088793008,1372064.586612449
6,32.0,0.008888888888888889,all,10000.0,0.19747447735749435,0.02335007321541124,2.109359120964529e-15,53,144,8,0.386877645941354,0.04573423568629263,1e-08,4.726526147325844e-06,paper,1.0,1.0,0.2741385044051673,0.045689750734194554,0.7103789164879045,1.0,0.11273800008215999,0.012870750088793008,1372064.586612449
7,64.0,0.017777777777777778,maxwell,1.0,0.05873738536261039,2.8593772114197342e-09,2.0586170312469363e-15,53,144,8,0.11507399999472,4.448495197483147e-09,1e-08,4.726526147325844e-10,paper,1.0,1.0,0.2592637708254948,0.0432106284709158,0.7114453556545128,1.0,0.11507399999472,0.012235711890504056,1297616.470598072
7,64.0,0.017777777777777778,maxwell,2.5,0.05873738536238625,7.1484430285399086e-09,1.8375855857631546e-15,53,144,8,0.11507399999472,1.112123799370787e-08,1e-08,1.1816315368314611e-09,paper,1.0,1.0,0.2592637708254948,0.0432106284709158,0.7114453556545128,1.0,0.11507399999472,0.012235711890504056,1297616.470598072
7,64.0,0.017777777777777778,maxwell,10.0,0.05873738536243119,2.859377211431275e-08,1.9078567350257413e-15,53,144,8,0.11507399999472,4.448495197483148e-08,1e-08,4.7265261473258444e-09,paper,1.0,1.0,0.2592637708254948,0.0432106284709158,0.7114453556545128,1.0,0.11507399999472,0.012235711890504056,1297616.470598072
7,64.0,0.017777777777777778,maxwell,100.0,0.05873738536270627,2.859377211431491e-07,2.29944859795141e-15,53,144,8,0.11507399999472,4.4484951974831477e-07,1e-08,4.7265261473258444e-08,paper,1.0,1.0,0.2592637708254948,0.0432106284709158,0.7114453556545128,1.0,0.11507399999472,0.012235711890504056,1297616.470598072
7,64.0,0.017777777777777778,maxwell,1000.0,0.058737385366459234,2.8593772112104145e-06,2.071234575104582e-15,53,144,8,0.11507399999472,4.448495197483147e-06,1e-08,4.726526147325844e-07,paper,1.0,1.0,0.2592637708254948,0.0432106284709158,0.7114453556545128,1.0,0.11507399999472,0.012235711890504056,1297616.470598072
7,64.0,0.017777777777777778,maxwell,10000.0,0.05873738578331339,2.8593771913849662e-05,2.0267568621947278e-15,53,144,8,0.11507399999472,4.448495197483148e-05,1e-08,4.726526147325844e-06,paper,1.0,1.0,0.2592637708254948,0.0432106284709158,0.7114453556545128,1.0,0.11507399999472,0.012235711890504056,1297616.470598072
7,64.0,0.017777777777777778,grain,1.0,0.05873796799569738,6.290778631615707e-10,1.823133332172867e-15,53,144,8,0.11507514144741601,1.2324437141129773e-09,1e-08,0.0,paper,1.0,1.0,0.2592637708254948,0.0432106284709158,0.7114453556545128,1.0,0.11507399999472,0.012235711890504056,1297616.470598072
7,64.0,0.017777777777777778,grain,2.5,0.058737967996184415,2.5163139167827975e-10,1.7506564403959322e-15,53,144,8,0.11507514144853379,4.929779683978142e-10,1e-08,0.0,paper,1.0,1.0,0.2592637708254948,0.0432106284709158,0.7114453556545128,1.0,0.11507399999472,0.012235711890504056,1297616.470598072
7,64.0,0.017777777777777778,grain,10.0,0.05873796799631003,6.290785891989922e-11,1.8498409302031442e-15,53,144,8,0.11507514144873339,1.232445136509348e-10,1e-08,0.0,paper,1.0,1.0,0.2592637708254948,0.0432106284709158,0.7114453556545128,1.0,0.11507399999472,0.012235711890504056,1297616.470598072
7,64.0,0.017777777777777778,grain,100.0,0.05873796799629446,6.290785964587471e-12,1.7533745067366746e-15,53,144,8,0.11507514144874656,1.2324451507333281e-11,1e-08,0.0,paper,1.0,1.0,0.2592637708254948,0.0432106284709158,0.7114453556545128,1.0,0.11507399999472,0.012235711890504056,1297616.470598072
7,64.0,0.017777777777777778,grain,1000.0,0.05873796799627961,6.290785965319682e-13,1.7298595476842258e-15,53,144,8,0.1150751414487467,1.2324451508755681e-12,1e-08,0.0,paper,1.0,1.0,0.2592637708254948,0.0432106284709158,0.7114453556545128,1.0,0.11507399999472,0.012235711890504056,1297616.470598072
7,64.0,0.017777777777777778,grain,10000.0,0.05873796799627961,6.290785965322253e-14,1.7298595476842258e-15,53,144,8,0.1150751414487467,1.2324451508769903e-13,1e-08,0.0,paper,1.0,1.0,0.2592637708254948,0.0432106284709158,0.7114453556545128,1.0,0.11507399999472,0.012235711890504056,1297616.470598072
7,64.0,0.017777777777777778,interface,1.0,0.19107373231230318,0.022056057824948797,2.2549750228178714e-15,53,144,8,0.3743377708202148,0.0432106284709158,1e-08,0.0,paper,1.0,1.0,0.2592637708254948,0.0432106284709158,0.7114453556545128,1.0,0.11507399999472,0.012235711890504056,1297616.470598072
7,64.0,0.017777777777777778,interface,2.5,0.19107373231230318,0.022056057824948797,2.2549750228178714e-15,53,144,8,0.3743377708202148,0.0432106284709158,1e-08,0.0,paper,1.0,1.0,0.2592637708254948,0.0432106284709158,0.7114453556545128,1.0,0.11507399999472,0.012235711890504056,1297616.470598072
7,64.0,0.017777777777777778,interface,10.0,0.19107373231230318,0.022056057824948797,2.2549750228178714e-15,53,144,8,0.3743377708202148,0.0432106284709158,1e-08,0.0,paper,1.0,1.0,0.2592637708254948,0.0432106284709158,0.7114453556545128,1.0,0.11507399999472,0.012235711890504056,1297616.470598072
7,64.0,0.017777777777777778,interface,100.0,0.19107373231230318,0.022056057824948797,2.2549750228178714e-15,53,144,8,0.3743377708202148,0.0432106284709158,1e-08,0.0,paper,1.0,1.0,0.2592637708254948,0.0432106284709158,0.7114453556545128,1.0,0.11507399999472,0.012235711890504056,1297616.470598072
7,64.0,0.017777777777777778,interface,1000.0,0.19107373231230318,0.022056057824948797,2.2549750228178714e-15,53,144,8,0.3743377708202148,0.0432106284709158,1e-08,0.0,paper,1.0,1.0,0.2592637708254948,0.0432106284709158,0.7114453556545128,1.0,0.11507399999472,0.012235711890504056,1297616.470598072
7,64.0,0.017777777777777778,interface,10000.0,0.19107373231230318,0.022056057824948797,2.2549750228178714e-15,53,144,8,0.3743377708202148,0.0432106284709158,1e-08,0.0,paper,1.0,1.0,0.2592637708254948,0.0432106284709158,0.7114453556545128,1.0,0.11507399999472,0.012235711890504056,1297616.470598072
7,64.0,0.017777777777777778,all,1.0,0.19107431494569213,0.022056061313210452,2.1093795960007525e-15,53,144,8,0.37433891227291083,0.043210634151854714,1e-08,4.726526147325844e-10,paper,1.0,1.0,0.2592637708254948,0.0432106284709158,0.7114453556545128,1.0,0.11507399999472,0.012235711890504056,1297616.470598072
7,64.0,0.017777777777777778,all,2.5,0.19107431494584703,0.022056065225031955,2.0942831251692458e-15,53,144,8,0.3743389122740286,0.043210640085131764,1e-08,1.1816315368314611e-09,paper,1.0,1.0,0.2592637708254948,0.0432106284709158,0.7114453556545128,1.0,0.11507399999472,0.012235711890504056,1297616.470598072
7,64.0,0.017777777777777778,all,10.0,0.19107431494583316,0.022056086481531605,2.3646322132070544e-15,53,144,8,0.37433891227422816,0.04321067307911229,1e-08,4.7265261473258444e-09,paper,1.0,1.0,0.2592637708254948,0.0432106284709158,0.7114453556545128,1.0,0.11507399999472,0.012235711890504056,1297616.470598072
7,64.0,0.017777777777777778,all,100.0,0.19107431494708566,0.022056343769024923,2.0587347790772577e-15,53,144,8,0.3743389122742413,0.04321107333276,1e-08,4.7265261473258444e-08,paper,1.0,1.0,0.2592637708254948,0.0432106284709158,0.7114453556545128,1.0,0.11507399999472,0.012235711890504056,1297616.470598072
7,64.0,0.017777777777777778,all,1000.0,0.1910743149464154,0.02205891720265808,2.2685225505040233e-15,53,144,8,0.3743389122742415,0.04321507696734573,1e-08,4.726526147325844e-07,paper,1.0,1.0,0.2592637708254948,0.0432106284709158,0.7114453556545128,1.0,0.11507399999472,0.012235711890504056,1297616.470598072
7,64.0,0.017777777777777778,all,10000.0,0.1910743150719917,0.02208465158360876,2.1798294306406575e-15,53,144,8,0.3743389122742415,0.04325511342301388,1e-08,4.726526147325844e-06,paper,1.0,1.0,0.2592637708254948,0.0432106284709158,0.7114453556545128,1.0,0.11507399999472,0.012235711890504056,1297616.470598072
8,128.0,0.035555555555555556,maxwell,1.0,0.06268812386011348,2.859377222657649e-09,1.8340873305674547e-15,53,144,8,0.12281400025927998,4.448495197483147e-09,1e-08,4.726526147325844e-10,paper,1.0,1.0,0.22994517447847243,0.03832419574641207,0.7135782339877295,1.0,0.12281400025927998,0.010965635493926151,1150876.7491415036
8,128.0,0.035555555555555556,maxwell,2.5,0.0626881238597635,7.148443056631872e-09,1.8292356832191498e-15,53,144,8,0.12281400025927998,1.112123799370787e-08,1e-08,1.1816315368314611e-09,paper,1.0,1.0,0.22994517447847243,0.03832419574641207,0.7135782339877295,1.0,0.12281400025927998,0.010965635493926151,1150876.7491415036
8,128.0,0.035555555555555556,maxwell,10.0,0.06268812385971771,2.8593772226526165e-08,2.0049108030981884e-15,53,144,8,0.12281400025927998,4.448495197483148e-08,1e-08,4.7265261473258444e-09,paper,1.0,1.0,0.22994517447847243,0.03832419574641207,0.7135782339877295,1.0,0.12281400025927998,0.010965635493926151,1150876.7491415036
8,128.0,0.035555555555555556,maxwell,100.0,0.06268812386025234,2.8593772226498984e-07,2.071548132730102e-15,53,144,8,0.12281400025927998,4.4484951974831477e-07,1e-08,4.7265261473258444e-08,paper,1.0,1.0,0.22994517447847243,0.03832419574641207,0.7135782339877295,1.0,0.12281400025927998,0.010965635493926151,1150876.7491415036
8,128.0,0.035555555555555556,maxwell,1000.0,0.06268812386374771,2.85937722245224e-06,2.374165748809686e-15,53,144,8,0.12281400025927998,4.448495197483147e-06,1e-08,4.726526147325844e-07,paper,1.0,1.0,0.22994517447847243,0.03832419574641207,0.7135782339877295,1.0,0.12281400025927998,0.010965635493926151,1150876.7491415036
8,128.0,0.035555555555555556,maxwell,10000.0,0.06268812425411245,2.8593772050419373e-05,2.0778612860087614e-15,53,144,8,0.12281400025927998,4.448495197483148e-05,1e-08,4.726526147325844e-06,paper,1.0,1.0,0.22994517447847243,0.03832419574641207,0.7135782339877295,1.0,0.12281400025927998,0.010965635493926151,1150876.7491415036
8,128.0,0.035555555555555556,grain,1.0,0.06268870649294382,6.293944464881616e-10,2.150604784259258e-15,53,144,8,0.12281514171197465,1.2330639411991634e-09,1e-08,0.0,paper,1.0,1.0,0.22994517447847243,0.03832419574641207,0.7135782339877295,1.0,0.12281400025927998,0.010965635493926151,1150876.7491415036
8,128.0,0.035555555555555556,grain,2.5,0.06268870649381672,2.517580253798737e-10,1.784116986809926e-15,53,144,8,0.12281514171309356,4.93226059961492e-10,1e-08,0.0,paper,1.0,1.0,0.22994517447847243,0.03832419574641207,0.7135782339877295,1.0,0.12281400025927998,0.010965635493926151,1150876.7491415036
8,128.0,0.035555555555555556,grain,10.0,0.0626887064936073,6.293951736240369e-11,1.7791411218267255e-15,53,144,8,0.12281514171329336,1.2330653657440807e-10,1e-08,0.0,paper,1.0,1.0,0.22994517447847243,0.03832419574641207,0.7135782339877295,1.0,0.12281400025927998,0.010965635493926151,1150876.7491415036
8,128.0,0.035555555555555556,grain,100.0,0.0626887064935583,6.293951808895817e-12,1.7471650361202163e-15,53,144,8,0.12281514171330654,1.2330653799895464e-11,1e-08,0.0,paper,1.0,1.0,0.22994517447847243,0.03832419574641207,0.7135782339877295,1.0,0.12281400025927998,0.010965635493926151,1150876.7491415036
8,128.0,0.035555555555555556,grain,1000.0,0.06268870649364201,6.293951809652242e-13,1.7470180611665427e-15,53,144,8,0.12281514171330668,1.2330653801320015e-12,1e-08,0.0,paper,1.0,1.0,0.22994517447847243,0.03832419574641207,0.7135782339877295,1.0,0.12281400025927998,0.010965635493926151,1150876.7491415036
8,128.0,0.035555555555555556,grain,10000.0,0.06268870649364201,6.293951809665119e-14,1.7470180611665427e-15,53,144,8,0.12281514171330668,1.2330653801334254e-13,1e-08,0.0,paper,1.0,1.0,0.22994517447847243,0.03832419574641207,0.7135782339877295,1.0,0.12281400025927998,0.010965635493926151,1150876.7491415036
8,128.0,0.035555555555555556,interface,1.0,0.18005934118190176,0.019561869553641028,2.197378035993032e-15,53,144,8,0.3527591747377524,0.03832419574641207,1e-08,0.0,paper,1.0,1.0,0.22994517447847243,0.03832419574641207,0.7135782339877295,1.0,0.12281400025927998,0.010965635493926151,1150876.7491415036
8,128.0,0.035555555555555556,interface,2.5,0.18005934118190176,0.019561869553641028,2.197378035993032e-15,53,144,8,0.3527591747377524,0.03832419574641207,1e-08,0.0,paper,1.0,1.0,0.22994517447847243,0.03832419574641207,0.7135782339877295,1.0,0.12281400025927998,0.010965635493926151,1150876.7491415036
8,128.0,0.035555555555555556,interface,10.0,0.18005934118190176,0.019561869553641028,2.197378035993032e-15,53,144,8,0.3527591747377524,0.03832419574641207,1e-08,0.0,paper,1.0,1.0,0.22994517447847243,0.03832419574641207,0.7135782339877295,1.0,0.12281400025927998,0.010965635493926151,1150876.7491415036
8,128.0,0.035555555555555556,interface,100.0,0.18005934118190176,0.019561869553641028,2.197378035993032e-15,53,144,8,0.3527591747377524,0.03832419574641207,1e-08,0.0,paper,1.0,1.0,0.22994517447847243,0.03832419574641207,0.7135782339877295,1.0,0.12281400025927998,0.010965635493926151,1150876.7491415036
8,128.0,0.035555555555555556,interface,1000.0,0.18005934118190176,0.019561869553641028,2.197378035993032e-15,53,144,8,0.3527591747377524,0.03832419574641207,1e-08,0.0,paper,1.0,1.0,0.22994517447847243,0.03832419574641207,0.7135782339877295,1.0,0.12281400025927998,0.010965635493926151,1150876.7491415036
8,128.0,0.035555555555555556,interface,10000.0,0.18005934118190176,0.019561869553641028,2.197378035993032e-15,53,144,8,0.3527591747377524,0.03832419574641207,1e-08,0.0,paper,1.0,1.0,0.22994517447847243,0.03832419574641207,0.7135782339877295,1.0,0.12281400025927998,0.010965635493926151,1150876.7491415036
8,128.0,0.035555555555555556,all,1.0,0.18005992381406924,0.019561873042211422,2.2480171287196917e-15,53,144,8,0.35276031619044707,0.03832420142797121,1e-08,4.726526147325844e-10,paper,1.0,1.0,0.22994517447847243,0.03832419574641207,0.7135782339877295,1.0,0.12281400025927998,0.010965635493926151,1150876.7491415036
8,128.0,0.035555555555555556,all,2.5,0.18005992381543603,0.01956187695373597,2.1852242447497422e-15,53,144,8,0.352760316191566,0.03832420736087612,1e-08,1.1816315368314611e-09,paper,1.0,1.0,0.22994517447847243,0.03832419574641207,0.7135782339877295,1.0,0.12281400025927998,0.010965635493926151,1150876.7491415036
8,128.0,0.035555555555555556,all,10.0,0.18005992381497318,0.0195618982102569,2.196033749471973e-15,53,144,8,0.3527603161917658,0.03832424035467058,1e-08,4.7265261473258444e-09,paper,1.0,1.0,0.22994517447847243,0.03832419574641207,0.7135782339877295,1.0,0.12281400025927998,0.010965635493926151,1150876.7491415036
8,128.0,0.035555555555555556,all,100.0,0.18005992381476563,0.01956215549766716,2.1182529902193245e-15,53,144,8,0.35276031619177894,0.03832464060826247,1e-08,4.7265261473258444e-08,paper,1.0,1.0,0.22994517447847243,0.03832419574641207,0.7135782339877295,1.0,0.12281400025927998,0.010965635493926151,1150876.7491415036
8,128.0,0.035555555555555556,all,1000.0,0.18005992381695107,0.01956472893143796,2.121402452764917e-15,53,144,8,0.3527603161917791,0.038328644242842616,1e-08,4.726526147325844e-07,paper,1.0,1.0,0.22994517447847243,0.03832419574641207,0.7135782339877295,1.0,0.12281400025927998,0.010965635493926151,1150876.7491415036
8,128.0,0.035555555555555556,all,10000.0,0.18005992395090012,0.01959046331212476,2.337304804586577e-15,53,144,8,0.3527603161917791,0.03836868069851021,1e-08,4.726526147325844e-06,paper,1.0,1.0,0.22994517447847243,0.03832419574641207,0.7135782339877295,1.0,0.12281400025927998,0.010965635493926151,1150876.7491415036
9,256.0,0.07111111111111111,maxwell,1.0,0.09770840926136583,2.863473560406434e-09,2.1413007865110183e-15,53,144,8,0.19110000041439998,4.448495197483147e-09,1e-08,4.726526147325844e-10,paper,1.0,1.0,0.18698233214996055,0.031163722024993425,0.718030467184654,1.0,0.19110000041439998,0.009114129374345825,935847.5082580608
9,256.0,0.07111111111111111,maxwell,2.5,0.09770840926154131,7.158683901025095e-09,2.0266825598175183e-15,53,144,8,0.19110000041439998,1.112123799370787e-08,1e-08,1.1816315368314611e-09,paper,1.0,1.0,0.18698233214996055,0.031163722024993425,0.718030467184654,1.0,0.19110000041439998,0.009114129374345825,935847.5082580608
9,256.0,0.07111111111111111,maxwell,10.0,0.09770840926172068,2.8634735604159375e-08,1.9584602605991235e-15,53,144,8,0.19110000041439998,4.448495197483148e-08,1e-08,4.7265261473258444e-09,paper,1.0,1.0,0.18698233214996055,0.031163722024993425,0.718030467184654,1.0,0.19110000041439998,0.009114129374345825,935847.5082580608
9,256.0,0.07111111111111111,maxwell,100.0,0.09770840926152925,2.863473560420015e-07,2.1351409074377917e-15,53,144,8,0.19110000041439998,4.4484951974831477e-07,1e-08,4.7265261473258444e-08,paper,1.0,1.0,0.18698233214996055,0.031163722024993425,0.718030467184654,1.0,0.19110000041439998,0.009114129374345825,935847.5082580608
9,256.0,0.07111111111111111,maxwell,1000.0,0.0977084092639062,2.8634735603345513e-06,2.3510905362121033e-15,53,144,8,0.19110000041439998,4.448495197483147e-06,1e-08,4.726526147325844e-07,paper,1.0,1.0,0.18698233214996055,0.031163722024993425,0.718030467184654,1.0,0.19110000041439998,0.009114129374345825,935847.5082580608
9,256.0,0.07111111111111111,maxwell,10000.0,0.09770840951595175,2.8634735531369183e-05,2.0757264862378026e-15,53,144,8,0.19110000041439998,4.448495197483148e-05,1e-08,4.726526147325844e-06,paper,1.0,1.0,0.18698233214996055,0.031163722024993425,0.718030467184654,1.0,0.19110000041439998,0.009114129374345825,935847.5082580608
9,256.0,0.07111111111111111,grain,1.0,0.09770898516963084,6.249912758849548e-10,1.7918120714837036e-15,53,144,8,0.19110112678581245,1.2223702055358203e-09,1e-08,0.0,paper,1.0,1.0,0.18698233214996055,0.031163722024993425,0.718030467184654,1.0,0.19110000041439998,0.009114129374345825,935847.5082580608
9,256.0,0.07111111111111111,grain,2.5,0.09770898517011663,2.499967576702997e-10,1.842374776540339e-15,53,144,8,0.19110112678692676,4.889485659233903e-10,1e-08,0.0,paper,1.0,1.0,0.18698233214996055,0.031163722024993425,0.718030467184654,1.0,0.19110000041439998,0.009114129374345825,935847.5082580608
9,256.0,0.07111111111111111,grain,10.0,0.09770898517062836,6.249920045864921e-11,1.9316614706594243e-15,53,144,8,0.19110112678712574,1.222371630750273e-10,1e-08,0.0,paper,1.0,1.0,0.18698233214996055,0.031163722024993425,0.718030467184654,1.0,0.19110000041439998,0.009114129374345825,935847.5082580608
9,256.0,0.07111111111111111,grain,100.0,0.097708985170355,6.249920118731486e-12,1.8834948190037697e-15,53,144,8,0.19110112678713886,1.2223716450024344e-11,1e-08,0.0,paper,1.0,1.0,0.18698233214996055,0.031163722024993425,0.718030467184654,1.0,0.19110000041439998,0.009114129374345825,935847.5082580608
9,256.0,0.07111111111111111,grain,1000.0,0.09770898517037033,6.24992011943922e-13,1.8821527964425587e-15,53,144,8,0.191101126787139,1.222371645144956e-12,1e-08,0.0,paper,1.0,1.0,0.18698233214996055,0.031163722024993425,0.718030467184654,1.0,0.19110000041439998,0.009114129374345825,935847.5082580608
9,256.0,0.07111111111111111,grain,10000.0,0.09770898517037033,6.249920119500111e-14,1.8821527964425587e-15,53,144,8,0.191101126787139,1.222371645146381e-13,1e-08,0.0,paper,1.0,1.0,0.18698233214996055,0.031163722024993425,0.718030467184654,1.0,0.19110000041439998,0.009114129374345825,935847.5082580608
9,256.0,0.07111111111111111,interface,1.0,0.19331146454686357,0.015933842547293162,2.017519436480604e-15,53,144,8,0.3780823325643605,0.031163722024993425,1e-08,0.0,paper,1.0,1.0,0.18698233214996055,0.031163722024993425,0.718030467184654,1.0,0.19110000041439998,0.009114129374345825,935847.5082580608
9,256.0,0.07111111111111111,interface,2.5,0.19331146454686357,0.015933842547293162,2.017519436480604e-15,53,144,8,0.3780823325643605,0.031163722024993425,1e-08,0.0,paper,1.0,1.0,0.18698233214996055,0.031163722024993425,0.718030467184654,1.0,0.19110000041439998,0.009114129374345825,935847.5082580608
9,256.0,0.07111111111111111,interface,10.0,0.19331146454686357,0.015933842547293162,2.017519436480604e-15,53,144,8,0.3780823325643605,0.031163722024993425,1e-08,0.0,paper,1.0,1.0,0.18698233214996055,0.031163722024993425,0.718030467184654,1.0,0.19110000041439998,0.009114129374345825,935847.5082580608
9,256.0,0.07111111111111111,interface,100.0,0.19331146454686357,0.015933842547293162,2.017519436480604e-15,53,144,8,0.3780823325643605,0.031163722024993425,1e-08,0.0,paper,1.0,1.0,0.18698233214996055,0.031163722024993425,0.718030467184654,1.0,0.19110000041439998,0.009114129374345825,935847.5082580608
9,256.0,0.07111111111111111,interface,1000.0,0.19331146454686357,0.015933842547293162,2.017519436480604e-15,53,144,8,0.3780823325643605,0.031163722024993425,1e-08,0.0,paper,1.0,1.0,0.18698233214996055,0.031163722024993425,0.718030467184654,1.0,0.19110000041439998,0.009114129374345825,935847.5082580608
9,256.0,0.07111111111111111,interface,10000.0,0.19331146454686357,0.015933842547293162,2.017519436480604e-15,53,144,8,0.3780823325643605,0.031163722024993425,1e-08,0.0,paper,1.0,1.0,0.18698233214996055,0.031163722024993425,0.718030467184654,1.0,0.19110000041439998,0.009114129374345825,935847.5082580608
9,256.0,0.07111111111111111,all,1.0,0.193312040452885,0.01593384603575657,2.240823859019587e-15,53,144,8,0.378083458935773,0.031163727695858828,1e-08,4.726526147325844e-10,paper,1.0,1.0,0.18698233214996055,0.031163722024993425,0.718030467184654,1.0,0.19110000041439998,0.009114129374345825,935847.5082580608
9,256.0,0.07111111111111111,all,2.5,0.193312040455366,0.015933849956127788,2.2074989245376627e-15,53,144,8,0.37808345893688733,0.031163733635179984,1e-08,1.1816315368314611e-09,paper,1.0,1.0,0.18698233214996055,0.031163722024993425,0.718030467184654,1.0,0.19110000041439998,0.009114129374345825,935847.5082580608
9,256.0,0.07111111111111111,all,10.0,0.19331204045522676,0.015933871244554428,2.157114181586774e-15,53,144,8,0.3780834589370863,0.031163766632182562,1e-08,4.7265261473258444e-09,paper,1.0,1.0,0.18698233214996055,0.031163722024993425,0.718030467184654,1.0,0.19110000041439998,0.009114129374345825,935847.5082580608
9,256.0,0.07111111111111111,all,100.0,0.1933120404557816,0.015934128900977042,2.2124636197027436e-15,53,144,8,0.3780834589370994,0.03116416688673689,1e-08,4.7265261473258444e-08,paper,1.0,1.0,0.18698233214996055,0.031163722024993425,0.718030467184654,1.0,0.19110000041439998,0.009114129374345825,935847.5082580608
9,256.0,0.07111111111111111,all,1000.0,0.19331204045699107,0.01593670602150482,2.2393143294319753e-15,53,144,8,0.37808345893709955,0.03116817052141328,1e-08,4.726526147325844e-07,paper,1.0,1.0,0.18698233214996055,0.031163722024993425,0.718030467184654,1.0,0.19110000041439998,0.009114129374345825,935847.5082580608
9,256.0,0.07111111111111111,all,10000.0,0.19331204058244364,0.015962477273013927,2.2088349164847817e-15,53,144,8,0.37808345893709955,0.031208206977090494,1e-08,4.726526147325844e-06,paper,1.0,1.0,0.18698233214996055,0.031163722024993425,0.718030467184654,1.0,0.19110000041439998,0.009114129374345825,935847.5082580608
10,512.0,0.14222222222222222,maxwell,1.0,0.12538157717775025,2.8990941782714702e-09,1.986485549334714e-15,53,144,8,0.24106399994431998,4.448495197483147e-09,1e-08,4.726526147325844e-10,paper,1.0,1.0,0.16918900130384854,0.028198166883974755,0.7264543310096353,1.0,0.24106399994431998,0.008600516438029652,846791.7983175602
10,512.0,0.14222222222222222,maxwell,2.5,0.12538157717844564,7.247735445710575e-09,2.0500040472508137e-15,53,144,8,0.24106399994431998,1.112123799370787e-08,1e-08,1.1816315368314611e-09,paper,1.0,1.0,0.16918900130384854,0.028198166883974755,0.7264543310096353,1.0,0.24106399994431998,0.008600516438029652,846791.7983175602
10,512.0,0.14222222222222222,maxwell,10.0,0.1253815771776391,2.8990941782567757e-08,2.0479781595047233e-15,53,144,8,0.24106399994431998,4.448495197483148e-08,1e-08,4.7265261473258444e-09,paper,1.0,1.0,0.16918900130384854,0.028198166883974755,0.7264543310096353,1.0,0.24106399994431998,0.008600516438029652,846791.7983175602
10,512.0,0.14222222222222222,maxwell,100.0,0.12538157717772994,2.8990941782648613e-07,2.0277405850732796e-15,53,144,8,0.24106399994431998,4.4484951974831477e-07,1e-08,4.7265261473258444e-08,paper,1.0,1.0,0.16918900130384854,0.028198166883974755,0.7264543310096353,1.0,0.24106399994431998,0.008600516438029652,846791.7983175602
10,512.0,0.14222222222222222,maxwell,1000.0,0.1253815771804302,2.899094178219945e-06,2.138220381648664e-15,53,144,8,0.24106399994431998,4.448495197483147e-06,1e-08,4.726526147325844e-07,paper,1.0,1.0,0.16918900130384854,0.028198166883974755,0.7264543310096353,1.0,0.24106399994431998,0.008600516438029652,846791.7983175602
10,512.0,0.14222222222222222,maxwell,10000.0,0.12538157738223105,2.8990941736157753e-05,1.9815487396451237e-15,53,144,8,0.24106399994431998,4.448495197483148e-05,1e-08,4.726526147325844e-06,paper,1.0,1.0,0.16918900130384854,0.028198166883974755,0.7264543310096353,1.0,0.24106399994431998,0.008600516438029652,846791.7983175602
10,512.0,0.14222222222222222,grain,1.0,0.12538214970072636,6.41484116715761e-10,1.9016147078618352e-15,53,144,8,0.241065100701982,1.2333450083497345e-09,1e-08,0.0,paper,1.0,1.0,0.16918900130384854,0.028198166883974755,0.7264543310096353,1.0,0.24106399994431998,0.008600516438029652,846791.7983175602
10,512.0,0.14222222222222222,grain,2.5,0.12538214970107503,2.565939172753233e-10,1.772651857040478e-15,53,144,8,0.2410651007031428,4.933385235867893e-10,1e-08,0.0,paper,1.0,1.0,0.16918900130384854,0.028198166883974755,0.7264543310096353,1.0,0.24106399994431998,0.008600516438029652,846791.7983175602
10,512.0,0.14222222222222222,grain,10.0,0.12538214970116493,6.414849139932918e-11,1.789318972539124e-15,53,144,8,0.2410651007033501,1.2333465412203405e-10,1e-08,0.0,paper,1.0,1.0,0.16918900130384854,0.028198166883974755,0.7264543310096353,1.0,0.24106399994431998,0.008600516438029652,846791.7983175602
10,512.0,0.14222222222222222,grain,100.0,0.12538214970165082,6.414849219640547e-12,1.9613538690144397e-15,53,144,8,0.24106510070336376,1.2333465565490652e-11,1e-08,0.0,paper,1.0,1.0,0.16918900130384854,0.028198166883974755,0.7264543310096353,1.0,0.24106399994431998,0.008600516438029652,846791.7983175602
10,512.0,0.14222222222222222,grain,1000.0,0.1253821497014656,6.414849220421978e-13,1.8291046033334103e-15,53,144,8,0.2410651007033639,1.233346556702353e-12,1e-08,0.0,paper,1.0,1.0,0.16918900130384854,0.028198166883974755,0.7264543310096353,1.0,0.24106399994431998,0.008600516438029652,846791.7983175602
10,512.0,0.14222222222222222,grain,10000.0,0.1253821497014656,6.414849220436275e-14,1.8291046033334103e-15,53,144,8,0.2410651007033639,1.2333465567038853e-13,1e-08,0.0,paper,1.0,1.0,0.16918900130384854,0.028198166883974755,0.7264543310096353,1.0,0.24106399994431998,0.008600516438029652,846791.7983175602
10,512.0,0.14222222222222222,interface,1.0,0.2133797093501939,0.01466635536215073,2.0439309560825466e-15,53,144,8,0.41025300124816855,0.028198166883974755,1e-08,0.0,paper,1.0,1.0,0.16918900130384854,0.028198166883974755,0.7264543310096353,1.0,0.24106399994431998,0.008600516438029652,846791.7983175602
10,512.0,0.14222222222222222,interface,2.5,0.2133797093501939,0.01466635536215073,2.0439309560825466e-15,53,144,8,0.41025300124816855,0.028198166883974755,1e-08,0.0,paper,1.0,1.0,0.16918900130384854,0.028198166883974755,0.7264543310096353,1.0,0.24106399994431998,0.008600516438029652,846791.7983175602
10,512.0,0.14222222222222222,interface,10.0,0.2133797093501939,0.01466635536215073,2.0439309560825466e-15,53,144,8,0.41025300124816855,0.028198166883974755,1e-08,0.0,paper,1.0,1.0,0.16918900130384854,0.028198166883974755,0.7264543310096353,1.0,0.24106399994431998,0.008600516438029652,846791.7983175602
10,512.0,0.14222222222222222,interface,100.0,0.2133797093501939,0.01466635536215073,2.0439309560825466e-15,53,144,8,0.41025300124816855,0.028198166883974755,1e-08,0.0,paper,1.0,1.0,0.16918900130384854,0.028198166883974755,0.7264543310096353,1.0,0.24106399994431998,0.008600516438029652,846791.7983175602
10,512.0,0.14222222222222222,interface,1000.0,0.2133797093501939,0.01466635536215073,2.0439309560825466e-15,53,144,8,0.41025300124816855,0.028198166883974755,1e-08,0.0,paper,1.0,1.0,0.16918900130384854,0.028198166883974755,0.7264543310096353,1.0,0.24106399994431998,0.008600516438029652,846791.7983175602
10,512.0,0.14222222222222222,interface,10000.0,0.2133797093501939,0.01466635536215073,2.0439309560825466e-15,53,144,8,0.41025300124816855,0.028198166883974755,1e-08,0.0,paper,1.0,1.0,0.16918900130384854,0.028198166883974755,0.7264543310096353,1.0,0.24106399994431998,0.008600516438029652,846791.7983175602
10,512.0,0.14222222222222222,all,1.0,0.2133802818734408,0.014666358902722259,2.0069410169980123e-15,53,144,8,0.41025410200583057,0.02819817256581496,1e-08,4.726526147325844e-10,paper,1.0,1.0,0.16918900130384854,0.028198166883974755,0.7264543310096353,1.0,0.24106399994431998,0.008600516438029652,846791.7983175602
10,512.0,0.14222222222222222,all,2.5,0.21338028187532262,0.014666362866499307,2.0370718136410532e-15,53,144,8,0.4102541020069913,0.02819817849855127,1e-08,1.1816315368314611e-09,paper,1.0,1.0,0.16918900130384854,0.028198166883974755,0.7264543310096353,1.0,0.24106399994431998,0.008600516438029652,846791.7983175602
10,512.0,0.14222222222222222,all,10.0,0.2133802818741706,0.014666384417294067,2.073511672473369e-15,53,144,8,0.41025410200719864,0.028198211492261385,1e-08,4.7265261473258444e-09,paper,1.0,1.0,0.16918900130384854,0.028198166883974755,0.7264543310096353,1.0,0.24106399994431998,0.008600516438029652,846791.7983175602
10,512.0,0.14222222222222222,all,100.0,0.21338028187494615,0.014666645277993093,2.0154527918168914e-15,53,144,8,0.4102541020072123,0.028198611745827967,1e-08,4.7265261473258444e-08,paper,1.0,1.0,0.16918900130384854,0.028198166883974755,0.7264543310096353,1.0,0.24106399994431998,0.008600516438029652,846791.7983175602
10,512.0,0.14222222222222222,all,1000.0,0.2133802818760616,0.014669254456983742,2.1330127894205113e-15,53,144,8,0.41025410200721246,0.028202615380405586,1e-08,4.726526147325844e-07,paper,1.0,1.0,0.16918900130384854,0.028198166883974755,0.7264543310096353,1.0,0.24106399994431998,0.008600516438029652,846791.7983175602
10,512.0,0.14222222222222222,all,10000.0,0.21338028199357256,0.014695346296091778,2.1360311186437094e-15,53,144,8,0.41025410200721246,0.02824265183607292,1e-08,4.726526147325844e-06,paper,1.0,1.0,0.16918900130384854,0.028198166883974755,0.7264543310096353,1.0,0.24106399994431998,0.008600516438029652,846791.7983175602
11,1024.0,0.28444444444444444,maxwell,1.0,0.13667515271795525,3.023806910793599e-09,2.087180631317147e-15,53,144,8,0.2456714430604738,4.448495197483147e-09,1e-08,4.726526147325844e-10,paper,0.9558016665160435,0.9776510965145201,0.26216243271363265,0.043693738785605445,0.7427550233805315,0.9776510965145201,0.25703182121031604,0.014820374931412163,1342119.1798730127
11,1024.0,0.28444444444444444,maxwell,2.5,0.13667515271823472,7.559517277049885e-09,1.931779528503126e-15,53,144,8,0.2456714430604738,1.112123799370787e-08,1e-08,1.1816315368314611e-09,paper,0.9558016665160435,0.9776510965145201,0.26216243271363265,0.043693738785605445,0.7427550233805315,0.9776510965145201,0.25703182121031604,0.014820374931412163,1342119.1798730127
11,1024.0,0.28444444444444444,maxwell,10.0,0.1366751527193615,3.02380691082537e-08,2.0368609129526775e-15,53,144,8,0.2456714430604738,4.448495197483148e-08,1e-08,4.7265261473258444e-09,paper,0.9558016665160435,0.9776510965145201,0.26216243271363265,0.043693738785605445,0.7427550233805315,0.9776510965145201,0.25703182121031604,0.014820374931412163,1342119.1798730127
11,1024.0,0.28444444444444444,maxwell,100.0,0.13667515271798344,3.023806910807221e-07,2.2131280228592852e-15,53,144,8,0.2456714430604738,4.4484951974831477e-07,1e-08,4.7265261473258444e-08,paper,0.9558016665160435,0.9776510965145201,0.26216243271363265,0.043693738785605445,0.7427550233805315,0.9776510965145201,0.25703182121031604,0.014820374931412163,1342119.1798730127
11,1024.0,0.28444444444444444,maxwell,1000.0,0.13667515272098904,3.0238069107620735e-06,1.9439321702466587e-15,53,144,8,0.2456714430604738,4.448495197483147e-06,1e-08,4.726526147325844e-07,paper,0.9558016665160435,0.9776510965145201,0.26216243271363265,0.043693738785605445,0.7427550233805315,0.9776510965145201,0.25703182121031604,0.014820374931412163,1342119.1798730127
11,1024.0,0.28444444444444444,maxwell,10000.0,0.13667515291060567,3.0238069065172243e-05,1.9975314542702998e-15,53,144,8,0.2456714430604738,4.448495197483148e-05,1e-08,4.726526147325844e-06,paper,0.9558016665160435,0.9776510965145201,0.26216243271363265,0.043693738785605445,0.7427550233805315,0.9776510965145201,0.25703182121031604,0.014820374931412163,1342119.1798730127
11,1024.0,0.28444444444444444,grain,1.0,0.1366757533953034,7.318334499505421e-10,1.7896252702409192e-15,53,144,8,0.24567252276709678,1.3154592581831217e-09,1e-08,0.0,paper,0.9558016665160435,0.9776510965145201,0.26216243271363265,0.043693738785605445,0.7427550233805315,0.9776510965145201,0.25703182121031604,0.014820374931412163,1342119.1798730127
11,1024.0,0.28444444444444444,grain,2.5,0.13667575339559382,2.927337449809862e-10,1.78439415501113e-15,53,144,8,0.24567252276844304,5.261843593578565e-10,1e-08,0.0,paper,0.9558016665160435,0.9776510965145201,0.26216243271363265,0.043693738785605445,0.7427550233805315,0.9776510965145201,0.25703182121031604,0.014820374931412163,1342119.1798730127
11,1024.0,0.28444444444444444,grain,10.0,0.13667575339612256,7.318345253972031e-11,1.7396077036299615e-15,53,144,8,0.24567252276868345,1.3154611912899857e-10,1e-08,0.0,paper,0.9558016665160435,0.9776510965145201,0.26216243271363265,0.043693738785605445,0.7427550233805315,0.9776510965145201,0.25703182121031604,0.014820374931412163,1342119.1798730127
11,1024.0,0.28444444444444444,grain,100.0,0.1366757533965206,7.318345361560361e-12,1.8124702336542333e-15,53,144,8,0.24567252276869933,1.3154612106210832e-11,1e-08,0.0,paper,0.9558016665160435,0.9776510965145201,0.26216243271363265,0.043693738785605445,0.7427550233805315,0.9776510965145201,0.25703182121031604,0.014820374931412163,1342119.1798730127
11,1024.0,0.28444444444444444,grain,1000.0,0.13667575339632354,7.318345362644421e-13,1.791781047468058e-15,53,144,8,0.24567252276869947,1.3154612108143944e-12,1e-08,0.0,paper,0.9558016665160435,0.9776510965145201,0.26216243271363265,0.043693738785605445,0.7427550233805315,0.9776510965145201,0.25703182121031604,0.014820374931412163,1342119.1798730127
11,1024.0,0.28444444444444444,grain,10000.0,0.13667575339632354,7.31834536260244e-14,1.791781047468058e-15,53,144,8,0.24567252276869947,1.3154612108163276e-13,1e-08,0.0,paper,0.9558016665160435,0.9776510965145201,0.26216243271363265,0.043693738785605445,0.7427550233805315,0.9776510965145201,0.25703182121031604,0.014820374931412163,1342119.1798730127
11,1024.0,0.28444444444444444,interface,1.0,0.282524776252704,0.02430827058906222,2.0452130635314457e-15,53,144,8,0.5078338757741064,0.043693738785605445,1e-08,0.0,paper,0.9558016665160435,0.9776510965145201,0.26216243271363265,0.043693738785605445,0.7427550233805315,0.9776510965145201,0.25703182121031604,0.014820374931412163,1342119.1798730127
11,1024.0,0.28444444444444444,interface,2.5,0.282524776252704,0.02430827058906222,2.0452130635314457e-15,53,144,8,0.5078338757741064,0.043693738785605445,1e-08,0.0,paper,0.9558016665160435,0.9776510965145201,0.26216243271363265,0.043693738785605445,0.7427550233805315,0.9776510965145201,0.25703182121031604,0.014820374931412163,1342119.1798730127
11,1024.0,0.28444444444444444,interface,10.0,0.282524776252704,0.02430827058906222,2.0452130635314457e-15,53,144,8,0.5078338757741064,0.043693738785605445,1e-08,0.0,paper,0.9558016665160435,0.9776510965145201,0.26216243271363265,0.043693738785605445,0.7427550233805315,0.9776510965145201,0.25703182121031604,0.014820374931412163,1342119.1798730127
11,1024.0,0.28444444444444444,interface,100.0,0.282524776252704,0.02430827058906222,2.0452130635314457e-15,53,144,8,0.5078338757741064,0.043693738785605445,1e-08,0.0,paper,0.9558016665160435,0.9776510965145201,0.26216243271363265,0.043693738785605445,0.7427550233805315,0.9776510965145201,0.25703182121031604,0.014820374931412163,1342119.1798730127
11,1024.0,0.28444444444444444,interface,1000.0,0.282524776252704,0.02430827058906222,2.0452130635314457e-15,53,144,8,0.5078338757741064,0.043693738785605445,1e-08,0.0,paper,0.9558016665160435,0.9776510965145201,0.26216243271363265,0.043693738785605445,0.7427550233805315,0.9776510965145201,0.25703182121031604,0.014820374931412163,1342119.1798730127
11,1024.0,0.28444444444444444,interface,10000.0,0.282524776252704,0.02430827058906222,2.0452130635314457e-15,53,144,8,0.5078338757741064,0.043693738785605445,1e-08,0.0,paper,0.9558016665160435,0.9776510965145201,0.26216243271363265,0.043693738785605445,0.7427550233805315,0.9776510965145201,0.25703182121031604,0.014820374931412163,1342119.1798730127
11,1024.0,0.28444444444444444,all,1.0,0.282525376929313,0.024308274344631592,2.0346069941305695e-15,53,144,8,0.5078349554807294,0.0436937445495599,1e-08,4.726526147325844e-10,paper,0.9558016665160435,0.9776510965145201,0.26216243271363265,0.043693738785605445,0.7427550233805315,0.9776510965145201,0.25703182121031604,0.014820374931412163,1342119.1798730127
11,1024.0,0.28444444444444444,all,2.5,0.28252537692901863,0.02430827844113537,2.193765558318811e-15,53,144,8,0.5078349554820757,0.0436937504330278,1e-08,1.1816315368314611e-09,paper,0.9558016665160435,0.9776510965145201,0.26216243271363265,0.043693738785605445,0.7427550233805315,0.9776510965145201,0.25703182121031604,0.014820374931412163,1342119.1798730127
11,1024.0,0.28444444444444444,all,10.0,0.282525376930203,0.024308300900333965,1.9892428809876375e-15,53,144,8,0.507834955482316,0.04369378340210354,1e-08,4.7265261473258444e-09,paper,0.9558016665160435,0.9776510965145201,0.26216243271363265,0.043693738785605445,0.7427550233805315,0.9776510965145201,0.25703182121031604,0.014820374931412163,1342119.1798730127
11,1024.0,0.28444444444444444,all,100.0,0.28252537692918156,0.024308572976872306,2.1109686179346713e-15,53,144,8,0.507834955482332,0.0436941836482798,1e-08,4.7265261473258444e-08,paper,0.9558016665160435,0.9776510965145201,0.26216243271363265,0.043693738785605445,0.7427550233805315,0.9776510965145201,0.25703182121031604,0.014820374931412163,1342119.1798730127
11,1024.0,0.28444444444444444,all,1000.0,0.2825253769315955,0.02431129439663785,2.147102428409961e-15,53,144,8,0.5078349554823322,0.04369818728211839,1e-08,4.726526147325844e-07,paper,0.9558016665160435,0.9776510965145201,0.26216243271363265,0.043693738785605445,0.7427550233805315,0.9776510965145201,0.25703182121031604,0.014820374931412163,1342119.1798730127
11,1024.0,0.28444444444444444,all,10000.0,0.2825253770228721,0.02433850865066951,2.116130323705973e-15,53,144,8,0.5078349554823322,0.04373822373771182,1e-08,4.726526147325844e-06,paper,0.9558016665160435,0.9776510965145201,0.26216243271363265,0.043693738785605445,0.7427550233805315,0.9776510965145201,0.25703182121031604,0.014820374931412163,1342119.1798730127
12,1924.0,0.5344444444444445,maxwell,1.0,0.11850986005543623,3.2029092213512023e-09,2.2384543797426723e-15,53,144,8,0.19309521104490565,4.448495197483147e-09,1e-08,4.726526147325844e-10,paper,0.7210570011554609,0.8491507529028405,0.31576584240064726,0.05262764040010788,0.7676736755828464,0.8491507529028405,0.26779465525676804,0.023519739422508235,1861164.9535988707
12,1924.0,0.5344444444444445,maxwell,2.5,0.1185098600558255,8.007273053449099e-09,2.091956666758435e-15,53,144,8,0.19309521104490565,1.112123799370787e-08,1e-08,1.1816315368314611e-09,paper,0.7210570011554609,0.8491507529028405,0.31576584240064726,0.05262764040010788,0.7676736755828464,0.8491507529028405,0.26779465525676804,0.023519739422508235,1861164.9535988707
12,1924.0,0.5344444444444445,maxwell,10.0,0.11850986005565652,3.2029092213783815e-08,2.1347860620062646e-15,53,144,8,0.19309521104490565,4.448495197483148e-08,1e-08,4.7265261473258444e-09,paper,0.7210570011554609,0.8491507529028405,0.31576584240064726,0.05262764040010788,0.7676736755828464,0.8491507529028405,0.26779465525676804,0.023519739422508235,1861164.9535988707
12,1924.0,0.5344444444444445,maxwell,100.0,0.11850986005540702,3.2029092213619144e-07,2.5538853120800134e-15,53,144,8,0.19309521104490565,4.4484951974831477e-07,1e-08,4.7265261473258444e-08,paper,0.7210570011554609,0.8491507529028405,0.31576584240064726,0.05262764040010788,0.7676736755828464,0.8491507529028405,0.26779465525676804,0.023519739422508235,1861164.9535988707
12,1924.0,0.5344444444444445,maxwell,1000.0,0.11850986005771938,3.2029092213006376e-06,2.2939142122722234e-15,53,144,8,0.19309521104490565,4.448495197483147e-06,1e-08,4.726526147325844e-07,paper,0.7210570011554609,0.8491507529028405,0.31576584240064726,0.05262764040010788,0.7676736755828464,0.8491507529028405,0.26779465525676804,0.023519739422508235,1861164.9535988707
12,1924.0,0.5344444444444445,maxwell,10000.0,0.11850986026045424,3.202909215598637e-05,2.3526388119042484e-15,53,144,8,0.19309521104490565,4.448495197483148e-05,1e-08,4.726526147325844e-06,paper,0.7210570011554609,0.8491507529028405,0.31576584240064726,0.05262764040010788,0.7676736755828464,0.8491507529028405,0.26779465525676804,0.023519739422508235,1861164.9535988707
12,1924.0,0.5344444444444445,grain,1.0,0.1185105347683292,9.35468987989434e-10,2.0561807719381836e-15,53,144,8,0.19309631039518255,1.5242157641593611e-09,1e-08,0.0,paper,0.7210570011554609,0.8491507529028405,0.31576584240064726,0.05262764040010788,0.7676736755828464,0.8491507529028405,0.26779465525676804,0.023519739422508235,1861164.9535988707
12,1924.0,0.5344444444444445,grain,2.5,0.1185105347698573,3.7418819940613795e-10,1.90488493167534e-15,53,144,8,0.1930963103969577,6.096872901424132e-10,1e-08,0.0,paper,0.7210570011554609,0.8491507529028405,0.31576584240064726,0.05262764040010788,0.7676736755828464,0.8491507529028405,0.26779465525676804,0.023519739422508235,1861164.9535988707
12,1924.0,0.5344444444444445,grain,10.0,0.11851053477049125,9.354707682571225e-11,1.9491597756919793e-15,53,144,8,0.1930963103972747,1.5242186648562753e-10,1e-08,0.0,paper,0.7210570011554609,0.8491507529028405,0.31576584240064726,0.05262764040010788,0.7676736755828464,0.8491507529028405,0.26779465525676804,0.023519739422508235,1861164.9535988707
12,1924.0,0.5344444444444445,grain,100.0,0.11851053476972025,9.354707860605133e-12,1.9374801660378684e-15,53,144,8,0.19309631039729563,1.5242186938633e-11,1e-08,0.0,paper,0.7210570011554609,0.8491507529028405,0.31576584240064726,0.05262764040010788,0.7676736755828464,0.8491507529028405,0.26779465525676804,0.023519739422508235,1861164.9535988707
12,1924.0,0.5344444444444445,grain,1000.0,0.11851053476977694,9.354707862401188e-13,1.9489617306065367e-15,53,144,8,0.19309631039729583,1.5242186941533705e-12,1e-08,0.0,paper,0.7210570011554609,0.8491507529028405,0.31576584240064726,0.05262764040010788,0.7676736755828464,0.8491507529028405,0.26779465525676804,0.023519739422508235,1861164.9535988707
12,1924.0,0.5344444444444445,grain,10000.0,0.11851053476977694,9.354707862429813e-14,1.9489617306065367e-15,53,144,8,0.19309631039729583,1.5242186941562711e-13,1e-08,0.0,paper,0.7210570011554609,0.8491507529028405,0.31576584240064726,0.05262764040010788,0.7676736755828464,0.8491507529028405,0.26779465525676804,0.023519739422508235,1861164.9535988707
12,1924.0,0.5344444444444445,interface,1.0,0.31230732625380936,0.032299577699619456,2.2580177222947017e-15,53,144,8,0.5088610534455529,0.05262764040010788,1e-08,0.0,paper,0.7210570011554609,0.8491507529028405,0.31576584240064726,0.05262764040010788,0.7676736755828464,0.8491507529028405,0.26779465525676804,0.023519739422508235,1861164.9535988707
12,1924.0,0.5344444444444445,interface,2.5,0.31230732625380936,0.032299577699619456,2.2580177222947017e-15,53,144,8,0.5088610534455529,0.05262764040010788,1e-08,0.0,paper,0.7210570011554609,0.8491507529028405,0.31576584240064726,0.05262764040010788,0.7676736755828464,0.8491507529028405,0.26779465525676804,0.023519739422508235,1861164.9535988707
12,1924.0,0.5344444444444445,interface,10.0,0.31230732625380936,0.032299577699619456,2.2580177222947017e-15,53,144,8,0.5088610534455529,0.05262764040010788,1e-08,0.0,paper,0.7210570011554609,0.8491507529028405,0.31576584240064726,0.05262764040010788,0.7676736755828464,0.8491507529028405,0.26779465525676804,0.023519739422508235,1861164.9535988707
12,1924.0,0.5344444444444445,interface,100.0,0.31230732625380936,0.032299577699619456,2.2580177222947017e-15,53,144,8,0.5088610534455529,0.05262764040010788,1e-08,0.0,paper,0.7210570011554609,0.8491507529028405,0.31576584240064726,0.05262764040010788,0.7676736755828464,0.8491507529028405,0.26779465525676804,0.023519739422508235,1861164.9535988707
12,1924.0,0.5344444444444445,interface,1000.0,0.31230732625380936,0.032299577699619456,2.2580177222947017e-15,53,144,8,0.5088610534455529,0.05262764040010788,1e-08,0.0,paper,0.7210570011554609,0.8491507529028405,0.31576584240064726,0.05262764040010788,0.7676736755828464,0.8491507529028405,0.26779465525676804,0.023519739422508235,1861164.9535988707
12,1924.0,0.5344444444444445,interface,10000.0,0.31230732625380936,0.032299577699619456,2.2580177222947017e-15,53,144,8,0.5088610534455529,0.05262764040010788,1e-08,0.0,paper,0.7210570011554609,0.8491507529028405,0.31576584240064726,0.05262764040010788,0.7676736755828464,0.8491507529028405,0.26779465525676804,0.023519739422508235,1861164.9535988707
12,1924.0,0.5344444444444445,all,1.0,0.31230800096817235,0.03229958183813267,2.100406265250255e-15,53,144,8,0.5088621527958298,0.052627646372818845,1e-08,4.726526147325844e-10,paper,0.7210570011554609,0.8491507529028405,0.31576584240064726,0.05262764040010788,0.7676736755828464,0.8491507529028405,0.26779465525676804,0.023519739422508235,1861164.9535988707
12,1924.0,0.5344444444444445,all,2.5,0.3123080009676015,0.03229958608103804,2.1347274588404675e-15,53,144,8,0.5088621527976049,0.05262765213103317,1e-08,1.1816315368314611e-09,paper,0.7210570011554609,0.8491507529028405,0.31576584240064726,0.05262764040010788,0.7676736755828464,0.8491507529028405,0.26779465525676804,0.023519739422508235,1861164.9535988707
12,1924.0,0.5344444444444445,all,10.0,0.3123080009668377,0.03229960982223556,2.2256074118028244e-15,53,144,8,0.508862152797922,0.05262768503748172,1e-08,4.7265261473258444e-09,paper,0.7210570011554609,0.8491507529028405,0.31576584240064726,0.05262764040010788,0.7676736755828464,0.8491507529028405,0.26779465525676804,0.023519739422508235,1861164.9535988707
12,1924.0,0.5344444444444445,all,100.0,0.31230800096775685,0.03229989799980303,1.991054383611489e-15,53,144,8,0.5088621527979429,0.05262808526486982,1e-08,4.7265261473258444e-08,paper,0.7210570011554609,0.8491507529028405,0.31576584240064726,0.05262764040010788,0.7676736755828464,0.8491507529028405,0.26779465525676804,0.023519739422508235,1861164.9535988707
12,1924.0,0.5344444444444445,all,1000.0,0.3123080009685496,0.03230278060964666,2.006827533396392e-15,53,144,8,0.5088621527979431,0.05263208889682958,1e-08,4.726526147325844e-07,paper,0.7210570011554609,0.8491507529028405,0.31576584240064726,0.05262764040010788,0.7676736755828464,0.8491507529028405,0.26779465525676804,0.023519739422508235,1861164.9535988707
12,1924.0,0.5344444444444445,all,10000.0,0.3123080010450883,0.03233160678440935,2.0773789776362903e-15,53,144,8,0.5088621527979431,0.05267212535223514,1e-08,4.726526147325844e-06,paper,0.7210570011554609,0.8491507529028405,0.31576584240064726,0.05262764040010788,0.7676736755828464,0.8491507529028405,0.26779465525676804,0.023519739422508235,1861164.9535988707
13,2824.0,0.7844444444444445,maxwell,1.0,0.07450908360191746,3.3265771794401867e-09,2.030382044293032e-15,53,144,8,0.11437963294248725,4.448495197483147e-09,1e-08,4.726526147325844e-10,paper,0.4106141006245962,0.6407917763397063,0.3282923692719372,0.05471539487865621,0.7899295307618799,0.6407917763397063,0.27855748930322,0.03687577293344552,2564179.2107518082
13,2824.0,0.7844444444444445,maxwell,2.5,0.07450908360196569,8.31644294866288e-09,2.0746587752341646e-15,53,144,8,0.11437963294248725,1.112123799370787e-08,1e-08,1.1816315368314611e-09,paper,0.4106141006245962,0.6407917763397063,0.3282923692719372,0.05471539487865621,0.7899295307618799,0.6407917763397063,0.27855748930322,0.03687577293344552,2564179.2107518082
13,2824.0,0.7844444444444445,maxwell,10.0,0.07450908360168673,3.326577179436654e-08,2.3306022657541274e-15,53,144,8,0.11437963294248725,4.448495197483148e-08,1e-08,4.7265261473258444e-09,paper,0.4106141006245962,0.6407917763397063,0.3282923692719372,0.05471539487865621,0.7899295307618799,0.6407917763397063,0.27855748930322,0.03687577293344552,2564179.2107518082
13,2824.0,0.7844444444444445,maxwell,100.0,0.07450908360173114,3.326577179446962e-07,2.237901194620318e-15,53,144,8,0.11437963294248725,4.4484951974831477e-07,1e-08,4.7265261473258444e-08,paper,0.4106141006245962,0.6407917763397063,0.3282923692719372,0.05471539487865621,0.7899295307618799,0.6407917763397063,0.27855748930322,0.03687577293344552,2564179.2107518082
13,2824.0,0.7844444444444445,maxwell,1000.0,0.0745090836049037,3.3265771792692264e-06,2.2551433278535643e-15,53,144,8,0.11437963294248725,4.448495197483147e-06,1e-08,4.726526147325844e-07,paper,0.4106141006245962,0.6407917763397063,0.3282923692719372,0.05471539487865621,0.7899295307618799,0.6407917763397063,0.27855748930322,0.03687577293344552,2564179.2107518082
13,2824.0,0.7844444444444445,maxwell,10000.0,0.07450908393053564,3.3265771633895934e-05,2.42164318028308e-15,53,144,8,0.11437963294248725,4.448495197483148e-05,1e-08,4.726526147325844e-06,paper,0.4106141006245962,0.6407917763397063,0.3282923692719372,0.05471539487865621,0.7899295307618799,0.6407917763397063,0.27855748930322,0.03687577293344552,2564179.2107518082
13,2824.0,0.7844444444444445,grain,1.0,0.07450977417823425,1.059618089081122e-09,2.0061339816664834e-15,53,144,8,0.11438069305304045,1.6266304319454327e-09,1e-08,0.0,paper,0.4106141006245962,0.6407917763397063,0.3282923692719372,0.05471539487865621,0.7899295307618799,0.6407917763397063,0.27855748930322,0.03687577293344552,2564179.2107518082
13,2824.0,0.7844444444444445,grain,2.5,0.07450977417940408,4.238480738620657e-10,1.8293876952896152e-15,53,144,8,0.114380693055137,6.506534595557289e-10,1e-08,0.0,paper,0.4106141006245962,0.6407917763397063,0.3282923692719372,0.05471539487865621,0.7899295307618799,0.6407917763397063,0.27855748930322,0.03687577293344552,2564179.2107518082
13,2824.0,0.7844444444444445,grain,10.0,0.07450977417969447,1.0596205588725633e-10,1.862246173945917e-15,53,144,8,0.11438069305551139,1.6266342233449272e-10,1e-08,0.0,paper,0.4106141006245962,0.6407917763397063,0.3282923692719372,0.05471539487865621,0.7899295307618799,0.6407917763397063,0.27855748930322,0.03687577293344552,2564179.2107518082
13,2824.0,0.7844444444444445,grain,100.0,0.07450977417966764,1.059620583563926e-11,1.8689491356199996e-15,53,144,8,0.1143806930555361,1.6266342612590113e-11,1e-08,0.0,paper,0.4106141006245962,0.6407917763397063,0.3282923692719372,0.05471539487865621,0.7899295307618799,0.6407917763397063,0.27855748930322,0.03687577293344552,2564179.2107518082
13,2824.0,0.7844444444444445,grain,1000.0,0.07450977417967657,1.0596205838153696e-12,1.9382613720890506e-15,53,144,8,0.11438069305553634,1.6266342616381525e-12,1e-08,0.0,paper,0.4106141006245962,0.6407917763397063,0.3282923692719372,0.05471539487865621,0.7899295307618799,0.6407917763397063,0.27855748930322,0.03687577293344552,2564179.2107518082
13,2824.0,0.7844444444444445,grain,10000.0,0.07450977417967657,1.0596205838145218e-13,1.9382613720890506e-15,53,144,8,0.11438069305553634,1.6266342616419438e-13,1e-08,0.0,paper,0.4106141006245962,0.6407917763397063,0.3282923692719372,0.05471539487865621,0.7899295307618799,0.6407917763397063,0.27855748930322,0.03687577293344552,2564179.2107518082
13,2824.0,0.7844444444444445,interface,1.0,0.2883649946655755,0.035642651844049696,2.176147555702448e-15,53,144,8,0.4426720022144245,0.05471539487865621,1e-08,0.0,paper,0.4106141006245962,0.6407917763397063,0.3282923692719372,0.05471539487865621,0.7899295307618799,0.6407917763397063,0.27855748930322,0.03687577293344552,2564179.2107518082
13,2824.0,0.7844444444444445,interface,2.5,0.2883649946655755,0.035642651844049696,2.176147555702448e-15,53,144,8,0.4426720022144245,0.05471539487865621,1e-08,0.0,paper,0.4106141006245962,0.6407917763397063,0.3282923692719372,0.05471539487865621,0.7899295307618799,0.6407917763397063,0.27855748930322,0.03687577293344552,2564179.2107518082
13,2824.0,0.7844444444444445,interface,10.0,0.2883649946655755,0.035642651844049696,2.176147555702448e-15,53,144,8,0.4426720022144245,0.05471539487865621,1e-08,0.0,paper,0.4106141006245962,0.6407917763397063,0.3282923692719372,0.05471539487865621,0.7899295307618799,0.6407917763397063,0.27855748930322,0.03687577293344552,2564179.2107518082
13,2824.0,0.7844444444444445,interface,100.0,0.2883649946655755,0.035642651844049696,2.176147555702448e-15,53,144,8,0.4426720022144245,0.05471539487865621,1e-08,0.0,paper,0.4106141006245962,0.6407917763397063,0.3282923692719372,0.05471539487865621,0.7899295307618799,0.6407917763397063,0.27855748930322,0.03687577293344552,2564179.2107518082
13,2824.0,0.7844444444444445,interface,1000.0,0.2883649946655755,0.035642651844049696,2.176147555702448e-15,53,144,8,0.4426720022144245,0.05471539487865621,1e-08,0.0,paper,0.4106141006245962,0.6407917763397063,0.3282923692719372,0.05471539487865621,0.7899295307618799,0.6407917763397063,0.27855748930322,0.03687577293344552,2564179.2107518082
13,2824.0,0.7844444444444445,interface,10000.0,0.2883649946655755,0.035642651844049696,2.176147555702448e-15,53,144,8,0.4426720022144245,0.05471539487865621,1e-08,0.0,paper,0.4106141006245962,0.6407917763397063,0.3282923692719372,0.05471539487865621,0.7899295307618799,0.6407917763397063,0.27855748930322,0.03687577293344552,2564179.2107518082
13,2824.0,0.7844444444444445,all,1.0,0.28836568524068124,0.03564265622998014,2.382085496300514e-15,53,144,8,0.44267306232497766,0.05471540095378184,1e-08,4.726526147325844e-10,paper,0.4106141006245962,0.6407917763397063,0.3282923692719372,0.05471539487865621,0.7899295307618799,0.6407917763397063,0.27855748930322,0.03687577293344552,2564179.2107518082
13,2824.0,0.7844444444444445,all,2.5,0.2883656852427147,0.03564266058409379,2.5388631272686147e-15,53,144,8,0.4426730623270742,0.054715406650547666,1e-08,1.1816315368314611e-09,paper,0.4106141006245962,0.6407917763397063,0.3282923692719372,0.05471539487865621,0.7899295307618799,0.6407917763397063,0.27855748930322,0.03687577293344552,2564179.2107518082
13,2824.0,0.7844444444444445,all,10.0,0.2883656852421476,0.03564268521553295,1.984246206869307e-15,53,144,8,0.44267306232744863,0.05471543952627161,1e-08,4.7265261473258444e-09,paper,0.4106141006245962,0.6407917763397063,0.3282923692719372,0.05471539487865621,0.7899295307618799,0.6407917763397063,0.27855748930322,0.03687577293344552,2564179.2107518082
13,2824.0,0.7844444444444445,all,100.0,0.2883656852428843,0.03564298451217155,2.2428683314403705e-15,53,144,8,0.44267306232747333,0.0547158397444423,1e-08,4.7265261473258444e-08,paper,0.4106141006245962,0.6407917763397063,0.3282923692719372,0.05471539487865621,0.7899295307618799,0.6407917763397063,0.27855748930322,0.03687577293344552,2564179.2107518082
13,2824.0,0.7844444444444445,all,1000.0,0.28836568524274997,0.035645978422069874,2.080939104395693e-15,53,144,8,0.44267306232747355,0.05471984337548033,1e-08,4.726526147325844e-07,paper,0.4106141006245962,0.6407917763397063,0.3282923692719372,0.05471539487865621,0.7899295307618799,0.6407917763397063,0.27855748930322,0.03687577293344552,2564179.2107518082
13,2824.0,0.7844444444444445,all,10000.0,0.2883656853251595,0.035675917606430775,2.3920003779677505e-15,53,144,8,0.44267306232747355,0.05475987983079371,1e-08,4.726526147325844e-06,paper,0.4106141006245962,0.6407917763397063,0.3282923692719372,0.05471539487865621,0.7899295307618799,0.6407917763397063,0.27855748930322,0.03687577293344552,2564179.2107518082
14,3724.0,1.0344444444444445,maxwell,1.0,0.0541018633327743,3.4633312656631362e-09,2.290070714749815e-15,53,144,8,0.0772205998114837,4.448495197483147e-09,1e-08,4.726526147325844e-10,paper,0.26690347541937115,0.5166270177017179,0.31700421774512133,0.052834036290853544,0.821362708693165,0.5166270177017179,0.289320323349672,0.05400384866912872,3071089.2811612096
14,3724.0,1.0344444444444445,maxwell,2.5,0.054101863332272564,8.658328164183e-09,2.5490393263853047e-15,53,144,8,0.0772205998114837,1.112123799370787e-08,1e-08,1.1816315368314611e-09,paper,0.26690347541937115,0.5166270177017179,0.31700421774512133,0.052834036290853544,0.821362708693165,0.5166270177017179,0.289320323349672,0.05400384866912872,3071089.2811612096
14,3724.0,1.0344444444444445,maxwell,10.0,0.05410186333290463,3.463331265691294e-08,2.4761954176151776e-15,53,144,8,0.0772205998114837,4.448495197483148e-08,1e-08,4.7265261473258444e-09,paper,0.26690347541937115,0.5166270177017179,0.31700421774512133,0.052834036290853544,0.821362708693165,0.5166270177017179,0.289320323349672,0.05400384866912872,3071089.2811612096
14,3724.0,1.0344444444444445,maxwell,100.0,0.054101863332743305,3.463331265666577e-07,2.385839015924835e-15,53,144,8,0.0772205998114837,4.4484951974831477e-07,1e-08,4.7265261473258444e-08,paper,0.26690347541937115,0.5166270177017179,0.31700421774512133,0.052834036290853544,0.821362708693165,0.5166270177017179,0.289320323349672,0.05400384866912872,3071089.2811612096
14,3724.0,1.0344444444444445,maxwell,1000.0,0.054101863336150344,3.4633312654349143e-06,2.422381993722968e-15,53,144,8,0.0772205998114837,4.448495197483147e-06,1e-08,4.726526147325844e-07,paper,0.26690347541937115,0.5166270177017179,0.31700421774512133,0.052834036290853544,0.821362708693165,0.5166270177017179,0.289320323349672,0.05400384866912872,3071089.2811612096
14,3724.0,1.0344444444444445,maxwell,10000.0,0.05410186366830816,3.463331242595896e-05,2.407314348188522e-15,53,144,8,0.0772205998114837,4.448495197483148e-05,1e-08,4.726526147325844e-06,paper,0.26690347541937115,0.5166270177017179,0.31700421774512133,0.052834036290853544,0.821362708693165,0.5166270177017179,0.289320323349672,0.05400384866912872,3071089.2811612096
14,3724.0,1.0344444444444445,grain,1.0,0.054102549111437,1.1768616084587331e-09,2.240216326343722e-15,53,144,8,0.0772215786366588,1.6797567777132227e-09,1e-08,0.0,paper,0.26690347541937115,0.5166270177017179,0.31700421774512133,0.052834036290853544,0.821362708693165,0.5166270177017179,0.289320323349672,0.05400384866912872,3071089.2811612096
14,3724.0,1.0344444444444445,grain,2.5,0.05410254911317829,4.707458079043642e-10,2.2107912379403393e-15,53,144,8,0.07722157863908019,6.719043732268833e-10,1e-08,0.0,paper,0.26690347541937115,0.5166270177017179,0.31700421774512133,0.052834036290853544,0.821362708693165,0.5166270177017179,0.289320323349672,0.05400384866912872,3071089.2811612096
14,3724.0,1.0344444444444445,grain,10.0,0.05410254911365007,1.1768650396373737e-10,2.166165129467578e-15,53,144,8,0.07722157863951258,1.6797616750968694e-10,1e-08,0.0,paper,0.26690347541937115,0.5166270177017179,0.31700421774512133,0.052834036290853544,0.821362708693165,0.5166270177017179,0.289320323349672,0.05400384866912872,3071089.2811612096
14,3724.0,1.0344444444444445,grain,100.0,0.054102549113591844,1.1768650739476513e-11,2.1611086470337777e-15,53,144,8,0.07722157863954113,1.6797617240708496e-11,1e-08,0.0,paper,0.26690347541937115,0.5166270177017179,0.31700421774512133,0.052834036290853544,0.821362708693165,0.5166270177017179,0.289320323349672,0.05400384866912872,3071089.2811612096
14,3724.0,1.0344444444444445,grain,1000.0,0.05410254911352476,1.1768650742871155e-12,2.246644148105571e-15,53,144,8,0.0772215786395414,1.6797617245605897e-12,1e-08,0.0,paper,0.26690347541937115,0.5166270177017179,0.31700421774512133,0.052834036290853544,0.821362708693165,0.5166270177017179,0.289320323349672,0.05400384866912872,3071089.2811612096
14,3724.0,1.0344444444444445,grain,10000.0,0.05410254911352476,1.1768650742963746e-13,2.246644148105571e-15,53,144,8,0.0772215786395414,1.679761724565487e-13,1e-08,0.0,paper,0.26690347541937115,0.5166270177017179,0.31700421774512133,0.052834036290853544,0.821362708693165,0.5166270177017179,0.289320323349672,0.05400384866912872,3071089.2811612096
14,3724.0,1.0344444444444445,interface,1.0,0.2761995494580889,0.037016281021017804,2.2296961747575075e-15,53,144,8,0.39422481755660504,0.052834036290853544,1e-08,0.0,paper,0.26690347541937115,0.5166270177017179,0.31700421774512133,0.052834036290853544,0.821362708693165,0.5166270177017179,0.289320323349672,0.05400384866912872,3071089.2811612096
14,3724.0,1.0344444444444445,interface,2.5,0.2761995494580889,0.037016281021017804,2.2296961747575075e-15,53,144,8,0.39422481755660504,0.052834036290853544,1e-08,0.0,paper,0.26690347541937115,0.5166270177017179,0.31700421774512133,0.052834036290853544,0.821362708693165,0.5166270177017179,0.289320323349672,0.05400384866912872,3071089.2811612096
14,3724.0,1.0344444444444445,interface,10.0,0.2761995494580889,0.037016281021017804,2.2296961747575075e-15,53,144,8,0.39422481755660504,0.052834036290853544,1e-08,0.0,paper,0.26690347541937115,0.5166270177017179,0.31700421774512133,0.052834036290853544,0.821362708693165,0.5166270177017179,0.289320323349672,0.05400384866912872,3071089.2811612096
14,3724.0,1.0344444444444445,interface,100.0,0.2761995494580889,0.037016281021017804,2.2296961747575075e-15,53,144,8,0.39422481755660504,0.052834036290853544,1e-08,0.0,paper,0.26690347541937115,0.5166270177017179,0.31700421774512133,0.052834036290853544,0.821362708693165,0.5166270177017179,0.289320323349672,0.05400384866912872,3071089.2811612096
14,3724.0,1.0344444444444445,interface,1000.0,0.2761995494580889,0.037016281021017804,2.2296961747575075e-15,53,144,8,0.39422481755660504,0.052834036290853544,1e-08,0.0,paper,0.26690347541937115,0.5166270177017179,0.31700421774512133,0.052834036290853544,0.821362708693165,0.5166270177017179,0.289320323349672,0.05400384866912872,3071089.2811612096
14,3724.0,1.0344444444444445,interface,10000.0,0.2761995494580889,0.037016281021017804,2.2296961747575075e-15,53,144,8,0.39422481755660504,0.052834036290853544,1e-08,0.0,paper,0.26690347541937115,0.5166270177017179,0.31700421774512133,0.052834036290853544,0.821362708693165,0.5166270177017179,0.289320323349672,0.05400384866912872,3071089.2811612096
14,3724.0,1.0344444444444445,all,1.0,0.2762002352363687,0.037016285661012165,2.3249126171062496e-15,53,144,8,0.3942257963817801,0.05283404241910552,1e-08,4.726526147325844e-10,paper,0.26690347541937115,0.5166270177017179,0.31700421774512133,0.052834036290853544,0.821362708693165,0.5166270177017179,0.289320323349672,0.05400384866912872,3071089.2811612096
14,3724.0,1.0344444444444445,all,2.5,0.2762002352388597,0.03701629014999568,2.2917814409896837e-15,53,144,8,0.3942257963842015,0.05283404808399591,1e-08,1.1816315368314611e-09,paper,0.26690347541937115,0.5166270177017179,0.31700421774512133,0.052834036290853544,0.821362708693165,0.5166270177017179,0.289320323349672,0.05400384866912872,3071089.2811612096
14,3724.0,1.0344444444444445,all,10.0,0.27620023523824966,0.0370163157718441,2.384868859233274e-15,53,144,8,0.3942257963846339,0.05283408094378168,1e-08,4.7265261473258444e-09,paper,0.26690347541937115,0.5166270177017179,0.31700421774512133,0.052834036290853544,0.821362708693165,0.5166270177017179,0.289320323349672,0.05400384866912872,3071089.2811612096
14,3724.0,1.0344444444444445,all,100.0,0.2762002352389032,0.03701662736597982,2.398003800348817e-15,53,144,8,0.3942257963846625,0.05283448115717091,1e-08,4.7265261473258444e-08,paper,0.26690347541937115,0.5166270177017179,0.31700421774512133,0.052834036290853544,0.821362708693165,0.5166270177017179,0.289320323349672,0.05400384866912872,3071089.2811612096
14,3724.0,1.0344444444444445,all,1000.0,0.27620023524054826,0.03701974435330946,2.1933710824939386e-15,53,144,8,0.3942257963846627,0.05283848478773079,1e-08,4.726526147325844e-07,paper,0.26690347541937115,0.5166270177017179,0.31700421774512133,0.052834036290853544,0.821362708693165,0.5166270177017179,0.289320323349672,0.05400384866912872,3071089.2811612096
14,3724.0,1.0344444444444445,all,10000.0,0.27620023530465504,0.03705091432617397,2.2766857416375856e-15,53,144,8,0.3942257963846627,0.05287852124299635,1e-08,4.726526147325844e-06,paper,0.26690347541937115,0.5166270177017179,0.31700421774512133,0.052834036290853544,0.821362708693165,0.5166270177017179,0.289320323349672,0.05400384866912872,3071089.2811612096
15,4624.0,1.2844444444444445,maxwell,1.0,0.040031787256202864,3.5968706008649675e-09,2.3868567254643256e-15,53,144,8,0.05410474660451244,4.448495197483147e-09,1e-08,4.726526147325844e-10,paper,0.18029917798116077,0.4246165069579382,0.30458943071658834,0.05076490511943138,0.8449129864437112,0.4246165069579382,0.300083157396124,0.0748046227862913,3590231.656630253
15,4624.0,1.2844444444444445,maxwell,2.5,0.04003178725626628,8.99217650213559e-09,2.09535294219571e-15,53,144,8,0.05410474660451244,1.112123799370787e-08,1e-08,1.1816315368314611e-09,paper,0.18029917798116077,0.4246165069579382,0.30458943071658834,0.05076490511943138,0.8449129864437112,0.4246165069579382,0.300083157396124,0.0748046227862913,3590231.656630253
15,4624.0,1.2844444444444445,maxwell,10.0,0.040031787256204786,3.596870600845847e-08,2.5763023989021502e-15,53,144,8,0.05410474660451244,4.448495197483148e-08,1e-08,4.7265261473258444e-09,paper,0.18029917798116077,0.4246165069579382,0.30458943071658834,0.05076490511943138,0.8449129864437112,0.4246165069579382,0.300083157396124,0.0748046227862913,3590231.656630253
15,4624.0,1.2844444444444445,maxwell,100.0,0.04003178725648689,3.596870600872776e-07,2.370700057980251e-15,53,144,8,0.05410474660451244,4.4484951974831477e-07,1e-08,4.7265261473258444e-08,paper,0.18029917798116077,0.4246165069579382,0.30458943071658834,0.05076490511943138,0.8449129864437112,0.4246165069579382,0.300083157396124,0.0748046227862913,3590231.656630253
15,4624.0,1.2844444444444445,maxwell,1000.0,0.040031787260845816,3.596870600396574e-06,2.1945836453070365e-15,53,144,8,0.05410474660451244,4.448495197483147e-06,1e-08,4.726526147325844e-07,paper,0.18029917798116077,0.4246165069579382,0.30458943071658834,0.05076490511943138,0.8449129864437112,0.4246165069579382,0.300083157396124,0.0748046227862913,3590231.656630253
15,4624.0,1.2844444444444445,maxwell,10000.0,0.04003178770915659,3.5968705550914403e-05,2.3638840586617055e-15,53,144,8,0.05410474660451244,4.448495197483148e-05,1e-08,4.726526147325844e-06,paper,0.18029917798116077,0.4246165069579382,0.30458943071658834,0.05076490511943138,0.8449129864437112,0.4246165069579382,0.300083157396124,0.0748046227862913,3590231.656630253
15,4624.0,1.2844444444444445,grain,1.0,0.040032483516233106,1.3717385567509095e-09,2.1452934391085252e-15,53,144,8,0.0541056876312216,1.8539661626159184e-09,1e-08,0.0,paper,0.18029917798116077,0.4246165069579382,0.30458943071658834,0.05076490511943138,0.8449129864437112,0.4246165069579382,0.300083157396124,0.0748046227862913,3590231.656630253
15,4624.0,1.2844444444444445,grain,2.5,0.0400324835187797,5.486972117012031e-10,1.9576491631542228e-15,53,144,8,0.05410568763428978,7.415888829585174e-10,1e-08,0.0,paper,0.18029917798116077,0.4246165069579382,0.30458943071658834,0.05076490511943138,0.8449129864437112,0.4246165069579382,0.300083157396124,0.0748046227862913,3590231.656630253
15,4624.0,1.2844444444444445,grain,10.0,0.04003248351918241,1.3717438279131118e-10,1.919389345995061e-15,53,144,8,0.054105687634837675,1.8539732868255083e-10,1e-08,0.0,paper,0.18029917798116077,0.4246165069579382,0.30458943071658834,0.05076490511943138,0.8449129864437112,0.4246165069579382,0.300083157396124,0.0748046227862913,3590231.656630253
15,4624.0,1.2844444444444445,grain,100.0,0.0400324835191967,1.3717438806263417e-11,1.915255457653678e-15,53,144,8,0.054105687634873834,1.8539733580678812e-11,1e-08,0.0,paper,0.18029917798116077,0.4246165069579382,0.30458943071658834,0.05076490511943138,0.8449129864437112,0.4246165069579382,0.300083157396124,0.0748046227862913,3590231.656630253
15,4624.0,1.2844444444444445,grain,1000.0,0.040032483519020015,1.3717438811486607e-12,1.9764319804771272e-15,53,144,8,0.054105687634874194,1.853973358780305e-12,1e-08,0.0,paper,0.18029917798116077,0.4246165069579382,0.30458943071658834,0.05076490511943138,0.8449129864437112,0.4246165069579382,0.300083157396124,0.0748046227862913,3590231.656630253
15,4624.0,1.2844444444444445,grain,10000.0,0.04003248351920837,1.3717438811611238e-13,1.9198786314447654e-15,53,144,8,0.0541056876348742,1.8539733587874286e-13,1e-08,0.0,paper,0.18029917798116077,0.4246165069579382,0.30458943071658834,0.05076490511943138,0.8449129864437112,0.4246165069579382,0.300083157396124,0.0748046227862913,3590231.656630253
15,4624.0,1.2844444444444445,interface,1.0,0.2653956987022738,0.03756065190764619,2.402140338646042e-15,53,144,8,0.35869417732110076,0.05076490511943138,1e-08,0.0,paper,0.18029917798116077,0.4246165069579382,0.30458943071658834,0.05076490511943138,0.8449129864437112,0.4246165069579382,0.300083157396124,0.0748046227862913,3590231.656630253
15,4624.0,1.2844444444444445,interface,2.5,0.2653956987022738,0.03756065190764619,2.402140338646042e-15,53,144,8,0.35869417732110076,0.05076490511943138,1e-08,0.0,paper,0.18029917798116077,0.4246165069579382,0.30458943071658834,0.05076490511943138,0.8449129864437112,0.4246165069579382,0.300083157396124,0.0748046227862913,3590231.656630253
15,4624.0,1.2844444444444445,interface,10.0,0.2653956987022738,0.03756065190764619,2.402140338646042e-15,53,144,8,0.35869417732110076,0.05076490511943138,1e-08,0.0,paper,0.18029917798116077,0.4246165069579382,0.30458943071658834,0.05076490511943138,0.8449129864437112,0.4246165069579382,0.300083157396124,0.0748046227862913,3590231.656630253
15,4624.0,1.2844444444444445,interface,100.0,0.2653956987022738,0.03756065190764619,2.402140338646042e-15,53,144,8,0.35869417732110076,0.05076490511943138,1e-08,0.0,paper,0.18029917798116077,0.4246165069579382,0.30458943071658834,0.05076490511943138,0.8449129864437112,0.4246165069579382,0.300083157396124,0.0748046227862913,3590231.656630253
15,4624.0,1.2844444444444445,interface,1000.0,0.2653956987022738,0.03756065190764619,2.402140338646042e-15,53,144,8,0.35869417732110076,0.05076490511943138,1e-08,0.0,paper,0.18029917798116077,0.4246165069579382,0.30458943071658834,0.05076490511943138,0.8449129864437112,0.4246165069579382,0.300083157396124,0.0748046227862913,3590231.656630253
15,4624.0,1.2844444444444445,interface,10000.0,0.2653956987022738,0.03756065190764619,2.402140338646042e-15,53,144,8,0.35869417732110076,0.05076490511943138,1e-08,0.0,paper,0.18029917798116077,0.4246165069579382,0.30458943071658834,0.05076490511943138,0.8449129864437112,0.4246165069579382,0.300083157396124,0.0748046227862913,3590231.656630253
15,4624.0,1.2844444444444445,all,1.0,0.2653963949624596,0.03756065687610702,2.3467038045844728e-15,53,144,8,0.3586951183478099,0.05076491142189274,1e-08,4.726526147325844e-10,paper,0.18029917798116077,0.4246165069579382,0.30458943071658834,0.05076490511943138,0.8449129864437112,0.4246165069579382,0.300083157396124,0.0748046227862913,3590231.656630253
15,4624.0,1.2844444444444445,all,2.5,0.2653963949633654,0.03756066144830852,2.4693253118166905e-15,53,144,8,0.35869511835087814,0.050764916982258254,1e-08,1.1816315368314611e-09,paper,0.18029917798116077,0.4246165069579382,0.30458943071658834,0.05076490511943138,0.8449129864437112,0.4246165069579382,0.300083157396124,0.0748046227862913,3590231.656630253
15,4624.0,1.2844444444444445,all,10.0,0.2653963949634353,0.0375606880133426,2.5736213881338927e-15,53,144,8,0.35869511835142603,0.05076494978978068,1e-08,4.7265261473258444e-09,paper,0.18029917798116077,0.4246165069579382,0.30458943071658834,0.05076490511943138,0.8449129864437112,0.4246165069579382,0.300083157396124,0.0748046227862913,3590231.656630253
15,4624.0,1.2844444444444445,all,100.0,0.2653963949647196,0.0375610116083508,2.407727428502961e-15,53,144,8,0.35869511835146217,0.05076534998749086,1e-08,4.7265261473258444e-08,paper,0.18029917798116077,0.4246165069579382,0.30458943071658834,0.05076490511943138,0.8449129864437112,0.4246165069579382,0.300083157396124,0.0748046227862913,3590231.656630253
15,4624.0,1.2844444444444445,all,1000.0,0.265396394964993,0.03756424877957089,2.3823822493583317e-15,53,144,8,0.3586951183514625,0.05076935361648284,1e-08,4.726526147325844e-07,paper,0.18029917798116077,0.4246165069579382,0.30458943071658834,0.05076490511943138,0.8449129864437112,0.4246165069579382,0.300083157396124,0.0748046227862913,3590231.656630253
15,4624.0,1.2844444444444445,all,10000.0,0.2653963950318501,0.037596620605987056,2.5291233059301788e-15,53,144,8,0.35869511835146256,0.05080939007159161,1e-08,4.726526147325844e-06,paper,0.18029917798116077,0.4246165069579382,0.30458943071658834,0.05076490511943138,0.8449129864437112,0.4246165069579382,0.300083157396124,0.0748046227862913,3590231.656630253
16,5524.0,1.5344444444444445,maxwell,1.0,0.03463345869309449,3.6979372778185833e-09,2.4419073797291438e-15,53,144,8,0.044806473029544526,4.448495197483147e-09,1e-08,4.726526147325844e-10,paper,0.14414364110537944,0.3796625358201405,0.2506195113961792,0.04176991856602987,0.8711946069618232,0.3796625358201405,0.310845991442576,0.08546183136504802,3303860.1140356306
16,5524.0,1.5344444444444445,maxwell,2.5,0.034633458693250414,9.244843194598453e-09,2.6232052363006336e-15,53,144,8,0.044806473029544526,1.112123799370787e-08,1e-08,1.1816315368314611e-09,paper,0.14414364110537944,0.3796625358201405,0.2506195113961792,0.04176991856602987,0.8711946069618232,0.3796625358201405,0.310845991442576,0.08546183136504802,3303860.1140356306
16,5524.0,1.5344444444444445,maxwell,10.0,0.034633458693309464,3.6979372778484387e-08,2.352481829706288e-15,53,144,8,0.044806473029544526,4.448495197483148e-08,1e-08,4.7265261473258444e-09,paper,0.14414364110537944,0.3796625358201405,0.2506195113961792,0.04176991856602987,0.8711946069618232,0.3796625358201405,0.310845991442576,0.08546183136504802,3303860.1140356306
16,5524.0,1.5344444444444445,maxwell,100.0,0.0346334586932818,3.6979372778427564e-07,2.3853530298022166e-15,53,144,8,0.044806473029544526,4.4484951974831477e-07,1e-08,4.7265261473258444e-08,paper,0.14414364110537944,0.3796625358201405,0.2506195113961792,0.04176991856602987,0.8711946069618232,0.3796625358201405,0.310845991442576,0.08546183136504802,3303860.1140356306
16,5524.0,1.5344444444444445,maxwell,1000.0,0.03463345869740019,3.6979372773188514e-06,2.409917487350613e-15,53,144,8,0.044806473029544526,4.448495197483147e-06,1e-08,4.726526147325844e-07,paper,0.14414364110537944,0.3796625358201405,0.2506195113961792,0.04176991856602987,0.8711946069618232,0.3796625358201405,0.310845991442576,0.08546183136504802,3303860.1140356306
16,5524.0,1.5344444444444445,maxwell,10000.0,0.03463345911910159,3.69793722740177e-05,2.440975231684018e-15,53,144,8,0.044806473029544526,4.448495197483148e-05,1e-08,4.726526147325844e-06,paper,0.14414364110537944,0.3796625358201405,0.2506195113961792,0.04176991856602987,0.8711946069618232,0.3796625358201405,0.310845991442576,0.08546183136504802,3303860.1140356306
16,5524.0,1.5344444444444445,grain,1.0,0.03463411150805613,1.4756185221280157e-09,2.157976153998641e-15,53,144,8,0.04480731759833439,1.9090577287841206e-09,1e-08,0.0,paper,0.14414364110537944,0.3796625358201405,0.2506195113961792,0.04176991856602987,0.8711946069618232,0.3796625358201405,0.310845991442576,0.08546183136504802,3303860.1140356306
16,5524.0,1.5344444444444445,grain,2.5,0.0346341115107155,5.90249942116597e-10,2.4017642023846558e-15,53,144,8,0.04480731760195917,7.636263688879919e-10,1e-08,0.0,paper,0.14414364110537944,0.3796625358201405,0.2506195113961792,0.04176991856602987,0.8711946069618232,0.3796625358201405,0.310845991442576,0.08546183136504802,3303860.1140356306
16,5524.0,1.5344444444444445,grain,10.0,0.034634111511413615,1.4756259862310933e-10,2.078328967456065e-15,53,144,8,0.04480731760260646,1.9090673853409264e-10,1e-08,0.0,paper,0.14414364110537944,0.3796625358201405,0.2506195113961792,0.04176991856602987,0.8711946069618232,0.3796625358201405,0.310845991442576,0.08546183136504802,3303860.1140356306
16,5524.0,1.5344444444444445,grain,100.0,0.034634111511438824,1.475626060869677e-11,2.10536881179386e-15,53,144,8,0.04480731760264917,1.9090674819069877e-11,1e-08,0.0,paper,0.14414364110537944,0.3796625358201405,0.2506195113961792,0.04176991856602987,0.8711946069618232,0.3796625358201405,0.310845991442576,0.08546183136504802,3303860.1140356306
16,5524.0,1.5344444444444445,grain,1000.0,0.034634111511427014,1.4756260616103761e-12,2.0714005989716764e-15,53,144,8,0.0448073176026496,1.909067482872649e-12,1e-08,0.0,paper,0.14414364110537944,0.3796625358201405,0.2506195113961792,0.04176991856602987,0.8711946069618232,0.3796625358201405,0.310845991442576,0.08546183136504802,3303860.1140356306
16,5524.0,1.5344444444444445,grain,10000.0,0.03463411151140477,1.4756260616222976e-13,2.0959302814184733e-15,53,144,8,0.04480731760264961,1.909067482882305e-13,1e-08,0.0,paper,0.14414364110537944,0.3796625358201405,0.2506195113961792,0.04176991856602987,0.8711946069618232,0.3796625358201405,0.310845991442576,0.08546183136504802,3303860.1140356306
16,5524.0,1.5344444444444445,interface,1.0,0.22835143141100536,0.03228632878643403,2.4401799743314078e-15,53,144,8,0.29542598442572376,0.04176991856602987,1e-08,0.0,paper,0.14414364110537944,0.3796625358201405,0.2506195113961792,0.04176991856602987,0.8711946069618232,0.3796625358201405,0.310845991442576,0.08546183136504802,3303860.1140356306
16,5524.0,1.5344444444444445,interface,2.5,0.22835143141100536,0.03228632878643403,2.4401799743314078e-15,53,144,8,0.29542598442572376,0.04176991856602987,1e-08,0.0,paper,0.14414364110537944,0.3796625358201405,0.2506195113961792,0.04176991856602987,0.8711946069618232,0.3796625358201405,0.310845991442576,0.08546183136504802,3303860.1140356306
16,5524.0,1.5344444444444445,interface,10.0,0.22835143141100536,0.03228632878643403,2.4401799743314078e-15,53,144,8,0.29542598442572376,0.04176991856602987,1e-08,0.0,paper,0.14414364110537944,0.3796625358201405,0.2506195113961792,0.04176991856602987,0.8711946069618232,0.3796625358201405,0.310845991442576,0.08546183136504802,3303860.1140356306
16,5524.0,1.5344444444444445,interface,100.0,0.22835143141100536,0.03228632878643403,2.4401799743314078e-15,53,144,8,0.29542598442572376,0.04176991856602987,1e-08,0.0,paper,0.14414364110537944,0.3796625358201405,0.2506195113961792,0.04176991856602987,0.8711946069618232,0.3796625358201405,0.310845991442576,0.08546183136504802,3303860.1140356306
16,5524.0,1.5344444444444445,interface,1000.0,0.22835143141100536,0.03228632878643403,2.4401799743314078e-15,53,144,8,0.29542598442572376,0.04176991856602987,1e-08,0.0,paper,0.14414364110537944,0.3796625358201405,0.2506195113961792,0.04176991856602987,0.8711946069618232,0.3796625358201405,0.310845991442576,0.08546183136504802,3303860.1140356306
16,5524.0,1.5344444444444445,interface,10000.0,0.22835143141100536,0.03228632878643403,2.4401799743314078e-15,53,144,8,0.29542598442572376,0.04176991856602987,1e-08,0.0,paper,0.14414364110537944,0.3796625358201405,0.2506195113961792,0.04176991856602987,0.8711946069618232,0.3796625358201405,0.310845991442576,0.08546183136504802,3303860.1140356306
16,5524.0,1.5344444444444445,all,1.0,0.22835208422759404,0.032286333960118756,2.363364033477254e-15,53,144,8,0.2954268289945136,0.0417699249235828,1e-08,4.726526147325844e-10,paper,0.14414364110537944,0.3796625358201405,0.2506195113961792,0.04176991856602987,0.8711946069618232,0.3796625358201405,0.310845991442576,0.08546183136504802,3303860.1140356306
16,5524.0,1.5344444444444445,all,2.5,0.22835208423049674,0.03228633862159365,2.416075827146521e-15,53,144,8,0.2954268289981384,0.041769930450894235,1e-08,1.1816315368314611e-09,paper,0.14414364110537944,0.3796625358201405,0.2506195113961792,0.04176991856602987,0.8711946069618232,0.3796625358201405,0.310845991442576,0.08546183136504802,3303860.1140356306
16,5524.0,1.5344444444444445,all,10.0,0.22835208422992279,0.03228636591349349,2.266054719499769e-15,53,144,8,0.2954268289987857,0.041769963241888586,1e-08,4.7265261473258444e-09,paper,0.14414364110537944,0.3796625358201405,0.2506195113961792,0.04176991856602987,0.8711946069618232,0.3796625358201405,0.310845991442576,0.08546183136504802,3303860.1140356306
16,5524.0,1.5344444444444445,all,100.0,0.22835208423017134,0.032286698594875575,2.3243218659755957e-15,53,144,8,0.2954268289988284,0.041770363434640294,1e-08,4.7265261473258444e-08,paper,0.14414364110537944,0.3796625358201405,0.2506195113961792,0.04176991856602987,0.8711946069618232,0.3796625358201405,0.310845991442576,0.08546183136504802,3303860.1140356306
16,5524.0,1.5344444444444445,all,1000.0,0.22835208423075276,0.032290026725374885,2.3124679396220306e-15,53,144,8,0.2954268289988288,0.04177436706313642,1e-08,4.726526147325844e-07,paper,0.14414364110537944,0.3796625358201405,0.2506195113961792,0.04176991856602987,0.8711946069618232,0.3796625358201405,0.310845991442576,0.08546183136504802,3303860.1140356306
16,5524.0,1.5344444444444445,all,10000.0,0.22835208429360415,0.03232330815194287,2.298134600335002e-15,53,144,8,0.2954268289988288,0.04181440351819561,1e-08,4.726526147325844e-06,paper,0.14414364110537944,0.3796625358201405,0.2506195113961792,0.04176991856602987,0.8711946069618232,0.3796625358201405,0.310845991442576,0.08546183136504802,3303860.1140356306
17,6424.0,1.7844444444444445,maxwell,1.0,0.03313791695537228,3.816379786009142e-09,2.1993584608258062e-15,53,144,8,0.04094451151879781,4.448495197483147e-09,1e-08,4.726526147325844e-10,paper,0.1273115296402047,0.3568074125353966,0.20692399310599205,0.03448733218433201,0.9039021704555857,0.3568074125353966,0.321608825489028,0.10441400685658139,2902561.9557395563
17,6424.0,1.7844444444444445,maxwell,2.5,0.03313791695536147,9.540949465016081e-09,2.2921640968162783e-15,53,144,8,0.04094451151879781,1.112123799370787e-08,1e-08,1.1816315368314611e-09,paper,0.1273115296402047,0.3568074125353966,0.20692399310599205,0.03448733218433201,0.9039021704555857,0.3568074125353966,0.321608825489028,0.10441400685658139,2902561.9557395563
17,6424.0,1.7844444444444445,maxwell,10.0,0.03313791695536857,3.816379786006089e-08,2.3072810062621645e-15,53,144,8,0.04094451151879781,4.448495197483148e-08,1e-08,4.7265261473258444e-09,paper,0.1273115296402047,0.3568074125353966,0.20692399310599205,0.03448733218433201,0.9039021704555857,0.3568074125353966,0.321608825489028,0.10441400685658139,2902561.9557395563
17,6424.0,1.7844444444444445,maxwell,100.0,0.03313791695544062,3.8163797859974506e-07,2.461567728396277e-15,53,144,8,0.04094451151879781,4.4484951974831477e-07,1e-08,4.7265261473258444e-08,paper,0.1273115296402047,0.3568074125353966,0.20692399310599205,0.03448733218433201,0.9039021704555857,0.3568074125353966,0.321608825489028,0.10441400685658139,2902561.9557395563
17,6424.0,1.7844444444444445,maxwell,1000.0,0.03313791695922567,3.816379785478884e-06,2.583907601774005e-15,53,144,8,0.04094451151879781,4.448495197483147e-06,1e-08,4.726526147325844e-07,paper,0.1273115296402047,0.3568074125353966,0.20692399310599205,0.03448733218433201,0.9039021704555857,0.3568074125353966,0.321608825489028,0.10441400685658139,2902561.9557395563
17,6424.0,1.7844444444444445,maxwell,10000.0,0.03313791734334011,3.816379735431315e-05,2.4354130439002345e-15,53,144,8,0.04094451151879781,4.448495197483148e-05,1e-08,4.726526147325844e-06,paper,0.1273115296402047,0.3568074125353966,0.20692399310599205,0.03448733218433201,0.9039021704555857,0.3568074125353966,0.321608825489028,0.10441400685658139,2902561.9557395563
17,6424.0,1.7844444444444445,grain,1.0,0.03313853337194511,1.6100936736954385e-09,2.3532454357279764e-15,53,144,8,0.040945273150121704,1.9893980708285335e-09,1e-08,0.0,paper,0.1273115296402047,0.3568074125353966,0.20692399310599205,0.03448733218433201,0.9039021704555857,0.3568074125353966,0.321608825489028,0.10441400685658139,2902561.9557395563
17,6424.0,1.7844444444444445,grain,2.5,0.03313853337553876,6.44041160475584e-10,2.294006969848717e-15,53,144,8,0.040945273154486636,7.957637888505918e-10,1e-08,0.0,paper,0.1273115296402047,0.3568074125353966,0.20692399310599205,0.03448733218433201,0.9039021704555857,0.3568074125353966,0.321608825489028,0.10441400685658139,2902561.9557395563
17,6424.0,1.7844444444444445,grain,10.0,0.03313853337606157,1.610104548965064e-10,2.1810602170588563e-15,53,144,8,0.04094527315526609,1.989411508086293e-10,1e-08,0.0,paper,0.1273115296402047,0.3568074125353966,0.20692399310599205,0.03448733218433201,0.9039021704555857,0.3568074125353966,0.321608825489028,0.10441400685658139,2902561.9557395563
17,6424.0,1.7844444444444445,grain,100.0,0.03313853337609592,1.6101046577140015e-11,2.0816451555018985e-15,53,144,8,0.040945273155317534,1.9894116424597876e-11,1e-08,0.0,paper,0.1273115296402047,0.3568074125353966,0.20692399310599205,0.03448733218433201,0.9039021704555857,0.3568074125353966,0.321608825489028,0.10441400685658139,2902561.9557395563
17,6424.0,1.7844444444444445,grain,1000.0,0.033138533376186656,1.6101046588064001e-12,2.1620798287536533e-15,53,144,8,0.04094527315531805,1.9894116438035232e-12,1e-08,0.0,paper,0.1273115296402047,0.3568074125353966,0.20692399310599205,0.03448733218433201,0.9039021704555857,0.3568074125353966,0.321608825489028,0.10441400685658139,2902561.9557395563
17,6424.0,1.7844444444444445,grain,10000.0,0.03313853337602886,1.6101046588111164e-13,2.100038119674885e-15,53,144,8,0.040945273155318054,1.9894116438169604e-13,1e-08,0.0,paper,0.1273115296402047,0.3568074125353966,0.20692399310599205,0.03448733218433201,0.9039021704555857,0.3568074125353966,0.321608825489028,0.10441400685658139,2902561.9557395563
17,6424.0,1.7844444444444445,interface,1.0,0.20060918231976801,0.027911877560744862,2.0678737841767258e-15,53,144,8,0.24786850462478988,0.03448733218433201,1e-08,0.0,paper,0.1273115296402047,0.3568074125353966,0.20692399310599205,0.03448733218433201,0.9039021704555857,0.3568074125353966,0.321608825489028,0.10441400685658139,2902561.9557395563
17,6424.0,1.7844444444444445,interface,2.5,0.20060918231976801,0.027911877560744862,2.0678737841767258e-15,53,144,8,0.24786850462478988,0.03448733218433201,1e-08,0.0,paper,0.1273115296402047,0.3568074125353966,0.20692399310599205,0.03448733218433201,0.9039021704555857,0.3568074125353966,0.321608825489028,0.10441400685658139,2902561.9557395563
17,6424.0,1.7844444444444445,interface,10.0,0.20060918231976801,0.027911877560744862,2.0678737841767258e-15,53,144,8,0.24786850462478988,0.03448733218433201,1e-08,0.0,paper,0.1273115296402047,0.3568074125353966,0.20692399310599205,0.03448733218433201,0.9039021704555857,0.3568074125353966,0.321608825489028,0.10441400685658139,2902561.9557395563
17,6424.0,1.7844444444444445,interface,100.0,0.20060918231976801,0.027911877560744862,2.0678737841767258e-15,53,144,8,0.24786850462478988,0.03448733218433201,1e-08,0.0,paper,0.1273115296402047,0.3568074125353966,0.20692399310599205,0.03448733218433201,0.9039021704555857,0.3568074125353966,0.321608825489028,0.10441400685658139,2902561.9557395563
17,6424.0,1.7844444444444445,interface,1000.0,0.20060918231976801,0.027911877560744862,2.0678737841767258e-15,53,144,8,0.24786850462478988,0.03448733218433201,1e-08,0.0,paper,0.1273115296402047,0.3568074125353966,0.20692399310599205,0.03448733218433201,0.9039021704555857,0.3568074125353966,0.321608825489028,0.10441400685658139,2902561.9557395563
17,6424.0,1.7844444444444445,interface,10000.0,0.20060918231976801,0.027911877560744862,2.0678737841767258e-15,53,144,8,0.24786850462478988,0.03448733218433201,1e-08,0.0,paper,0.1273115296402047,0.3568074125353966,0.20692399310599205,0.03448733218433201,0.9039021704555857,0.3568074125353966,0.321608825489028,0.10441400685658139,2902561.9557395563
17,6424.0,1.7844444444444445,all,1.0,0.20060979873601842,0.027911882987159152,2.223281363615307e-15,53,144,8,0.24786926625611375,0.03448733862222528,1e-08,4.726526147325844e-10,paper,0.1273115296402047,0.3568074125353966,0.20692399310599205,0.03448733218433201,0.9039021704555857,0.3568074125353966,0.321608825489028,0.10441400685658139,2902561.9557395563
17,6424.0,1.7844444444444445,all,2.5,0.2006097987392151,0.027911887745809303,2.0350303847131924e-15,53,144,8,0.24786926626047867,0.03448734410133379,1e-08,1.1816315368314611e-09,paper,0.1273115296402047,0.3568074125353966,0.20692399310599205,0.03448733218433201,0.9039021704555857,0.3568074125353966,0.321608825489028,0.10441400685658139,2902561.9557395563
17,6424.0,1.7844444444444445,all,10.0,0.20060979874053414,0.027911915885549612,2.021395591301015e-15,53,144,8,0.24786926626125813,0.03448737686822514,1e-08,4.7265261473258444e-09,paper,0.1273115296402047,0.3568074125353966,0.20692399310599205,0.03448733218433201,0.9039021704555857,0.3568074125353966,0.321608825489028,0.10441400685658139,2902561.9557395563
17,6424.0,1.7844444444444445,all,100.0,0.2006097987407141,0.027912259214859847,2.1327133929747204e-15,53,144,8,0.2478692662613096,0.03448777705374587,1e-08,4.7265261473258444e-08,paper,0.1273115296402047,0.3568074125353966,0.20692399310599205,0.03448733218433201,0.9039021704555857,0.3568074125353966,0.321608825489028,0.10441400685658139,2902561.9557395563
17,6424.0,1.7844444444444445,all,1000.0,0.20060979874095808,0.027915693942164276,2.265714893557887e-15,53,144,8,0.2478692662613101,0.034491780681518903,1e-08,4.726526147325844e-07,paper,0.1273115296402047,0.3568074125353966,0.20692399310599205,0.03448733218433201,0.9039021704555857,0.3568074125353966,0.321608825489028,0.10441400685658139,2902561.9557395563
17,6424.0,1.7844444444444445,all,10000.0,0.2006097988037754,0.02795004135150281,2.1350741167090138e-15,53,144,8,0.24786926626131012,0.034531817136505785,1e-08,4.726526147325844e-06,paper,0.1273115296402047,0.3568074125353966,0.20692399310599205,0.03448733218433201,0.9039021704555857,0.3568074125353966,0.321608825489028,0.10441400685658139,2902561.9557395563
18,7324.0,2.0344444444444445,maxwell,1.0,0.03176193523109155,3.915084579417775e-09,2.3275480746472917e-15,53,144,8,0.03787162617751096,4.448495197483147e-09,1e-08,4.726526147325844e-10,paper,0.11394360828008035,0.3375553410628846,0.13370007673311002,0.022283346122185004,0.9220397842150946,0.3375553410628846,0.33237165953548,0.08966794761186922,1982399.5410995628
18,7324.0,2.0344444444444445,maxwell,2.5,0.0317619352310761,9.787711448586723e-09,2.410172874706092e-15,53,144,8,0.03787162617751096,1.112123799370787e-08,1e-08,1.1816315368314611e-09,paper,0.11394360828008035,0.3375553410628846,0.13370007673311002,0.022283346122185004,0.9220397842150946,0.3375553410628846,0.33237165953548,0.08966794761186922,1982399.5410995628
18,7324.0,2.0344444444444445,maxwell,10.0,0.03176193523115353,3.915084579428866e-08,2.4630113227014853e-15,53,144,8,0.03787162617751096,4.448495197483148e-08,1e-08,4.7265261473258444e-09,paper,0.11394360828008035,0.3375553410628846,0.13370007673311002,0.022283346122185004,0.9220397842150946,0.3375553410628846,0.33237165953548,0.08966794761186922,1982399.5410995628
18,7324.0,2.0344444444444445,maxwell,100.0,0.03176193523115925,3.9150845794284016e-07,2.5124350856477857e-15,53,144,8,0.03787162617751096,4.4484951974831477e-07,1e-08,4.7265261473258444e-08,paper,0.11394360828008035,0.3375553410628846,0.13370007673311002,0.022283346122185004,0.9220397842150946,0.3375553410628846,0.33237165953548,0.08966794761186922,1982399.5410995628
18,7324.0,2.0344444444444445,maxwell,1000.0,0.0317619352348777,3.915084578865774e-06,2.5033511425551257e-15,53,144,8,0.03787162617751096,4.448495197483147e-06,1e-08,4.726526147325844e-07,paper,0.11394360828008035,0.3375553410628846,0.13370007673311002,0.022283346122185004,0.9220397842150946,0.3375553410628846,0.33237165953548,0.08966794761186922,1982399.5410995628
18,7324.0,2.0344444444444445,maxwell,10000.0,0.03176193561223427,3.9150845239577646e-05,2.5260146124531213e-15,53,144,8,0.03787162617751096,4.448495197483148e-05,1e-08,4.726526147325844e-06,paper,0.11394360828008035,0.3375553410628846,0.13370007673311002,0.022283346122185004,0.9220397842150946,0.3375553410628846,0.33237165953548,0.08966794761186922,1982399.5410995628
18,7324.0,2.0344444444444445,grain,1.0,0.0317625662949598,1.943272411614886e-09,2.251328386352269e-15,53,144,8,0.03787237863215449,2.3170784409209077e-09,1e-08,0.0,paper,0.11394360828008035,0.3375553410628846,0.13370007673311002,0.022283346122185004,0.9220397842150946,0.3375553410628846,0.33237165953548,0.08966794761186922,1982399.5410995628
18,7324.0,2.0344444444444445,grain,2.5,0.031762566299947684,7.77315156105028e-10,2.3643687579870708e-15,53,144,8,0.03787237863814798,9.268387588125843e-10,1e-08,0.0,paper,0.11394360828008035,0.3375553410628846,0.13370007673311002,0.022283346122185004,0.9220397842150946,0.3375553410628846,0.33237165953548,0.08966794761186922,1982399.5410995628
18,7324.0,2.0344444444444445,grain,10.0,0.03176256630088483,1.9432906543370053e-10,2.1927366637073355e-15,53,144,8,0.03787237863921825,2.317100192796428e-10,1e-08,0.0,paper,0.11394360828008035,0.3375553410628846,0.13370007673311002,0.022283346122185004,0.9220397842150946,0.3375553410628846,0.33237165953548,0.08966794761186922,1982399.5410995628
18,7324.0,2.0344444444444445,grain,100.0,0.03176256630099753,1.9432908367608573e-11,2.2640635172289092e-15,53,144,8,0.03787237863928889,2.3171004103172455e-11,1e-08,0.0,paper,0.11394360828008035,0.3375553410628846,0.13370007673311002,0.022283346122185004,0.9220397842150946,0.3375553410628846,0.33237165953548,0.08966794761186922,1982399.5410995628
18,7324.0,2.0344444444444445,grain,1000.0,0.031762566301014025,1.9432908385879747e-12,2.2202976924671966e-15,53,144,8,0.03787237863928959,2.317100412492454e-12,1e-08,0.0,paper,0.11394360828008035,0.3375553410628846,0.13370007673311002,0.022283346122185004,0.9220397842150946,0.3375553410628846,0.33237165953548,0.08966794761186922,1982399.5410995628
18,7324.0,2.0344444444444445,grain,10000.0,0.0317625663010318,1.9432908386116048e-13,2.217010190918155e-15,53,144,8,0.0378723786392896,2.317100412514206e-13,1e-08,0.0,paper,0.11394360828008035,0.3375553410628846,0.13370007673311002,0.022283346122185004,0.9220397842150946,0.3375553410628846,0.33237165953548,0.08966794761186922,1982399.5410995628
18,7324.0,2.0344444444444445,interface,1.0,0.14389265379341687,0.018688453093625608,2.5722308224313374e-15,53,144,8,0.171571702910621,0.022283346122185004,1e-08,0.0,paper,0.11394360828008035,0.3375553410628846,0.13370007673311002,0.022283346122185004,0.9220397842150946,0.3375553410628846,0.33237165953548,0.08966794761186922,1982399.5410995628
18,7324.0,2.0344444444444445,interface,2.5,0.14389265379341687,0.018688453093625608,2.5722308224313374e-15,53,144,8,0.171571702910621,0.022283346122185004,1e-08,0.0,paper,0.11394360828008035,0.3375553410628846,0.13370007673311002,0.022283346122185004,0.9220397842150946,0.3375553410628846,0.33237165953548,0.08966794761186922,1982399.5410995628
18,7324.0,2.0344444444444445,interface,10.0,0.14389265379341687,0.018688453093625608,2.5722308224313374e-15,53,144,8,0.171571702910621,0.022283346122185004,1e-08,0.0,paper,0.11394360828008035,0.3375553410628846,0.13370007673311002,0.022283346122185004,0.9220397842150946,0.3375553410628846,0.33237165953548,0.08966794761186922,1982399.5410995628
18,7324.0,2.0344444444444445,interface,100.0,0.14389265379341687,0.018688453093625608,2.5722308224313374e-15,53,144,8,0.171571702910621,0.022283346122185004,1e-08,0.0,paper,0.11394360828008035,0.3375553410628846,0.13370007673311002,0.022283346122185004,0.9220397842150946,0.3375553410628846,0.33237165953548,0.08966794761186922,1982399.5410995628
18,7324.0,2.0344444444444445,interface,1000.0,0.14389265379341687,0.018688453093625608,2.5722308224313374e-15,53,144,8,0.171571702910621,0.022283346122185004,1e-08,0.0,paper,0.11394360828008035,0.3375553410628846,0.13370007673311002,0.022283346122185004,0.9220397842150946,0.3375553410628846,0.33237165953548,0.08966794761186922,1982399.5410995628
18,7324.0,2.0344444444444445,interface,10000.0,0.14389265379341687,0.018688453093625608,2.5722308224313374e-15,53,144,8,0.171571702910621,0.022283346122185004,1e-08,0.0,paper,0.11394360828008035,0.3375553410628846,0.13370007673311002,0.022283346122185004,0.9220397842150946,0.3375553410628846,0.33237165953548,0.08966794761186922,1982399.5410995628
18,7324.0,2.0344444444444445,all,1.0,0.14389328485682976,0.01868845895200911,2.62859515634045e-15,53,144,8,0.1715724553652645,0.022283352887758644,1e-08,4.726526147325844e-10,paper,0.11394360828008035,0.3375553410628846,0.13370007673311002,0.022283346122185004,0.9220397842150946,0.3375553410628846,0.33237165953548,0.08966794761186922,1982399.5410995628
18,7324.0,2.0344444444444445,all,2.5,0.1438932848622739,0.018688463658743566,2.5359535411762838e-15,53,144,8,0.17157245537125798,0.022283358170261756,1e-08,1.1816315368314611e-09,paper,0.11394360828008035,0.3375553410628846,0.13370007673311002,0.022283346122185004,0.9220397842150946,0.3375553410628846,0.33237165953548,0.08966794761186922,1982399.5410995628
18,7324.0,2.0344444444444445,all,10.0,0.1438932848637655,0.01868849243893219,2.40171608303335e-15,53,144,8,0.17157245537232826,0.022283390838847,1e-08,4.7265261473258444e-09,paper,0.11394360828008035,0.3375553410628846,0.13370007673311002,0.022283346122185004,0.9220397842150946,0.3375553410628846,0.33237165953548,0.08966794761186922,1982399.5410995628
18,7324.0,2.0344444444444445,all,100.0,0.14389328486280265,0.018688844621575367,2.384669965236859e-15,53,144,8,0.1715724553723989,0.022283790994875756,1e-08,4.7265261473258444e-08,paper,0.11394360828008035,0.3375553410628846,0.13370007673311002,0.022283346122185004,0.9220397842150946,0.3375553410628846,0.33237165953548,0.08966794761186922,1982399.5410995628
18,7324.0,2.0344444444444445,all,1000.0,0.14389328486429007,0.018692368180279674,2.41610721379396e-15,53,144,8,0.17157245537239962,0.022287794619699586,1e-08,4.726526147325844e-07,paper,0.11394360828008035,0.3375553410628846,0.13370007673311002,0.022283346122185004,0.9220397842150946,0.3375553410628846,0.33237165953548,0.08966794761186922,1982399.5410995628
18,7324.0,2.0344444444444445,all,10000.0,0.1438932849464315,0.01872760393020076,2.4494094355754494e-15,53,144,8,0.17157245537239962,0.022327831074391544,1e-08,4.726526147325844e-06,paper,0.11394360828008035,0.3375553410628846,0.13370007673311002,0.022283346122185004,0.9220397842150946,0.3375553410628846,0.33237165953548,0.08966794761186922,1982399.5410995628
19,8224.0,2.2844444444444445,maxwell,1.0,0.028777480815773054,4.002638670241108e-09,2.0434740892554006e-15,53,144,8,0.03321291073877381,4.448495197483147e-09,1e-08,4.726526147325844e-10,paper,0.09679269021330084,0.31111523622815523,0.10945190330784497,0.01824198388464083,0.934007025708823,0.31111523622815523,0.34313449358193204,0.09530779183970021,1760785.9084771902
19,8224.0,2.2844444444444445,maxwell,2.5,0.028777480815747325,1.0006596675602508e-08,2.0684627791990482e-15,53,144,8,0.03321291073877381,1.112123799370787e-08,1e-08,1.1816315368314611e-09,paper,0.09679269021330084,0.31111523622815523,0.10945190330784497,0.01824198388464083,0.934007025708823,0.31111523622815523,0.34313449358193204,0.09530779183970021,1760785.9084771902
19,8224.0,2.2844444444444445,maxwell,10.0,0.028777480815692615,4.0026386702526395e-08,2.1178625521981365e-15,53,144,8,0.03321291073877381,4.448495197483148e-08,1e-08,4.7265261473258444e-09,paper,0.09679269021330084,0.31111523622815523,0.10945190330784497,0.01824198388464083,0.934007025708823,0.31111523622815523,0.34313449358193204,0.09530779183970021,1760785.9084771902
19,8224.0,2.2844444444444445,maxwell,100.0,0.028777480815765123,4.0026386702457487e-07,2.1265346507645453e-15,53,144,8,0.03321291073877381,4.4484951974831477e-07,1e-08,4.7265261473258444e-08,paper,0.09679269021330084,0.31111523622815523,0.10945190330784497,0.01824198388464083,0.934007025708823,0.31111523622815523,0.34313449358193204,0.09530779183970021,1760785.9084771902
19,8224.0,2.2844444444444445,maxwell,1000.0,0.02877748081888553,4.0026386697195045e-06,2.153291606163078e-15,53,144,8,0.03321291073877381,4.448495197483147e-06,1e-08,4.726526147325844e-07,paper,0.09679269021330084,0.31111523622815523,0.10945190330784497,0.01824198388464083,0.934007025708823,0.31111523622815523,0.34313449358193204,0.09530779183970021,1760785.9084771902
19,8224.0,2.2844444444444445,maxwell,10000.0,0.02877748113515801,4.002638618835139e-05,2.2153208694054116e-15,53,144,8,0.03321291073877381,4.448495197483148e-05,1e-08,4.726526147325844e-06,paper,0.09679269021330084,0.31111523622815523,0.10945190330784497,0.01824198388464083,0.934007025708823,0.31111523622815523,0.34313449358193204,0.09530779183970021,1760785.9084771902
19,8224.0,2.2844444444444445,grain,1.0,0.02877806226145481,2.110786048230434e-09,2.0459259897195754e-15,53,144,8,0.03321358180174321,2.4361185990137737e-09,1e-08,0.0,paper,0.09679269021330084,0.31111523622815523,0.10945190330784497,0.01824198388464083,0.934007025708823,0.31111523622815523,0.34313449358193204,0.09530779183970021,1760785.9084771902
19,8224.0,2.2844444444444445,grain,2.5,0.028778062267829564,8.44323765878406e-10,2.005787937289686e-15,53,144,8,0.033213581809171895,9.744582267648943e-10,1e-08,0.0,paper,0.09679269021330084,0.31111523622815523,0.10945190330784497,0.01824198388464083,0.934007025708823,0.31111523622815523,0.34313449358193204,0.09530779183970021,1760785.9084771902
19,8224.0,2.2844444444444445,grain,10.0,0.028778062268951514,2.1108135873279564e-10,1.9318000029951916e-15,53,144,8,0.033213581810498466,2.436150382671219e-10,1e-08,0.0,paper,0.09679269021330084,0.31111523622815523,0.10945190330784497,0.01824198388464083,0.934007025708823,0.31111523622815523,0.34313449358193204,0.09530779183970021,1760785.9084771902
19,8224.0,2.2844444444444445,grain,100.0,0.028778062269042247,2.110813862724225e-11,1.913964244816699e-15,53,144,8,0.03321358181058602,2.4361507005119813e-11,1e-08,0.0,paper,0.09679269021330084,0.31111523622815523,0.10945190330784497,0.01824198388464083,0.934007025708823,0.31111523622815523,0.34313449358193204,0.09530779183970021,1760785.9084771902
19,8224.0,2.2844444444444445,grain,1000.0,0.028778062269061076,2.110813865477282e-12,2.049386840000405e-15,53,144,8,0.033213581810586895,2.4361507036903894e-12,1e-08,0.0,paper,0.09679269021330084,0.31111523622815523,0.10945190330784497,0.01824198388464083,0.934007025708823,0.31111523622815523,0.34313449358193204,0.09530779183970021,1760785.9084771902
19,8224.0,2.2844444444444445,grain,10000.0,0.028778062269041532,2.110813865513602e-13,2.080073422853713e-15,53,144,8,0.0332135818105869,2.436150703722173e-13,1e-08,0.0,paper,0.09679269021330084,0.31111523622815523,0.10945190330784497,0.01824198388464083,0.934007025708823,0.31111523622815523,0.34313449358193204,0.09530779183970021,1760785.9084771902
19,8224.0,2.2844444444444445,interface,1.0,0.12361258061286477,0.01580584996614666,2.3782053417067606e-15,53,144,8,0.1426648140466188,0.01824198388464083,1e-08,0.0,paper,0.09679269021330084,0.31111523622815523,0.10945190330784497,0.01824198388464083,0.934007025708823,0.31111523622815523,0.34313449358193204,0.09530779183970021,1760785.9084771902
19,8224.0,2.2844444444444445,interface,2.5,0.12361258061286477,0.01580584996614666,2.3782053417067606e-15,53,144,8,0.1426648140466188,0.01824198388464083,1e-08,0.0,paper,0.09679269021330084,0.31111523622815523,0.10945190330784497,0.01824198388464083,0.934007025708823,0.31111523622815523,0.34313449358193204,0.09530779183970021,1760785.9084771902
19,8224.0,2.2844444444444445,interface,10.0,0.12361258061286477,0.01580584996614666,2.3782053417067606e-15,53,144,8,0.1426648140466188,0.01824198388464083,1e-08,0.0,paper,0.09679269021330084,0.31111523622815523,0.10945190330784497,0.01824198388464083,0.934007025708823,0.31111523622815523,0.34313449358193204,0.09530779183970021,1760785.9084771902
19,8224.0,2.2844444444444445,interface,100.0,0.12361258061286477,0.01580584996614666,2.3782053417067606e-15,53,144,8,0.1426648140466188,0.01824198388464083,1e-08,0.0,paper,0.09679269021330084,0.31111523622815523,0.10945190330784497,0.01824198388464083,0.934007025708823,0.31111523622815523,0.34313449358193204,0.09530779183970021,1760785.9084771902
19,8224.0,2.2844444444444445,interface,1000.0,0.12361258061286477,0.01580584996614666,2.3782053417067606e-15,53,144,8,0.1426648140466188,0.01824198388464083,1e-08,0.0,paper,0.09679269021330084,0.31111523622815523,0.10945190330784497,0.01824198388464083,0.934007025708823,0.31111523622815523,0.34313449358193204,0.09530779183970021,1760785.9084771902
19,8224.0,2.2844444444444445,interface,10000.0,0.12361258061286477,0.01580584996614666,2.3782053417067606e-15,53,144,8,0.1426648140466188,0.01824198388464083,1e-08,0.0,paper,0.09679269021330084,0.31111523622815523,0.10945190330784497,0.01824198388464083,0.934007025708823,0.31111523622815523,0.34313449358193204,0.09530779183970021,1760785.9084771902
19,8224.0,2.2844444444444445,all,1.0,0.1236131620587311,0.015805856079654016,2.365793027228521e-15,53,144,8,0.14266548510958818,0.018241990769254625,1e-08,4.726526147325844e-10,paper,0.09679269021330084,0.31111523622815523,0.10945190330784497,0.01824198388464083,0.934007025708823,0.31111523622815523,0.34313449358193204,0.09530779183970021,1760785.9084771902
19,8224.0,2.2844444444444445,all,2.5,0.12361316206526979,0.015805860817075437,2.269906557534545e-15,53,144,8,0.14266548511701688,0.018241995980337048,1e-08,1.1816315368314611e-09,paper,0.09679269021330084,0.31111523622815523,0.10945190330784497,0.01824198388464083,0.934007025708823,0.31111523622815523,0.34313449358193204,0.09530779183970021,1760785.9084771902
19,8224.0,2.2844444444444445,all,10.0,0.12361316206640682,0.01580589020369287,2.27011350885553e-15,53,144,8,0.14266548511834343,0.018242028613207843,1e-08,4.7265261473258444e-09,paper,0.09679269021330084,0.31111523622815523,0.10945190330784497,0.01824198388464083,0.934007025708823,0.31111523622815523,0.34313449358193204,0.09530779183970021,1760785.9084771902
19,8224.0,2.2844444444444445,all,100.0,0.12361316206636686,0.015806250251194018,2.453616308768186e-15,53,144,8,0.142665485118431,0.018242428758522083,1e-08,4.7265261473258444e-08,paper,0.09679269021330084,0.31111523622815523,0.10945190330784497,0.01824198388464083,0.934007025708823,0.31111523622815523,0.34313449358193204,0.09530779183970021,1760785.9084771902
19,8224.0,2.2844444444444445,all,1000.0,0.12361316206731278,0.01580985260697994,2.3161244785961615e-15,53,144,8,0.14266548511843186,0.018246432382274462,1e-08,4.726526147325844e-07,paper,0.09679269021330084,0.31111523622815523,0.10945190330784497,0.01824198388464083,0.934007025708823,0.31111523622815523,0.34313449358193204,0.09530779183970021,1760785.9084771902
19,8224.0,2.2844444444444445,all,10000.0,0.12361316213928678,0.015845876344766155,2.641322623721958e-15,53,144,8,0.14266548511843188,0.018286468836859276,1e-08,4.726526147325844e-06,paper,0.09679269021330084,0.31111523622815523,0.10945190330784497,0.01824198388464083,0.934007025708823,0.31111523622815523,0.34313449358193204,0.09530779183970021,1760785.9084771902
20,9124.0,2.5344444444444445,maxwell,1.0,0.038215198855679686,4.090229880768141e-09,2.5816473702587568e-15,53,144,8,0.042878578149624966,4.448495197483147e-09,1e-08,4.726526147325844e-10,paper,0.12116106792038384,0.34808198448121935,0.05902276089880715,0.009837126816467858,0.942927909744248,0.34808198448121935,0.353897327628384,0.05362491480577663,848677.1130888051
20,9124.0,2.5344444444444445,maxwell,2.5,0.03821519885581064,1.0225574701909643e-08,2.4088187939595435e-15,53,144,8,0.042878578149624966,1.112123799370787e-08,1e-08,1.1816315368314611e-09,paper,0.12116106792038384,0.34808198448121935,0.05902276089880715,0.009837126816467858,0.942927909744248,0.34808198448121935,0.353897327628384,0.05362491480577663,848677.1130888051
20,9124.0,2.5344444444444445,maxwell,10.0,0.03821519885570763,4.0902298807525385e-08,2.6523630173324146e-15,53,144,8,0.042878578149624966,4.448495197483148e-08,1e-08,4.7265261473258444e-09,paper,0.12116106792038384,0.34808198448121935,0.05902276089880715,0.009837126816467858,0.942927909744248,0.34808198448121935,0.353897327628384,0.05362491480577663,848677.1130888051
20,9124.0,2.5344444444444445,maxwell,100.0,0.03821519885577842,4.0902298807646683e-07,2.4401575354492786e-15,53,144,8,0.042878578149624966,4.4484951974831477e-07,1e-08,4.7265261473258444e-08,paper,0.12116106792038384,0.34808198448121935,0.05902276089880715,0.009837126816467858,0.942927909744248,0.34808198448121935,0.353897327628384,0.05362491480577663,848677.1130888051
20,9124.0,2.5344444444444445,maxwell,1000.0,0.03821519885819704,4.090229880439918e-06,2.4308410058047057e-15,53,144,8,0.042878578149624966,4.448495197483147e-06,1e-08,4.726526147325844e-07,paper,0.12116106792038384,0.34808198448121935,0.05902276089880715,0.009837126816467858,0.942927909744248,0.34808198448121935,0.353897327628384,0.05362491480577663,848677.1130888051
20,9124.0,2.5344444444444445,maxwell,10000.0,0.0382151990973596,4.090229849033785e-05,2.443996441622075e-15,53,144,8,0.042878578149624966,4.448495197483148e-05,1e-08,4.726526147325844e-06,paper,0.12116106792038384,0.34808198448121935,0.05902276089880715,0.009837126816467858,0.942927909744248,0.34808198448121935,0.353897327628384,0.05362491480577663,848677.1130888051
20,9124.0,2.5344444444444445,grain,1.0,0.038215764729251867,2.5798167605321802e-09,2.5347966519217735e-15,53,144,8,0.04287921307613549,2.894630554825085e-09,1e-08,0.0,paper,0.12116106792038384,0.34808198448121935,0.05902276089880715,0.009837126816467858,0.942927909744248,0.34808198448121935,0.353897327628384,0.05362491480577663,848677.1130888051
20,9124.0,2.5344444444444445,grain,2.5,0.03821576473876693,1.0319447205291698e-09,2.4191521070098747e-15,53,144,8,0.04287921308722062,1.1578724367714026e-09,1e-08,0.0,paper,0.12116106792038384,0.34808198448121935,0.05902276089880715,0.009837126816467858,0.942927909744248,0.34808198448121935,0.353897327628384,0.05362491480577663,848677.1130888051
20,9124.0,2.5344444444444445,grain,10.0,0.03821576474067353,2.5798698444907436e-10,2.1000992398595178e-15,53,144,8,0.04287921308920015,2.8946901165969537e-10,1e-08,0.0,paper,0.12116106792038384,0.34808198448121935,0.05902276089880715,0.009837126816467858,0.942927909744248,0.34808198448121935,0.353897327628384,0.05362491480577663,848677.1130888051
20,9124.0,2.5344444444444445,grain,100.0,0.03821576474087582,2.5798703753402915e-11,2.172587241678496e-15,53,144,8,0.04287921308933079,2.8946907122270512e-11,1e-08,0.0,paper,0.12116106792038384,0.34808198448121935,0.05902276089880715,0.009837126816467858,0.942927909744248,0.34808198448121935,0.353897327628384,0.05362491480577663,848677.1130888051
20,9124.0,2.5344444444444445,grain,1000.0,0.038215764740718486,2.5798703806491773e-12,2.1482354248949955e-15,53,144,8,0.042879213089332104,2.8946907181833533e-12,1e-08,0.0,paper,0.12116106792038384,0.34808198448121935,0.05902276089880715,0.009837126816467858,0.942927909744248,0.34808198448121935,0.353897327628384,0.05362491480577663,848677.1130888051
20,9124.0,2.5344444444444445,grain,10000.0,0.038215764740898835,2.5798703807037117e-13,2.0389591716271807e-15,53,144,8,0.04287921308933212,2.8946907182429156e-13,1e-08,0.0,paper,0.12116106792038384,0.34808198448121935,0.05902276089880715,0.009837126816467858,0.942927909744248,0.34808198448121935,0.353897327628384,0.05362491480577663,848677.1130888051
20,9124.0,2.5344444444444445,interface,1.0,0.09081877120647565,0.00876726205844033,2.5629706773169616e-15,53,144,8,0.10190133904843211,0.009837126816467858,1e-08,0.0,paper,0.12116106792038384,0.34808198448121935,0.05902276089880715,0.009837126816467858,0.942927909744248,0.34808198448121935,0.353897327628384,0.05362491480577663,848677.1130888051
20,9124.0,2.5344444444444445,interface,2.5,0.09081877120647565,0.00876726205844033,2.5629706773169616e-15,53,144,8,0.10190133904843211,0.009837126816467858,1e-08,0.0,paper,0.12116106792038384,0.34808198448121935,0.05902276089880715,0.009837126816467858,0.942927909744248,0.34808198448121935,0.353897327628384,0.05362491480577663,848677.1130888051
20,9124.0,2.5344444444444445,interface,10.0,0.09081877120647565,0.00876726205844033,2.5629706773169616e-15,53,144,8,0.10190133904843211,0.009837126816467858,1e-08,0.0,paper,0.12116106792038384,0.34808198448121935,0.05902276089880715,0.009837126816467858,0.942927909744248,0.34808198448121935,0.353897327628384,0.05362491480577663,848677.1130888051
20,9124.0,2.5344444444444445,interface,100.0,0.09081877120647565,0.00876726205844033,2.5629706773169616e-15,53,144,8,0.10190133904843211,0.009837126816467858,1e-08,0.0,paper,0.12116106792038384,0.34808198448121935,0.05902276089880715,0.009837126816467858,0.942927909744248,0.34808198448121935,0.353897327628384,0.05362491480577663,848677.1130888051
20,9124.0,2.5344444444444445,interface,1000.0,0.09081877120647565,0.00876726205844033,2.5629706773169616e-15,53,144,8,0.10190133904843211,0.009837126816467858,1e-08,0.0,paper,0.12116106792038384,0.34808198448121935,0.05902276089880715,0.009837126816467858,0.942927909744248,0.34808198448121935,0.353897327628384,0.05362491480577663,848677.1130888051
20,9124.0,2.5344444444444445,interface,10000.0,0.09081877120647565,0.00876726205844033,2.5629706773169616e-15,53,144,8,0.10190133904843211,0.009837126816467858,1e-08,0.0,paper,0.12116106792038384,0.34808198448121935,0.05902276089880715,0.009837126816467858,0.942927909744248,0.34808198448121935,0.353897327628384,0.05362491480577663,848677.1130888051
20,9124.0,2.5344444444444445,all,1.0,0.09081933708004424,0.008767268728551556,2.5672495708670845e-15,53,144,8,0.10190197397494263,0.00983713415959361,1e-08,4.726526147325844e-10,paper,0.12116106792038384,0.34808198448121935,0.05902276089880715,0.009837126816467858,0.942927909744248,0.34808198448121935,0.353897327628384,0.05362491480577663,848677.1130888051
20,9124.0,2.5344444444444445,all,2.5,0.0908193370899812,0.008767273316020244,2.3954587596409806e-15,53,144,8,0.10190197398602777,0.009837139095578288,1e-08,1.1816315368314611e-09,paper,0.12116106792038384,0.34808198448121935,0.05902276089880715,0.009837126816467858,0.942927909744248,0.34808198448121935,0.353897327628384,0.05362491480577663,848677.1130888051
20,9124.0,2.5344444444444445,all,10.0,0.09081933709120919,0.008767303218720835,2.6689221433320708e-15,53,144,8,0.1019019739880073,0.009837171590888845,1e-08,4.7265261473258444e-09,paper,0.12116106792038384,0.34808198448121935,0.05902276089880715,0.009837126816467858,0.942927909744248,0.34808198448121935,0.353897327628384,0.05362491480577663,848677.1130888051
20,9124.0,2.5344444444444445,all,100.0,0.09081933709116956,0.008767671107247068,2.27106566454367e-15,53,144,8,0.10190197398813794,0.009837571694934514,1e-08,4.7265261473258444e-08,paper,0.12116106792038384,0.34808198448121935,0.05902276089880715,0.009837126816467858,0.942927909744248,0.34808198448121935,0.353897327628384,0.05362491480577663,848677.1130888051
20,9124.0,2.5344444444444445,all,1000.0,0.09081933709280714,0.008771352290908623,2.480936550343361e-15,53,144,8,0.10190197398813924,0.009841575314560033,1e-08,4.726526147325844e-07,paper,0.12116106792038384,0.34808198448121935,0.05902276089880715,0.009837126816467858,0.942927909744248,0.34808198448121935,0.353897327628384,0.05362491480577663,848677.1130888051
20,9124.0,2.5344444444444445,all,10000.0,0.09081933719239003,0.00880816434836736,2.387464670650944e-15,53,144,8,0.10190197398813927,0.00988161176873216,1e-08,4.726526147325844e-06,paper,0.12116106792038384,0.34808198448121935,0.05902276089880715,0.009837126816467858,0.942927909744248,0.34808198448121935,0.353897327628384,0.05362491480577663,848677.1130888051
21,10024.0,2.7844444444444445,maxwell,1.0,0.045797832049402895,4.1692944274110015e-09,2.2635380671517542e-15,53,144,8,0.05003007440134733,4.448495197483147e-09,1e-08,4.726526147325844e-10,paper,0.13719643563905035,0.37040037208276444,0.058142672070754374,0.00969044534512573,0.9541010642098504,0.37040037208276444,0.364660161674836,0.06245817149423804,785648.1436078759
21,10024.0,2.7844444444444445,maxwell,2.5,0.045797832049258975,1.0423236068593197e-08,2.4832896490473832e-15,53,144,8,0.05003007440134733,1.112123799370787e-08,1e-08,1.1816315368314611e-09,paper,0.13719643563905035,0.37040037208276444,0.058142672070754374,0.00969044534512573,0.9541010642098504,0.37040037208276444,0.364660161674836,0.06245817149423804,785648.1436078759
21,10024.0,2.7844444444444445,maxwell,10.0,0.04579783204923296,4.169294427433689e-08,2.3919233349347117e-15,53,144,8,0.05003007440134733,4.448495197483148e-08,1e-08,4.7265261473258444e-09,paper,0.13719643563905035,0.37040037208276444,0.058142672070754374,0.00969044534512573,0.9541010642098504,0.37040037208276444,0.364660161674836,0.06245817149423804,785648.1436078759
21,10024.0,2.7844444444444445,maxwell,100.0,0.045797832049086634,4.169294427406396e-07,2.383399115044417e-15,53,144,8,0.05003007440134733,4.4484951974831477e-07,1e-08,4.7265261473258444e-08,paper,0.13719643563905035,0.37040037208276444,0.058142672070754374,0.00969044534512573,0.9541010642098504,0.37040037208276444,0.364660161674836,0.06245817149423804,785648.1436078759
21,10024.0,2.7844444444444445,maxwell,1000.0,0.04579783205060655,4.169294427229566e-06,2.4032765841651167e-15,53,144,8,0.05003007440134733,4.448495197483147e-06,1e-08,4.726526147325844e-07,paper,0.13719643563905035,0.37040037208276444,0.058142672070754374,0.00969044534512573,0.9541010642098504,0.37040037208276444,0.364660161674836,0.06245817149423804,785648.1436078759
21,10024.0,2.7844444444444445,maxwell,10000.0,0.045797832202885844,4.169294410566132e-05,2.315041196886641e-15,53,144,8,0.05003007440134733,4.448495197483148e-05,1e-08,4.726526147325844e-06,paper,0.13719643563905035,0.37040037208276444,0.058142672070754374,0.00969044534512573,0.9541010642098504,0.37040037208276444,0.364660161674836,0.06245817149423804,785648.1436078759
21,10024.0,2.7844444444444445,grain,1.0,0.04579831521870959,2.832356729508849e-09,2.364510015828365e-15,53,144,8,0.050030602221280245,3.0940989545906878e-09,1e-08,0.0,paper,0.13719643563905035,0.37040037208276444,0.058142672070754374,0.00969044534512573,0.9541010642098504,0.37040037208276444,0.364660161674836,0.06245817149423804,785648.1436078759
21,10024.0,2.7844444444444445,grain,2.5,0.04579831523277726,1.1329753943603183e-09,2.3206978987635016e-15,53,144,8,0.05003060223651584,1.237675306480504e-09,1e-08,0.0,paper,0.13719643563905035,0.37040037208276444,0.058142672070754374,0.00969044534512573,0.9541010642098504,0.37040037208276444,0.364660161674836,0.06245817149423804,785648.1436078759
21,10024.0,2.7844444444444445,grain,10.0,0.0457983152351057,2.832453085753896e-10,2.093478104195466e-15,53,144,8,0.050030602239236575,3.0942042152457133e-10,1e-08,0.0,paper,0.13719643563905035,0.37040037208276444,0.058142672070754374,0.00969044534512573,0.9541010642098504,0.37040037208276444,0.364660161674836,0.06245817149423804,785648.1436078759
21,10024.0,2.7844444444444445,grain,100.0,0.04579831523544571,2.8324540493303617e-11,2.010271794226947e-15,53,144,8,0.05003060223941615,3.0942052678884306e-11,1e-08,0.0,paper,0.13719643563905035,0.37040037208276444,0.058142672070754374,0.00969044534512573,0.9541010642098504,0.37040037208276444,0.364660161674836,0.06245817149423804,785648.1436078759
21,10024.0,2.7844444444444445,grain,1000.0,0.045798315235262475,2.8324540589778553e-12,1.9609329545017463e-15,53,144,8,0.050030602239417944,3.0942052784148618e-12,1e-08,0.0,paper,0.13719643563905035,0.37040037208276444,0.058142672070754374,0.00969044534512573,0.9541010642098504,0.37040037208276444,0.364660161674836,0.06245817149423804,785648.1436078759
21,10024.0,2.7844444444444445,grain,10000.0,0.04579831523545326,2.8324540590731943e-13,1.9980678849797595e-15,53,144,8,0.05003060223941796,3.0942052785201254e-13,1e-08,0.0,paper,0.13719643563905035,0.37040037208276444,0.058142672070754374,0.00969044534512573,0.9541010642098504,0.37040037208276444,0.364660161674836,0.06245817149423804,785648.1436078759
21,10024.0,2.7844444444444445,interface,1.0,0.0990219825783788,0.00887069175486666,2.165862494933995e-15,53,144,8,0.1081727464721017,0.00969044534512573,1e-08,0.0,paper,0.13719643563905035,0.37040037208276444,0.058142672070754374,0.00969044534512573,0.9541010642098504,0.37040037208276444,0.364660161674836,0.06245817149423804,785648.1436078759
21,10024.0,2.7844444444444445,interface,2.5,0.0990219825783788,0.00887069175486666,2.165862494933995e-15,53,144,8,0.1081727464721017,0.00969044534512573,1e-08,0.0,paper,0.13719643563905035,0.37040037208276444,0.058142672070754374,0.00969044534512573,0.9541010642098504,0.37040037208276444,0.364660161674836,0.06245817149423804,785648.1436078759
21,10024.0,2.7844444444444445,interface,10.0,0.0990219825783788,0.00887069175486666,2.165862494933995e-15,53,144,8,0.1081727464721017,0.00969044534512573,1e-08,0.0,paper,0.13719643563905035,0.37040037208276444,0.058142672070754374,0.00969044534512573,0.9541010642098504,0.37040037208276444,0.364660161674836,0.06245817149423804,785648.1436078759
21,10024.0,2.7844444444444445,interface,100.0,0.0990219825783788,0.00887069175486666,2.165862494933995e-15,53,144,8,0.1081727464721017,0.00969044534512573,1e-08,0.0,paper,0.13719643563905035,0.37040037208276444,0.058142672070754374,0.00969044534512573,0.9541010642098504,0.37040037208276444,0.364660161674836,0.06245817149423804,785648.1436078759
21,10024.0,2.7844444444444445,interface,1000.0,0.0990219825783788,0.00887069175486666,2.165862494933995e-15,53,144,8,0.1081727464721017,0.00969044534512573,1e-08,0.0,paper,0.13719643563905035,0.37040037208276444,0.058142672070754374,0.00969044534512573,0.9541010642098504,0.37040037208276444,0.364660161674836,0.06245817149423804,785648.1436078759
21,10024.0,2.7844444444444445,interface,10000.0,0.0990219825783788,0.00887069175486666,2.165862494933995e-15,53,144,8,0.1081727464721017,0.00969044534512573,1e-08,0.0,paper,0.13719643563905035,0.37040037208276444,0.058142672070754374,0.00969044534512573,0.9541010642098504,0.37040037208276444,0.364660161674836,0.06245817149423804,785648.1436078759
21,10024.0,2.7844444444444445,all,1.0,0.09902246574784054,0.008870698756505396,2.265249004701247e-15,53,144,8,0.10817327429203462,0.009690452887719882,1e-08,4.726526147325844e-10,paper,0.13719643563905035,0.37040037208276444,0.058142672070754374,0.00969044534512573,0.9541010642098504,0.37040037208276444,0.364660161674836,0.06245817149423804,785648.1436078759
21,10024.0,2.7844444444444445,all,2.5,0.09902246576201369,0.00887070331105453,2.2638025631756398e-15,53,144,8,0.10817327430727022,0.009690457704039031,1e-08,1.1816315368314611e-09,paper,0.13719643563905035,0.37040037208276444,0.058142672070754374,0.00969044534512573,0.9541010642098504,0.37040037208276444,0.364660161674836,0.06245817149423804,785648.1436078759
21,10024.0,2.7844444444444445,all,10.0,0.09902246576396669,0.008870733731051524,2.256432440361936e-15,53,144,8,0.10817327430999095,0.009690490139498128,1e-08,4.7265261473258444e-09,paper,0.13719643563905035,0.37040037208276444,0.058142672070754374,0.00969044534512573,0.9541010642098504,0.37040037208276444,0.364660161674836,0.06245817149423804,785648.1436078759
21,10024.0,2.7844444444444445,all,100.0,0.09902246576485109,0.008871108712691768,2.5697915939883494e-15,53,144,8,0.10817327431017051,0.009690890225587532,1e-08,4.7265261473258444e-08,paper,0.13719643563905035,0.37040037208276444,0.058142672070754374,0.00969044534512573,0.9541010642098504,0.37040037208276444,0.364660161674836,0.06245817149423804,785648.1436078759
21,10024.0,2.7844444444444445,all,1000.0,0.09902246576543706,0.008874861052097243,2.397773483883863e-15,53,144,8,0.10817327431017232,0.009694893843417419,1e-08,4.726526147325844e-07,paper,0.13719643563905035,0.37040037208276444,0.058142672070754374,0.00969044534512573,0.9541010642098504,0.37040037208276444,0.364660161674836,0.06245817149423804,785648.1436078759
21,10024.0,2.7844444444444445,all,10000.0,0.09902246583478645,0.008912384693414824,2.4021825589858273e-15,53,144,8,0.10817327431017233,0.009734930297409983,1e-08,4.726526147325844e-06,paper,0.13719643563905035,0.37040037208276444,0.058142672070754374,0.00969044534512573,0.9541010642098504,0.37040037208276444,0.364660161674836,0.06245817149423804,785648.1436078759
22,10924.0,3.0344444444444445,maxwell,1.0,0.047843161069195145,4.247013485530342e-09,2.19999493920009e-15,53,144,8,0.05100559888710007,4.448495197483147e-09,1e-08,4.726526147325844e-10,paper,0.13586167994079498,0.3685941941224726,0.024228400570271893,0.004038066761711982,0.9648173964483311,0.3685941941224726,0.375422995721288,0.034503832368490694,328988.540924182
22,10924.0,3.0344444444444445,maxwell,2.5,0.04784316106908251,1.0617533713852749e-08,2.19569370131439e-15,53,144,8,0.05100559888710007,1.112123799370787e-08,1e-08,1.1816315368314611e-09,paper,0.13586167994079498,0.3685941941224726,0.024228400570271893,0.004038066761711982,0.9648173964483311,0.3685941941224726,0.375422995721288,0.034503832368490694,328988.540924182
22,10924.0,3.0344444444444445,maxwell,10.0,0.047843161069150826,4.2470134855480737e-08,2.354095017202735e-15,53,144,8,0.05100559888710007,4.448495197483148e-08,1e-08,4.7265261473258444e-09,paper,0.13586167994079498,0.3685941941224726,0.024228400570271893,0.004038066761711982,0.9648173964483311,0.3685941941224726,0.375422995721288,0.034503832368490694,328988.540924182
22,10924.0,3.0344444444444445,maxwell,100.0,0.04784316106916712,4.2470134855554673e-07,2.456187236313788e-15,53,144,8,0.05100559888710007,4.4484951974831477e-07,1e-08,4.7265261473258444e-08,paper,0.13586167994079498,0.3685941941224726,0.024228400570271893,0.004038066761711982,0.9648173964483311,0.3685941941224726,0.375422995721288,0.034503832368490694,328988.540924182
22,10924.0,3.0344444444444445,maxwell,1000.0,0.04784316107046715,4.247013485413871e-06,2.7427484971772223e-15,53,144,8,0.05100559888710007,4.448495197483147e-06,1e-08,4.726526147325844e-07,paper,0.13586167994079498,0.3685941941224726,0.024228400570271893,0.004038066761711982,0.9648173964483311,0.3685941941224726,0.375422995721288,0.034503832368490694,328988.540924182
22,10924.0,3.0344444444444445,maxwell,10000.0,0.04784316119434912,4.247013471958837e-05,2.2667166340755186e-15,53,144,8,0.05100559888710007,4.448495197483148e-05,1e-08,4.726526147325844e-06,paper,0.13586167994079498,0.3685941941224726,0.024228400570271893,0.004038066761711982,0.9648173964483311,0.3685941941224726,0.375422995721288,0.034503832368490694,328988.540924182
22,10924.0,3.0344444444444445,grain,1.0,0.04784359531185324,3.61205771270448e-09,2.3727436437474302e-15,53,144,8,0.05100606183310492,3.850815221863515e-09,1e-08,0.0,paper,0.13586167994079498,0.3685941941224726,0.024228400570271893,0.004038066761711982,0.9648173964483311,0.3685941941224726,0.375422995721288,0.034503832368490694,328988.540924182
22,10924.0,3.0344444444444445,grain,2.5,0.047843595336921736,1.444907056955178e-09,2.3409522529815727e-15,53,144,8,0.051006061860010936,1.5404156111683773e-09,1e-08,0.0,paper,0.13586167994079498,0.3685941941224726,0.024228400570271893,0.004038066761711982,0.9648173964483311,0.3685941941224726,0.375422995721288,0.034503832368490694,328988.540924182
22,10924.0,3.0344444444444445,grain,10.0,0.04784359534149234,3.612305132393782e-10,2.091979466629372e-15,53,144,8,0.05100606186481591,3.8510789960258995e-10,1e-08,0.0,paper,0.13586167994079498,0.3685941941224726,0.024228400570271893,0.004038066761711982,0.9648173964483311,0.3685941941224726,0.375422995721288,0.034503832368490694,328988.540924182
22,10924.0,3.0344444444444445,grain,100.0,0.047843595341721216,3.612307606754217e-11,2.069235009116282e-15,53,144,8,0.05100606186513305,3.8510816339500105e-11,1e-08,0.0,paper,0.13586167994079498,0.3685941941224726,0.024228400570271893,0.004038066761711982,0.9648173964483311,0.3685941941224726,0.375422995721288,0.034503832368490694,328988.540924182
22,10924.0,3.0344444444444445,grain,1000.0,0.04784359534173948,3.6123076315000065e-12,2.074674478614367e-15,53,144,8,0.05100606186513622,3.85108166032927e-12,1e-08,0.0,paper,0.13586167994079498,0.3685941941224726,0.024228400570271893,0.004038066761711982,0.9648173964483311,0.3685941941224726,0.375422995721288,0.034503832368490694,328988.540924182
22,10924.0,3.0344444444444445,grain,10000.0,0.047843595341773085,3.6123076317500246e-13,2.187833466660842e-15,53,144,8,0.051006061865136246,3.851081660593062e-13,1e-08,0.0,paper,0.13586167994079498,0.3685941941224726,0.024228400570271893,0.004038066761711982,0.9648173964483311,0.3685941941224726,0.375422995721288,0.034503832368490694,328988.540924182
22,10924.0,3.0344444444444445,interface,1.0,0.07056935697969627,0.0037876993183804187,2.590407739643435e-15,53,144,8,0.07523399945737197,0.004038066761711982,1e-08,0.0,paper,0.13586167994079498,0.3685941941224726,0.024228400570271893,0.004038066761711982,0.9648173964483311,0.3685941941224726,0.375422995721288,0.034503832368490694,328988.540924182
22,10924.0,3.0344444444444445,interface,2.5,0.07056935697969627,0.0037876993183804187,2.590407739643435e-15,53,144,8,0.07523399945737197,0.004038066761711982,1e-08,0.0,paper,0.13586167994079498,0.3685941941224726,0.024228400570271893,0.004038066761711982,0.9648173964483311,0.3685941941224726,0.375422995721288,0.034503832368490694,328988.540924182
22,10924.0,3.0344444444444445,interface,10.0,0.07056935697969627,0.0037876993183804187,2.590407739643435e-15,53,144,8,0.07523399945737197,0.004038066761711982,1e-08,0.0,paper,0.13586167994079498,0.3685941941224726,0.024228400570271893,0.004038066761711982,0.9648173964483311,0.3685941941224726,0.375422995721288,0.034503832368490694,328988.540924182
22,10924.0,3.0344444444444445,interface,100.0,0.07056935697969627,0.0037876993183804187,2.590407739643435e-15,53,144,8,0.07523399945737197,0.004038066761711982,1e-08,0.0,paper,0.13586167994079498,0.3685941941224726,0.024228400570271893,0.004038066761711982,0.9648173964483311,0.3685941941224726,0.375422995721288,0.034503832368490694,328988.540924182
22,10924.0,3.0344444444444445,interface,1000.0,0.07056935697969627,0.0037876993183804187,2.590407739643435e-15,53,144,8,0.07523399945737197,0.004038066761711982,1e-08,0.0,paper,0.13586167994079498,0.3685941941224726,0.024228400570271893,0.004038066761711982,0.9648173964483311,0.3685941941224726,0.375422995721288,0.034503832368490694,328988.540924182
22,10924.0,3.0344444444444445,interface,10000.0,0.07056935697969627,0.0037876993183804187,2.590407739643435e-15,53,144,8,0.07523399945737197,0.004038066761711982,1e-08,0.0,paper,0.13586167994079498,0.3685941941224726,0.024228400570271893,0.004038066761711982,0.9648173964483311,0.3685941941224726,0.375422995721288,0.034503832368490694,328988.540924182
22,10924.0,3.0344444444444445,all,1.0,0.07056979122196036,0.0037877071774383157,2.5829138656710896e-15,53,144,8,0.0752344624033768,0.004038075061022402,1e-08,4.726526147325844e-10,paper,0.13586167994079498,0.3685941941224726,0.024228400570271893,0.004038066761711982,0.9648173964483311,0.3685941941224726,0.375422995721288,0.034503832368490694,328988.540924182
22,10924.0,3.0344444444444445,all,2.5,0.07056979124688997,0.003787711380812529,2.529081871162297e-15,53,144,8,0.07523446243028283,0.004038079423365587,1e-08,1.1816315368314611e-09,paper,0.13586167994079498,0.3685941941224726,0.024228400570271893,0.004038066761711982,0.9648173964483311,0.3685941941224726,0.375422995721288,0.034503832368490694,328988.540924182
22,10924.0,3.0344444444444445,all,10.0,0.07056979125168394,0.003787742149753915,2.2791537901170244e-15,53,144,8,0.0752344624350878,0.004038111631771857,1e-08,4.7265261473258444e-09,paper,0.13586167994079498,0.3685941941224726,0.024228400570271893,0.004038066761711982,0.9648173964483311,0.3685941941224726,0.375422995721288,0.034503832368490694,328988.540924182
22,10924.0,3.0344444444444445,all,100.0,0.07056979125214916,0.0037881240558688776,2.609045690525452e-15,53,144,8,0.07523446243540494,0.004038511649742547,1e-08,4.7265261473258444e-08,paper,0.13586167994079498,0.3685941941224726,0.024228400570271893,0.004038066761711982,0.9648173964483311,0.3685941941224726,0.375422995721288,0.034503832368490694,328988.540924182
22,10924.0,3.0344444444444445,all,1000.0,0.0705697912527879,0.003791946335456924,2.4462945381787266e-15,53,144,8,0.07523446243540811,0.004042515260760547,1e-08,4.726526147325844e-07,paper,0.13586167994079498,0.3685941941224726,0.024228400570271893,0.004038066761711982,0.9648173964483311,0.3685941941224726,0.375422995721288,0.034503832368490694,328988.540924182
22,10924.0,3.0344444444444445,all,10000.0,0.0705697913366515,0.003830169449170313,2.5622282328454037e-15,53,144,8,0.07523446243540814,0.0040825517140719225,1e-08,4.726526147325844e-06,paper,0.13586167994079498,0.3685941941224726,0.024228400570271893,0.004038066761711982,0.9648173964483311,0.3685941941224726,0.375422995721288,0.034503832368490694,328988.540924182
23,11824.0,3.2844444444444445,maxwell,1.0,0.05329910327218006,4.324762035270765e-09,2.0708445904077045e-15,53,144,8,0.055378010620859515,4.448495197483147e-09,1e-08,4.726526147325844e-10,paper,0.14339731381175994,0.37867837779804636,0.022958959536972592,0.003826493256162099,0.9739529037437203,0.37867837779804636,0.38618582976774,0.043394457719034746,303449.34944645275
23,11824.0,3.2844444444444445,maxwell,2.5,0.05329910327227152,1.0811905088216704e-08,2.2061676164218454e-15,53,144,8,0.055378010620859515,1.112123799370787e-08,1e-08,1.1816315368314611e-09,paper,0.14339731381175994,0.37867837779804636,0.022958959536972592,0.003826493256162099,0.9739529037437203,0.37867837779804636,0.38618582976774,0.043394457719034746,303449.34944645275
23,11824.0,3.2844444444444445,maxwell,10.0,0.053299103272126724,4.324762035273825e-08,2.1735872905603208e-15,53,144,8,0.055378010620859515,4.448495197483148e-08,1e-08,4.7265261473258444e-09,paper,0.14339731381175994,0.37867837779804636,0.022958959536972592,0.003826493256162099,0.9739529037437203,0.37867837779804636,0.38618582976774,0.043394457719034746,303449.34944645275
23,11824.0,3.2844444444444445,maxwell,100.0,0.05329910327231332,4.3247620352984485e-07,2.4555732597151364e-15,53,144,8,0.055378010620859515,4.4484951974831477e-07,1e-08,4.7265261473258444e-08,paper,0.14339731381175994,0.37867837779804636,0.022958959536972592,0.003826493256162099,0.9739529037437203,0.37867837779804636,0.38618582976774,0.043394457719034746,303449.34944645275
23,11824.0,3.2844444444444445,maxwell,1000.0,0.05329910327292829,4.324762035244762e-06,2.300930367372739e-15,53,144,8,0.055378010620859515,4.448495197483147e-06,1e-08,4.726526147325844e-07,paper,0.14339731381175994,0.37867837779804636,0.022958959536972592,0.003826493256162099,0.9739529037437203,0.37867837779804636,0.38618582976774,0.043394457719034746,303449.34944645275
23,11824.0,3.2844444444444445,maxwell,10000.0,0.05329910333588897,4.3247620289304256e-05,2.5310200471679225e-15,53,144,8,0.055378010620859515,4.448495197483148e-05,1e-08,4.726526147325844e-06,paper,0.14339731381175994,0.37867837779804636,0.022958959536972592,0.003826493256162099,0.9739529037437203,0.37867837779804636,0.38618582976774,0.043394457719034746,303449.34944645275
23,11824.0,3.2844444444444445,grain,1.0,0.05329943993867849,4.40655297063525e-09,2.1090473464847154e-15,53,144,8,0.0553783604188146,4.578428649247949e-09,1e-08,0.0,paper,0.14339731381175994,0.37867837779804636,0.022958959536972592,0.003826493256162099,0.9739529037437203,0.37867837779804636,0.38618582976774,0.043394457719034746,303449.34944645275
23,11824.0,3.2844444444444445,grain,2.5,0.05329943998717422,1.7628748323450843e-09,2.177891737021716e-15,53,144,8,0.0553783604691511,1.8316349970598626e-09,1e-08,0.0,paper,0.14339731381175994,0.37867837779804636,0.022958959536972592,0.003826493256162099,0.9739529037437203,0.37867837779804636,0.38618582976774,0.043394457719034746,303449.34944645275
23,11824.0,3.2844444444444445,grain,10.0,0.05329943999560327,4.407300334035591e-10,1.9671058478962966e-15,53,144,8,0.05537836047814129,4.579205163210967e-10,1e-08,0.0,paper,0.14339731381175994,0.37867837779804636,0.022958959536972592,0.003826493256162099,0.9739529037437203,0.37867837779804636,0.38618582976774,0.043394457719034746,303449.34944645275
23,11824.0,3.2844444444444445,grain,100.0,0.053299439996174675,4.407307808935016e-11,1.965316018611071e-15,53,144,8,0.05537836047873466,4.5792129296807576e-11,1e-08,0.0,paper,0.14339731381175994,0.37867837779804636,0.022958959536972592,0.003826493256162099,0.9739529037437203,0.37867837779804636,0.38618582976774,0.043394457719034746,303449.34944645275
23,11824.0,3.2844444444444445,grain,1000.0,0.05329943999617596,4.407307883688764e-12,2.0071354786149284e-15,53,144,8,0.05537836047874059,4.579213007345588e-12,1e-08,0.0,paper,0.14339731381175994,0.37867837779804636,0.022958959536972592,0.003826493256162099,0.9739529037437203,0.37867837779804636,0.38618582976774,0.043394457719034746,303449.34944645275
23,11824.0,3.2844444444444445,grain,10000.0,0.05329943999620854,4.407307884420981e-13,2.046787878698576e-15,53,144,8,0.05537836047874065,4.579213008122236e-13,1e-08,0.0,paper,0.14339731381175994,0.37867837779804636,0.022958959536972592,0.003826493256162099,0.9739529037437203,0.37867837779804636,0.38618582976774,0.043394457719034746,303449.34944645275
23,11824.0,3.2844444444444445,interface,1.0,0.07539617611093306,0.0036828454731518637,2.4064740402759383e-15,53,144,8,0.07833697015783211,0.003826493256162099,1e-08,0.0,paper,0.14339731381175994,0.37867837779804636,0.022958959536972592,0.003826493256162099,0.9739529037437203,0.37867837779804636,0.38618582976774,0.043394457719034746,303449.34944645275
23,11824.0,3.2844444444444445,interface,2.5,0.07539617611093306,0.0036828454731518637,2.4064740402759383e-15,53,144,8,0.07833697015783211,0.003826493256162099,1e-08,0.0,paper,0.14339731381175994,0.37867837779804636,0.022958959536972592,0.003826493256162099,0.9739529037437203,0.37867837779804636,0.38618582976774,0.043394457719034746,303449.34944645275
23,11824.0,3.2844444444444445,interface,10.0,0.07539617611093306,0.0036828454731518637,2.4064740402759383e-15,53,144,8,0.07833697015783211,0.003826493256162099,1e-08,0.0,paper,0.14339731381175994,0.37867837779804636,0.022958959536972592,0.003826493256162099,0.9739529037437203,0.37867837779804636,0.38618582976774,0.043394457719034746,303449.34944645275
23,11824.0,3.2844444444444445,interface,100.0,0.07539617611093306,0.0036828454731518637,2.4064740402759383e-15,53,144,8,0.07833697015783211,0.003826493256162099,1e-08,0.0,paper,0.14339731381175994,0.37867837779804636,0.022958959536972592,0.003826493256162099,0.9739529037437203,0.37867837779804636,0.38618582976774,0.043394457719034746,303449.34944645275
23,11824.0,3.2844444444444445,interface,1000.0,0.07539617611093306,0.0036828454731518637,2.4064740402759383e-15,53,144,8,0.07833697015783211,0.003826493256162099,1e-08,0.0,paper,0.14339731381175994,0.37867837779804636,0.022958959536972592,0.003826493256162099,0.9739529037437203,0.37867837779804636,0.38618582976774,0.043394457719034746,303449.34944645275
23,11824.0,3.2844444444444445,interface,10000.0,0.07539617611093306,0.0036828454731518637,2.4064740402759383e-15,53,144,8,0.07833697015783211,0.003826493256162099,1e-08,0.0,paper,0.14339731381175994,0.37867837779804636,0.022958959536972592,0.003826493256162099,0.9739529037437203,0.37867837779804636,0.38618582976774,0.043394457719034746,303449.34944645275
23,11824.0,3.2844444444444445,all,1.0,0.07539651277769853,0.003682854204474034,2.4155696487498535e-15,53,144,8,0.07833731995578719,0.003826502283085946,1e-08,4.726526147325844e-10,paper,0.14339731381175994,0.37867837779804636,0.022958959536972592,0.003826493256162099,0.9739529037437203,0.37867837779804636,0.38618582976774,0.043394457719034746,303449.34944645275
23,11824.0,3.2844444444444445,all,2.5,0.07539651282592982,0.003682858047931705,2.5073755279250554e-15,53,144,8,0.0783373200061237,0.00382650620903509,1e-08,1.1816315368314611e-09,paper,0.14339731381175994,0.37867837779804636,0.022958959536972592,0.003826493256162099,0.9739529037437203,0.37867837779804636,0.38618582976774,0.043394457719034746,303449.34944645275
23,11824.0,3.2844444444444445,all,10.0,0.0753965128345182,0.0036828891615083804,2.796933137773713e-15,53,144,8,0.07833732001511388,0.0038265381990345904,1e-08,4.7265261473258444e-09,paper,0.14339731381175994,0.37867837779804636,0.022958959536972592,0.003826493256162099,0.9739529037437203,0.37867837779804636,0.38618582976774,0.043394457719034746,303449.34944645275
23,11824.0,3.2844444444444445,all,100.0,0.07539651283523646,0.003683277993450298,2.6791808912573675e-15,53,144,8,0.07833732001570726,0.003826938151473977,1e-08,4.7265261473258444e-08,paper,0.14339731381175994,0.37867837779804636,0.022958959536972592,0.003826493256162099,0.9739529037437203,0.37867837779804636,0.38618582976774,0.043394457719034746,303449.34944645275
23,11824.0,3.2844444444444445,all,1000.0,0.07539651283586299,0.0036871702395979635,2.4071480679508798e-15,53,144,8,0.07833732001571318,0.0038309417559387955,1e-08,4.726526147325844e-07,paper,0.14339731381175994,0.37867837779804636,0.022958959536972592,0.003826493256162099,0.9739529037437203,0.37867837779804636,0.38618582976774,0.043394457719034746,303449.34944645275
23,11824.0,3.2844444444444445,all,10000.0,0.07539651288040877,0.003726093091822805,2.666540938491728e-15,53,144,8,0.07833732001571325,0.003870978208594852,1e-08,4.726526147325844e-06,paper,0.14339731381175994,0.37867837779804636,0.022958959536972592,0.003826493256162099,0.9739529037437203,0.37867837779804636,0.38618582976774,0.043394457719034746,303449.34944645275
24,12724.0,3.5344444444444445,maxwell,1.0,0.05677263519238287,4.378523662325698e-09,2.537394428341572e-15,53,144,8,0.058122457304818374,4.448495197483147e-09,1e-08,4.726526147325844e-10,paper,0.14642310858621496,0.3826527258314188,0.013544172296337762,0.002257362049389627,0.9813373545536541,0.3826527258314188,0.396948663814192,0.03562597122056989,177154.49428599013
24,12724.0,3.5344444444444445,maxwell,2.5,0.05677263519252609,1.094630915590439e-08,2.0039811584532395e-15,53,144,8,0.058122457304818374,1.112123799370787e-08,1e-08,1.1816315368314611e-09,paper,0.14642310858621496,0.3826527258314188,0.013544172296337762,0.002257362049389627,0.9813373545536541,0.3826527258314188,0.396948663814192,0.03562597122056989,177154.49428599013
24,12724.0,3.5344444444444445,maxwell,10.0,0.05677263519249421,4.378523662353345e-08,2.208504337340338e-15,53,144,8,0.058122457304818374,4.448495197483148e-08,1e-08,4.7265261473258444e-09,paper,0.14642310858621496,0.3826527258314188,0.013544172296337762,0.002257362049389627,0.9813373545536541,0.3826527258314188,0.396948663814192,0.03562597122056989,177154.49428599013
24,12724.0,3.5344444444444445,maxwell,100.0,0.05677263519246204,4.378523662342573e-07,2.3581268418045553e-15,53,144,8,0.058122457304818374,4.4484951974831477e-07,1e-08,4.7265261473258444e-08,paper,0.14642310858621496,0.3826527258314188,0.013544172296337762,0.002257362049389627,0.9813373545536541,0.3826527258314188,0.396948663814192,0.03562597122056989,177154.49428599013
24,12724.0,3.5344444444444445,maxwell,1000.0,0.056772635193120494,4.378523662282005e-06,2.2952409444288403e-15,53,144,8,0.058122457304818374,4.448495197483147e-06,1e-08,4.726526147325844e-07,paper,0.14642310858621496,0.3826527258314188,0.013544172296337762,0.002257362049389627,0.9813373545536541,0.3826527258314188,0.396948663814192,0.03562597122056989,177154.49428599013
24,12724.0,3.5344444444444445,maxwell,10000.0,0.05677263526127402,4.3785236553009584e-05,2.1902097280507206e-15,53,144,8,0.058122457304818374,4.448495197483148e-05,1e-08,4.726526147325844e-06,paper,0.14642310858621496,0.3826527258314188,0.013544172296337762,0.002257362049389627,0.9813373545536541,0.3826527258314188,0.396948663814192,0.03562597122056989,177154.49428599013
24,12724.0,3.5344444444444445,grain,1.0,0.05677293113927436,7.113860758206944e-09,2.1112733219584035e-15,53,144,8,0.05812276028812876,7.282999493093157e-09,1e-08,0.0,paper,0.14642310858621496,0.3826527258314188,0.013544172296337762,0.002257362049389627,0.9813373545536541,0.3826527258314188,0.396948663814192,0.03562597122056989,177154.49428599013
24,12724.0,3.5344444444444445,grain,2.5,0.056772931282932426,2.846925284060013e-09,2.1544758544614397e-15,53,144,8,0.05812276043517062,2.9146136121411995e-09,1e-08,0.0,paper,0.14642310858621496,0.3826527258314188,0.013544172296337762,0.002257362049389627,0.9813373545536541,0.3826527258314188,0.396948663814192,0.03562597122056989,177154.49428599013
24,12724.0,3.5344444444444445,grain,10.0,0.05677293130867171,7.117930072106614e-10,2.1051458064586183e-15,53,144,8,0.058122760461443115,7.287165558765027e-10,1e-08,0.0,paper,0.14642310858621496,0.3826527258314188,0.013544172296337762,0.002257362049389627,0.9813373545536541,0.3826527258314188,0.396948663814192,0.03562597122056989,177154.49428599013
24,12724.0,3.5344444444444445,grain,100.0,0.056772931310310346,7.117970788747841e-11,1.978701492146767e-15,53,144,8,0.058122760463177256,7.287207243491174e-11,1e-08,0.0,paper,0.14642310858621496,0.3826527258314188,0.013544172296337762,0.002257362049389627,0.9813373545536541,0.3826527258314188,0.396948663814192,0.03562597122056989,177154.49428599013
24,12724.0,3.5344444444444445,grain,1000.0,0.05677293131047809,7.117971195944619e-12,2.012577372353495e-15,53,144,8,0.058122760463194596,7.287207660340845e-12,1e-08,0.0,paper,0.14642310858621496,0.3826527258314188,0.013544172296337762,0.002257362049389627,0.9813373545536541,0.3826527258314188,0.396948663814192,0.03562597122056989,177154.49428599013
24,12724.0,3.5344444444444445,grain,10000.0,0.056772931310599496,7.117971199975796e-13,1.9788855437128083e-15,53,144,8,0.05812276046319477,7.287207664509343e-13,1e-08,0.0,paper,0.14642310858621496,0.3826527258314188,0.013544172296337762,0.002257362049389627,0.9813373545536541,0.3826527258314188,0.396948663814192,0.03562597122056989,177154.49428599013
24,12724.0,3.5344444444444445,interface,1.0,0.07000226069131729,0.0022049375831296185,2.490248725633606e-15,53,144,8,0.07166662960115613,0.002257362049389627,1e-08,0.0,paper,0.14642310858621496,0.3826527258314188,0.013544172296337762,0.002257362049389627,0.9813373545536541,0.3826527258314188,0.396948663814192,0.03562597122056989,177154.49428599013
24,12724.0,3.5344444444444445,interface,2.5,0.07000226069131729,0.0022049375831296185,2.490248725633606e-15,53,144,8,0.07166662960115613,0.002257362049389627,1e-08,0.0,paper,0.14642310858621496,0.3826527258314188,0.013544172296337762,0.002257362049389627,0.9813373545536541,0.3826527258314188,0.396948663814192,0.03562597122056989,177154.49428599013
24,12724.0,3.5344444444444445,interface,10.0,0.07000226069131729,0.0022049375831296185,2.490248725633606e-15,53,144,8,0.07166662960115613,0.002257362049389627,1e-08,0.0,paper,0.14642310858621496,0.3826527258314188,0.013544172296337762,0.002257362049389627,0.9813373545536541,0.3826527258314188,0.396948663814192,0.03562597122056989,177154.49428599013
24,12724.0,3.5344444444444445,interface,100.0,0.07000226069131729,0.0022049375831296185,2.490248725633606e-15,53,144,8,0.07166662960115613,0.002257362049389627,1e-08,0.0,paper,0.14642310858621496,0.3826527258314188,0.013544172296337762,0.002257362049389627,0.9813373545536541,0.3826527258314188,0.396948663814192,0.03562597122056989,177154.49428599013
24,12724.0,3.5344444444444445,interface,1000.0,0.07000226069131729,0.0022049375831296185,2.490248725633606e-15,53,144,8,0.07166662960115613,0.002257362049389627,1e-08,0.0,paper,0.14642310858621496,0.3826527258314188,0.013544172296337762,0.002257362049389627,0.9813373545536541,0.3826527258314188,0.396948663814192,0.03562597122056989,177154.49428599013
24,12724.0,3.5344444444444445,interface,10000.0,0.07000226069131729,0.0022049375831296185,2.490248725633606e-15,53,144,8,0.07166662960115613,0.002257362049389627,1e-08,0.0,paper,0.14642310858621496,0.3826527258314188,0.013544172296337762,0.002257362049389627,0.9813373545536541,0.3826527258314188,0.396948663814192,0.03562597122056989,177154.49428599013
24,12724.0,3.5344444444444445,all,1.0,0.07000255663788305,0.0022049490755139517,2.608518128175497e-15,53,144,8,0.07166693258446652,0.0022573737808843177,1e-08,4.726526147325844e-10,paper,0.14642310858621496,0.3826527258314188,0.013544172296337762,0.002257362049389627,0.9813373545536541,0.3826527258314188,0.396948663814192,0.03562597122056989,177154.49428599013
24,12724.0,3.5344444444444445,all,2.5,0.07000255678176352,0.002204951376357327,2.3092785242836037e-15,53,144,8,0.07166693273150838,0.002257376085241233,1e-08,1.1816315368314611e-09,paper,0.14642310858621496,0.3826527258314188,0.013544172296337762,0.002257362049389627,0.9813373545536541,0.3826527258314188,0.396948663814192,0.03562597122056989,177154.49428599013
24,12724.0,3.5344444444444445,all,10.0,0.07000255680763716,0.0022049820801566668,2.6511000278785393e-15,53,144,8,0.07166693275778088,0.0022574072630581576,1e-08,4.7265261473258444e-09,paper,0.14642310858621496,0.3826527258314188,0.013544172296337762,0.002257362049389627,0.9813373545536541,0.3826527258314188,0.396948663814192,0.03562597122056989,177154.49428599013
24,12724.0,3.5344444444444445,all,100.0,0.07000255680910192,0.00220537550668284,2.4516273011492745e-15,53,144,8,0.07166693275951502,0.002257806971781448,1e-08,4.7265261473258444e-08,paper,0.14642310858621496,0.3826527258314188,0.013544172296337762,0.002257362049389627,0.9813373545536541,0.3826527258314188,0.396948663814192,0.03562597122056989,177154.49428599013
24,12724.0,3.5344444444444445,all,1000.0,0.07000255680963907,0.0022093161139067146,2.403671527318966e-15,53,144,8,0.07166693275953236,0.002261810551874318,1e-08,4.726526147325844e-07,paper,0.14642310858621496,0.3826527258314188,0.013544172296337762,0.002257362049389627,0.9813373545536541,0.3826527258314188,0.396948663814192,0.03562597122056989,177154.49428599013
24,12724.0,3.5344444444444445,all,10000.0,0.07000255686513951,0.002248722818725689,2.4308749998693996e-15,53,144,8,0.07166693275953254,0.0023018470020931795,1e-08,4.726526147325844e-06,paper,0.14642310858621496,0.3826527258314188,0.013544172296337762,0.002257362049389627,0.9813373545536541,0.3826527258314188,0.396948663814192,0.03562597122056989,177154.49428599013
25,13624.0,3.7844444444444445,maxwell,1.0,0.07212991387857827,4.418393078781165e-09,2.3555909319747034e-15,53,144,8,0.07290860621057643,4.448495197483147e-09,1e-08,4.726526147325844e-10,paper,0.17882401304143902,0.42287588373119483,0.026422173580743998,0.004403695596790666,0.9880157004316031,0.42287588373119483,0.407711497860644,0.09860086878897314,312723.22708002036
25,13624.0,3.7844444444444445,maxwell,2.5,0.07212991387851331,1.1045982696952794e-08,2.2478797639704724e-15,53,144,8,0.07290860621057643,1.112123799370787e-08,1e-08,1.1816315368314611e-09,paper,0.17882401304143902,0.42287588373119483,0.026422173580743998,0.004403695596790666,0.9880157004316031,0.42287588373119483,0.407711497860644,0.09860086878897314,312723.22708002036
25,13624.0,3.7844444444444445,maxwell,10.0,0.0721299138786288,4.4183930788059626e-08,2.557114995786496e-15,53,144,8,0.07290860621057643,4.448495197483148e-08,1e-08,4.7265261473258444e-09,paper,0.17882401304143902,0.42287588373119483,0.026422173580743998,0.004403695596790666,0.9880157004316031,0.42287588373119483,0.407711497860644,0.09860086878897314,312723.22708002036
25,13624.0,3.7844444444444445,maxwell,100.0,0.0721299138786407,4.4183930787962833e-07,2.6106602803158213e-15,53,144,8,0.07290860621057643,4.4484951974831477e-07,1e-08,4.7265261473258444e-08,paper,0.17882401304143902,0.42287588373119483,0.026422173580743998,0.004403695596790666,0.9880157004316031,0.42287588373119483,0.407711497860644,0.09860086878897314,312723.22708002036
25,13624.0,3.7844444444444445,maxwell,1000.0,0.07212991387874901,4.418393078767016e-06,2.4351423859578025e-15,53,144,8,0.07290860621057643,4.448495197483147e-06,1e-08,4.726526147325844e-07,paper,0.17882401304143902,0.42287588373119483,0.026422173580743998,0.004403695596790666,0.9880157004316031,0.42287588373119483,0.407711497860644,0.09860086878897314,312723.22708002036
25,13624.0,3.7844444444444445,maxwell,10000.0,0.07212991391251686,4.418393075847694e-05,2.374664478798848e-15,53,144,8,0.07290860621057643,4.448495197483148e-05,1e-08,4.726526147325844e-06,paper,0.17882401304143902,0.42287588373119483,0.026422173580743998,0.004403695596790666,0.9880157004316031,0.42287588373119483,0.407711497860644,0.09860086878897314,312723.22708002036
25,13624.0,3.7844444444444445,grain,1.0,0.07213009529065378,1.0733528404597869e-08,2.3135151481934567e-15,53,144,8,0.0729087895813599,1.0849404326460413e-08,1e-08,0.0,paper,0.17882401304143902,0.42287588373119483,0.026422173580743998,0.004403695596790666,0.9880157004316031,0.42287588373119483,0.407711497860644,0.09860086878897314,312723.22708002036
25,13624.0,3.7844444444444445,grain,2.5,0.07213009582356744,4.306029349888444e-09,2.2339294017575467e-15,53,144,8,0.07290879012027178,4.352515938603391e-09,1e-08,0.0,paper,0.17882401304143902,0.42287588373119483,0.026422173580743998,0.004403695596790666,0.9880157004316031,0.42287588373119483,0.407711497860644,0.09860086878897314,312723.22708002036
25,13624.0,3.7844444444444445,grain,10.0,0.0721300959192829,1.0770725926617512e-09,2.093401665862308e-15,53,144,8,0.07290879021683953,1.0887003421640917e-09,1e-08,0.0,paper,0.17882401304143902,0.42287588373119483,0.026422173580743998,0.004403695596790666,0.9880157004316031,0.42287588373119483,0.407711497860644,0.09860086878897314,312723.22708002036
25,13624.0,3.7844444444444445,grain,100.0,0.07213009592575967,1.0771099203853018e-10,2.1190362899119246e-15,53,144,8,0.07290879022321659,1.08873807286819e-10,1e-08,0.0,paper,0.17882401304143902,0.42287588373119483,0.026422173580743998,0.004403695596790666,0.9880157004316031,0.42287588373119483,0.407711497860644,0.09860086878897314,312723.22708002036
25,13624.0,3.7844444444444445,grain,1000.0,0.07213009592547773,1.0771102936789889e-11,2.0591865846899793e-15,53,144,8,0.07290879022328035,1.088738450188438e-11,1e-08,0.0,paper,0.17882401304143902,0.42287588373119483,0.026422173580743998,0.004403695596790666,0.9880157004316031,0.42287588373119483,0.407711497860644,0.09860086878897314,312723.22708002036
25,13624.0,3.7844444444444445,grain,10000.0,0.07213009592566882,1.0771102974123333e-12,2.0504157955499965e-15,53,144,8,0.07290879022328099,1.0887384539616418e-12,1e-08,0.0,paper,0.17882401304143902,0.42287588373119483,0.026422173580743998,0.004403695596790666,0.9880157004316031,0.42287588373119483,0.407711497860644,0.09860086878897314,312723.22708002036
25,13624.0,3.7844444444444445,interface,1.0,0.09826988821244936,0.004356662389110544,2.488137956486239e-15,53,144,8,0.09933077979132043,0.004403695596790666,1e-08,0.0,paper,0.17882401304143902,0.42287588373119483,0.026422173580743998,0.004403695596790666,0.9880157004316031,0.42287588373119483,0.407711497860644,0.09860086878897314,312723.22708002036
25,13624.0,3.7844444444444445,interface,2.5,0.09826988821244936,0.004356662389110544,2.488137956486239e-15,53,144,8,0.09933077979132043,0.004403695596790666,1e-08,0.0,paper,0.17882401304143902,0.42287588373119483,0.026422173580743998,0.004403695596790666,0.9880157004316031,0.42287588373119483,0.407711497860644,0.09860086878897314,312723.22708002036
25,13624.0,3.7844444444444445,interface,10.0,0.09826988821244936,0.004356662389110544,2.488137956486239e-15,53,144,8,0.09933077979132043,0.004403695596790666,1e-08,0.0,paper,0.17882401304143902,0.42287588373119483,0.026422173580743998,0.004403695596790666,0.9880157004316031,0.42287588373119483,0.407711497860644,0.09860086878897314,312723.22708002036
25,13624.0,3.7844444444444445,interface,100.0,0.09826988821244936,0.004356662389110544,2.488137956486239e-15,53,144,8,0.09933077979132043,0.004403695596790666,1e-08,0.0,paper,0.17882401304143902,0.42287588373119483,0.026422173580743998,0.004403695596790666,0.9880157004316031,0.42287588373119483,0.407711497860644,0.09860086878897314,312723.22708002036
25,13624.0,3.7844444444444445,interface,1000.0,0.09826988821244936,0.004356662389110544,2.488137956486239e-15,53,144,8,0.09933077979132043,0.004403695596790666,1e-08,0.0,paper,0.17882401304143902,0.42287588373119483,0.026422173580743998,0.004403695596790666,0.9880157004316031,0.42287588373119483,0.407711497860644,0.09860086878897314,312723.22708002036
25,13624.0,3.7844444444444445,interface,10000.0,0.09826988821244936,0.004356662389110544,2.488137956486239e-15,53,144,8,0.09933077979132043,0.004403695596790666,1e-08,0.0,paper,0.17882401304143902,0.42287588373119483,0.026422173580743998,0.004403695596790666,0.9880157004316031,0.42287588373119483,0.407711497860644,0.09860086878897314,312723.22708002036
25,13624.0,3.7844444444444445,all,1.0,0.09827006962526272,0.004356677541038787,2.2407387206225154e-15,53,144,8,0.09933096316210391,0.00440371089469019,1e-08,4.726526147325844e-10,paper,0.17882401304143902,0.42287588373119483,0.026422173580743998,0.004403695596790666,0.9880157004316031,0.42287588373119483,0.407711497860644,0.09860086878897314,312723.22708002036
25,13624.0,3.7844444444444445,all,2.5,0.09827007015860509,0.004356677741135711,2.3936038893252003e-15,53,144,8,0.09933096370101578,0.004403711070544599,1e-08,1.1816315368314611e-09,paper,0.17882401304143902,0.42287588373119483,0.026422173580743998,0.004403695596790666,0.9880157004316031,0.42287588373119483,0.407711497860644,0.09860086878897314,312723.22708002036
25,13624.0,3.7844444444444445,all,10.0,0.09827007025387602,0.004356707650114366,2.4219764072773525e-15,53,144,8,0.09933096379758354,0.004403741170442984,1e-08,4.7265261473258444e-09,paper,0.17882401304143902,0.42287588373119483,0.026422173580743998,0.004403695596790666,0.9880157004316031,0.42287588373119483,0.407711497860644,0.09860086878897314,312723.22708002036
25,13624.0,3.7844444444444445,all,100.0,0.09827007025993142,0.004357104336128197,2.4493229919678762e-15,53,144,8,0.09933096380396059,0.004404140555184222,1e-08,4.7265261473258444e-08,paper,0.17882401304143902,0.42287588373119483,0.026422173580743998,0.004403695596790666,0.9880157004316031,0.42287588373119483,0.407711497860644,0.09860086878897314,312723.22708002036
25,13624.0,3.7844444444444445,all,1000.0,0.09827007026060297,0.004361080792940574,2.4273301595210986e-15,53,144,8,0.09933096380402436,0.004408144102875534,1e-08,4.726526147325844e-07,paper,0.17882401304143902,0.42287588373119483,0.026422173580743998,0.004403695596790666,0.9880157004316031,0.42287588373119483,0.407711497860644,0.09860086878897314,312723.22708002036
25,13624.0,3.7844444444444445,all,10000.0,0.09827007028551944,0.004400846319884763,2.255434501646333e-15,53,144,8,0.099330963804025,0.004448180549854236,1e-08,4.726526147325844e-06,paper,0.17882401304143902,0.42287588373119483,0.026422173580743998,0.004403695596790666,0.9880157004316031,0.42287588373119483,0.407711497860644,0.09860086878897314,312723.22708002036
26,14524.0,4.0344444444444445,maxwell,1.0,0.07156251565502675,4.4472739394604e-09,2.8401159318377107e-15,53,144,8,0.07159205005712527,4.448495197483147e-09,1e-08,4.726526147325844e-10,paper,0.17107871283493478,0.4136166254334257,0.00805388429375069,0.001342314048958448,0.9941526774241723,0.4136166254334257,0.41847433190709604,0.06336907410629654,97456.74791895306
26,14524.0,4.0344444444444445,maxwell,2.5,0.07156251565534294,1.111818484871169e-08,2.365582870377642e-15,53,144,8,0.07159205005712527,1.112123799370787e-08,1e-08,1.1816315368314611e-09,paper,0.17107871283493478,0.4136166254334257,0.00805388429375069,0.001342314048958448,0.9941526774241723,0.4136166254334257,0.41847433190709604,0.06336907410629654,97456.74791895306
26,14524.0,4.0344444444444445,maxwell,10.0,0.07156251565526071,4.4472739394937625e-08,2.2009795926391766e-15,53,144,8,0.07159205005712527,4.448495197483148e-08,1e-08,4.7265261473258444e-09,paper,0.17107871283493478,0.4136166254334257,0.00805388429375069,0.001342314048958448,0.9941526774241723,0.4136166254334257,0.41847433190709604,0.06336907410629654,97456.74791895306
26,14524.0,4.0344444444444445,maxwell,100.0,0.07156251565529631,4.447273939486095e-07,2.345228788574907e-15,53,144,8,0.07159205005712527,4.4484951974831477e-07,1e-08,4.7265261473258444e-08,paper,0.17107871283493478,0.4136166254334257,0.00805388429375069,0.001342314048958448,0.9941526774241723,0.4136166254334257,0.41847433190709604,0.06336907410629654,97456.74791895306
26,14524.0,4.0344444444444445,maxwell,1000.0,0.07156251565515641,4.447273939466068e-06,2.5688993122329727e-15,53,144,8,0.07159205005712527,4.448495197483147e-06,1e-08,4.726526147325844e-07,paper,0.17107871283493478,0.4136166254334257,0.00805388429375069,0.001342314048958448,0.9941526774241723,0.4136166254334257,0.41847433190709604,0.06336907410629654,97456.74791895306
26,14524.0,4.0344444444444445,maxwell,10000.0,0.07156251565603794,4.447273939413223e-05,2.447516457578243e-15,53,144,8,0.07159205005712527,4.448495197483148e-05,1e-08,4.726526147325844e-06,paper,0.17107871283493478,0.4136166254334257,0.00805388429375069,0.001342314048958448,0.9941526774241723,0.4136166254334257,0.41847433190709604,0.06336907410629654,97456.74791895306
26,14524.0,4.0344444444444445,grain,1.0,0.07156253641040249,2.1839274612102787e-08,2.312171569470653e-15,53,144,8,0.07159207082081565,2.1848287853055322e-08,1e-08,0.0,paper,0.17107871283493478,0.4136166254334257,0.00805388429375069,0.001342314048958448,0.9941526774241723,0.4136166254334257,0.41847433190709604,0.06336907410629654,97456.74791895306
26,14524.0,4.0344444444444445,grain,2.5,0.07156255280844788,1.5637642601096004e-08,2.2459923184773143e-15,53,144,8,0.0715920872258471,1.5644096379585995e-08,1e-08,0.0,paper,0.17107871283493478,0.4136166254334257,0.00805388429375069,0.001342314048958448,0.9941526774241723,0.4136166254334257,0.41847433190709604,0.06336907410629654,97456.74791895306
26,14524.0,4.0344444444444445,grain,10.0,0.07156255891122239,4.55157501346256e-09,2.2175836567001015e-15,53,144,8,0.0715920933312248,4.5534534844015484e-09,1e-08,0.0,paper,0.17107871283493478,0.4136166254334257,0.00805388429375069,0.001342314048958448,0.9941526774241723,0.4136166254334257,0.41847433190709604,0.06336907410629654,97456.74791895306
26,14524.0,4.0344444444444445,grain,100.0,0.07156255938539613,4.6014605384045285e-10,2.0495113897662398e-15,53,144,8,0.07159209380551142,4.6033595974788903e-10,1e-08,0.0,paper,0.17107871283493478,0.4136166254334257,0.00805388429375069,0.001342314048958448,0.9941526774241723,0.4136166254334257,0.41847433190709604,0.06336907410629654,97456.74791895306
26,14524.0,4.0344444444444445,grain,1000.0,0.07156255939036262,4.6019649164019024e-11,2.0893250187998563e-15,53,144,8,0.0715920938103068,4.6038641836514073e-11,1e-08,0.0,paper,0.17107871283493478,0.4136166254334257,0.00805388429375069,0.001342314048958448,0.9941526774241723,0.4136166254334257,0.41847433190709604,0.06336907410629654,97456.74791895306
26,14524.0,4.0344444444444445,grain,10000.0,0.07156255939041924,4.601969960767096e-12,2.0548932927025723e-15,53,144,8,0.07159209381035475,4.603869230071753e-12,1e-08,0.0,paper,0.17107871283493478,0.4136166254334257,0.00805388429375069,0.001342314048958448,0.9941526774241723,0.4136166254334257,0.41847433190709604,0.06336907410629654,97456.74791895306
26,14524.0,4.0344444444444445,interface,1.0,0.07961307741853245,0.0013417602938972286,2.5623379179358134e-15,53,144,8,0.07964593435087595,0.001342314048958448,1e-08,0.0,paper,0.17107871283493478,0.4136166254334257,0.00805388429375069,0.001342314048958448,0.9941526774241723,0.4136166254334257,0.41847433190709604,0.06336907410629654,97456.74791895306
26,14524.0,4.0344444444444445,interface,2.5,0.07961307741853245,0.0013417602938972286,2.5623379179358134e-15,53,144,8,0.07964593435087595,0.001342314048958448,1e-08,0.0,paper,0.17107871283493478,0.4136166254334257,0.00805388429375069,0.001342314048958448,0.9941526774241723,0.4136166254334257,0.41847433190709604,0.06336907410629654,97456.74791895306
26,14524.0,4.0344444444444445,interface,10.0,0.07961307741853245,0.0013417602938972286,2.5623379179358134e-15,53,144,8,0.07964593435087595,0.001342314048958448,1e-08,0.0,paper,0.17107871283493478,0.4136166254334257,0.00805388429375069,0.001342314048958448,0.9941526774241723,0.4136166254334257,0.41847433190709604,0.06336907410629654,97456.74791895306
26,14524.0,4.0344444444444445,interface,100.0,0.07961307741853245,0.0013417602938972286,2.5623379179358134e-15,53,144,8,0.07964593435087595,0.001342314048958448,1e-08,0.0,paper,0.17107871283493478,0.4136166254334257,0.00805388429375069,0.001342314048958448,0.9941526774241723,0.4136166254334257,0.41847433190709604,0.06336907410629654,97456.74791895306
26,14524.0,4.0344444444444445,interface,1000.0,0.07961307741853245,0.0013417602938972286,2.5623379179358134e-15,53,144,8,0.07964593435087595,0.001342314048958448,1e-08,0.0,paper,0.17107871283493478,0.4136166254334257,0.00805388429375069,0.001342314048958448,0.9941526774241723,0.4136166254334257,0.41847433190709604,0.06336907410629654,97456.74791895306
26,14524.0,4.0344444444444445,interface,10000.0,0.07961307741853245,0.0013417602938972286,2.5623379179358134e-15,53,144,8,0.07964593435087595,0.001342314048958448,1e-08,0.0,paper,0.17107871283493478,0.4136166254334257,0.00805388429375069,0.001342314048958448,0.9941526774241723,0.4136166254334257,0.41847433190709604,0.06336907410629654,97456.74791895306
26,14524.0,4.0344444444444445,all,1.0,0.07961309817374634,0.0013417865804442074,2.644052919902052e-15,53,144,8,0.07964595511456633,0.0013423403457414986,1e-08,4.726526147325844e-10,paper,0.17107871283493478,0.4136166254334257,0.00805388429375069,0.001342314048958448,0.9941526774241723,0.4136166254334257,0.41847433190709604,0.06336907410629654,97456.74791895306
26,14524.0,4.0344444444444445,all,2.5,0.07961311457176712,0.0013417870497242363,2.4529335957330403e-15,53,144,8,0.07964597151959779,0.0013423408142928213,1e-08,1.1816315368314611e-09,paper,0.17107871283493478,0.4136166254334257,0.00805388429375069,0.001342314048958448,0.9941526774241723,0.4136166254334257,0.41847433190709604,0.06336907410629654,97456.74791895306
26,14524.0,4.0344444444444445,all,10.0,0.07961312067488951,0.0013418093182093738,2.652518782150934e-15,53,144,8,0.07964597762497548,0.0013423630873639072,1e-08,4.7265261473258444e-09,paper,0.17107871283493478,0.4136166254334257,0.00805388429375069,0.001342314048958448,0.9941526774241723,0.4136166254334257,0.41847433190709604,0.06336907410629654,97456.74791895306
26,14524.0,4.0344444444444445,all,100.0,0.07961312114876112,0.0013422054814315467,2.8189212825008668e-15,53,144,8,0.0796459780992621,0.0013427593588141561,1e-08,4.7265261473258444e-08,paper,0.17107871283493478,0.4136166254334257,0.00805388429375069,0.001342314048958448,0.9941526774241723,0.4136166254334257,0.41847433190709604,0.06336907410629654,97456.74791895306
26,14524.0,4.0344444444444445,all,1000.0,0.07961312115368457,0.0013462076138555676,2.4852002967603606e-15,53,144,8,0.07964597810405749,0.001346762590194573,1e-08,4.726526147325844e-07,paper,0.17107871283493478,0.4136166254334257,0.00805388429375069,0.001342314048958448,0.9941526774241723,0.4136166254334257,0.41847433190709604,0.06336907410629654,97456.74791895306
26,14524.0,4.0344444444444445,all,10000.0,0.07961312115472739,0.0013862330378802646,2.4879376751804566e-15,53,144,8,0.07964597810410544,0.0013867990055371486,1e-08,4.726526147325844e-06,paper,0.17107871283493478,0.4136166254334257,0.00805388429375069,0.001342314048958448,0.9941526774241723,0.4136166254334257,0.41847433190709604,0.06336907410629654,97456.74791895306
27,15424.0,4.2844444444444445,maxwell,1.0,0.34808651923068984,4.4484951974724225e-09,2.2036074548802478e-15,53,144,8,0.3480865192309997,4.448495197483147e-09,1e-08,4.726526147325844e-10,paper,0.8109421709970697,0.9005232762105984,0.0,0.0,1.0,0.9005232762105984,0.429237165953548,0.06943887060586026,0.0
27,15424.0,4.2844444444444445,maxwell,2.5,0.34808651923244366,1.1121237993752871e-08,2.4127177471836963e-15,53,144,8,0.3480865192309997,1.112123799370787e-08,1e-08,1.1816315368314611e-09,paper,0.8109421709970697,0.9005232762105984,0.0,0.0,1.0,0.9005232762105984,0.429237165953548,0.06943887060586026,0.0
27,15424.0,4.2844444444444445,maxwell,10.0,0.34808651923243034,4.4484951974998634e-08,2.423846187738679e-15,53,144,8,0.3480865192309997,4.448495197483148e-08,1e-08,4.7265261473258444e-09,paper,0.8109421709970697,0.9005232762105984,0.0,0.0,1.0,0.9005232762105984,0.429237165953548,0.06943887060586026,0.0
27,15424.0,4.2844444444444445,maxwell,100.0,0.34808651923093153,4.44849519747296e-07,2.5353274713165286e-15,53,144,8,0.3480865192309997,4.4484951974831477e-07,1e-08,4.7265261473258444e-08,paper,0.8109421709970697,0.9005232762105984,0.0,0.0,1.0,0.9005232762105984,0.429237165953548,0.06943887060586026,0.0
27,15424.0,4.2844444444444445,maxwell,1000.0,0.3480865192317467,4.448495197471775e-06,2.1294655112768016e-15,53,144,8,0.3480865192309997,4.448495197483147e-06,1e-08,4.726526147325844e-07,paper,0.8109421709970697,0.9005232762105984,0.0,0.0,1.0,0.9005232762105984,0.429237165953548,0.06943887060586026,0.0
27,15424.0,4.2844444444444445,maxwell,10000.0,0.34808651923116835,4.448495197494158e-05,2.5868628238884542e-15,53,144,8,0.3480865192309997,4.448495197483148e-05,1e-08,4.726526147325844e-06,paper,0.8109421709970697,0.9005232762105984,0.0,0.0,1.0,0.9005232762105984,0.429237165953548,0.06943887060586026,0.0
27,15424.0,4.2844444444444445,grain,1.0,0.34808651923160855,0.0,2.0910309818405993e-15,53,144,8,0.3480865192309997,0.0,1e-08,0.0,paper,0.8109421709970697,0.9005232762105984,0.0,0.0,1.0,0.9005232762105984,0.429237165953548,0.06943887060586026,0.0
27,15424.0,4.2844444444444445,grain,2.5,0.34808651923160855,0.0,2.0910309818405993e-15,53,144,8,0.3480865192309997,0.0,1e-08,0.0,paper,0.8109421709970697,0.9005232762105984,0.0,0.0,1.0,0.9005232762105984,0.429237165953548,0.06943887060586026,0.0
27,15424.0,4.2844444444444445,grain,10.0,0.34808651923160855,0.0,2.0910309818405993e-15,53,144,8,0.3480865192309997,0.0,1e-08,0.0,paper,0.8109421709970697,0.9005232762105984,0.0,0.0,1.0,0.9005232762105984,0.429237165953548,0.06943887060586026,0.0
27,15424.0,4.2844444444444445,grain,100.0,0.34808651923160855,0.0,2.0910309818405993e-15,53,144,8,0.3480865192309997,0.0,1e-08,0.0,paper,0.8109421709970697,0.9005232762105984,0.0,0.0,1.0,0.9005232762105984,0.429237165953548,0.06943887060586026,0.0
27,15424.0,4.2844444444444445,grain,1000.0,0.34808651923160855,0.0,2.0910309818405993e-15,53,144,8,0.3480865192309997,0.0,1e-08,0.0,paper,0.8109421709970697,0.9005232762105984,0.0,0.0,1.0,0.9005232762105984,0.429237165953548,0.06943887060586026,0.0
27,15424.0,4.2844444444444445,grain,10000.0,0.34808651923160855,0.0,2.0910309818405993e-15,53,144,8,0.3480865192309997,0.0,1e-08,0.0,paper,0.8109421709970697,0.9005232762105984,0.0,0.0,1.0,0.9005232762105984,0.429237165953548,0.06943887060586026,0.0
27,15424.0,4.2844444444444445,interface,1.0,0.34808651923160855,0.0,2.0910309818405993e-15,53,144,8,0.3480865192309997,0.0,1e-08,0.0,paper,0.8109421709970697,0.9005232762105984,0.0,0.0,1.0,0.9005232762105984,0.429237165953548,0.06943887060586026,0.0
27,15424.0,4.2844444444444445,interface,2.5,0.34808651923160855,0.0,2.0910309818405993e-15,53,144,8,0.3480865192309997,0.0,1e-08,0.0,paper,0.8109421709970697,0.9005232762105984,0.0,0.0,1.0,0.9005232762105984,0.429237165953548,0.06943887060586026,0.0
27,15424.0,4.2844444444444445,interface,10.0,0.34808651923160855,0.0,2.0910309818405993e-15,53,144,8,0.3480865192309997,0.0,1e-08,0.0,paper,0.8109421709970697,0.9005232762105984,0.0,0.0,1.0,0.9005232762105984,0.429237165953548,0.06943887060586026,0.0
27,15424.0,4.2844444444444445,interface,100.0,0.34808651923160855,0.0,2.0910309818405993e-15,53,144,8,0.3480865192309997,0.0,1e-08,0.0,paper,0.8109421709970697,0.9005232762105984,0.0,0.0,1.0,0.9005232762105984,0.429237165953548,0.06943887060586026,0.0
27,15424.0,4.2844444444444445,interface,1000.0,0.34808651923160855,0.0,2.0910309818405993e-15,53,144,8,0.3480865192309997,0.0,1e-08,0.0,paper,0.8109421709970697,0.9005232762105984,0.0,0.0,1.0,0.9005232762105984,0.429237165953548,0.06943887060586026,0.0
27,15424.0,4.2844444444444445,interface,10000.0,0.34808651923160855,0.0,2.0910309818405993e-15,53,144,8,0.3480865192309997,0.0,1e-08,0.0,paper,0.8109421709970697,0.9005232762105984,0.0,0.0,1.0,0.9005232762105984,0.429237165953548,0.06943887060586026,0.0
27,15424.0,4.2844444444444445,all,1.0,0.34808651923068984,4.4484951974724225e-09,2.2036074548802478e-15,53,144,8,0.3480865192309997,4.448495197483147e-09,1e-08,4.726526147325844e-10,paper,0.8109421709970697,0.9005232762105984,0.0,0.0,1.0,0.9005232762105984,0.429237165953548,0.06943887060586026,0.0
27,15424.0,4.2844444444444445,all,2.5,0.34808651923244366,1.1121237993752871e-08,2.4127177471836963e-15,53,144,8,0.3480865192309997,1.112123799370787e-08,1e-08,1.1816315368314611e-09,paper,0.8109421709970697,0.9005232762105984,0.0,0.0,1.0,0.9005232762105984,0.429237165953548,0.06943887060586026,0.0
27,15424.0,4.2844444444444445,all,10.0,0.34808651923243034,4.4484951974998634e-08,2.423846187738679e-15,53,144,8,0.3480865192309997,4.448495197483148e-08,1e-08,4.7265261473258444e-09,paper,0.8109421709970697,0.9005232762105984,0.0,0.0,1.0,0.9005232762105984,0.429237165953548,0.06943887060586026,0.0
27,15424.0,4.2844444444444445,all,100.0,0.34808651923093153,4.44849519747296e-07,2.5353274713165286e-15,53,144,8,0.3480865192309997,4.4484951974831477e-07,1e-08,4.7265261473258444e-08,paper,0.8109421709970697,0.9005232762105984,0.0,0.0,1.0,0.9005232762105984,0.429237165953548,0.06943887060586026,0.0
27,15424.0,4.2844444444444445,all,1000.0,0.3480865192317467,4.448495197471775e-06,2.1294655112768016e-15,53,144,8,0.3480865192309997,4.448495197483147e-06,1e-08,4.726526147325844e-07,paper,0.8109421709970697,0.9005232762105984,0.0,0.0,1.0,0.9005232762105984,0.429237165953548,0.06943887060586026,0.0
27,15424.0,4.2844444444444445,all,10000.0,0.34808651923116835,4.448495197494158e-05,2.5868628238884542e-15,53,144,8,0.3480865192309997,4.448495197483148e-05,1e-08,4.726526147325844e-06,paper,0.8109421709970697,0.9005232762105984,0.0,0.0,1.0,0.9005232762105984,0.429237165953548,0.06943887060586026,0.0
28,16324.0,4.5344444444444445,maxwell,1.0,0.35302342442078166,4.448495197475231e-09,2.1794922601967626e-15,53,144,8,0.35302342442122925,4.448495197483147e-09,1e-08,4.726526147325844e-10,paper,0.8023259645937029,0.895726501,0.0,0.0,1.0,0.895726501,0.44,0.0,0.0
28,16324.0,4.5344444444444445,maxwell,2.5,0.35302342442124485,1.1121237993714118e-08,2.478723098988773e-15,53,144,8,0.35302342442122925,1.112123799370787e-08,1e-08,1.1816315368314611e-09,paper,0.8023259645937029,0.895726501,0.0,0.0,1.0,0.895726501,0.44,0.0,0.0
28,16324.0,4.5344444444444445,maxwell,10.0,0.35302342442126994,4.4484951974978424e-08,2.495229902139858e-15,53,144,8,0.35302342442122925,4.448495197483148e-08,1e-08,4.7265261473258444e-09,paper,0.8023259645937029,0.895726501,0.0,0.0,1.0,0.895726501,0.44,0.0,0.0
28,16324.0,4.5344444444444445,maxwell,100.0,0.3530234244201646,4.4484951974805844e-07,2.2684337892350512e-15,53,144,8,0.35302342442122925,4.4484951974831477e-07,1e-08,4.7265261473258444e-08,paper,0.8023259645937029,0.895726501,0.0,0.0,1.0,0.895726501,0.44,0.0,0.0
28,16324.0,4.5344444444444445,maxwell,1000.0,0.35302342442029633,4.448495197466945e-06,2.269631505093494e-15,53,144,8,0.35302342442122925,4.448495197483147e-06,1e-08,4.726526147325844e-07,paper,0.8023259645937029,0.895726501,0.0,0.0,1.0,0.895726501,0.44,0.0,0.0
28,16324.0,4.5344444444444445,maxwell,10000.0,0.3530234244218589,4.4484951974816044e-05,2.1986643813672665e-15,53,144,8,0.35302342442122925,4.448495197483148e-05,1e-08,4.726526147325844e-06,paper,0.8023259645937029,0.895726501,0.0,0.0,1.0,0.895726501,0.44,0.0,0.0
28,16324.0,4.5344444444444445,grain,1.0,0.3530234244206127,0.0,2.073656515853553e-15,53,144,8,0.35302342442122925,0.0,1e-08,0.0,paper,0.8023259645937029,0.895726501,0.0,0.0,1.0,0.895726501,0.44,0.0,0.0
28,16324.0,4.5344444444444445,grain,2.5,0.3530234244206127,0.0,2.073656515853553e-15,53,144,8,0.35302342442122925,0.0,1e-08,0.0,paper,0.8023259645937029,0.895726501,0.0,0.0,1.0,0.895726501,0.44,0.0,0.0
28,16324.0,4.5344444444444445,grain,10.0,0.3530234244206127,0.0,2.073656515853553e-15,53,144,8,0.35302342442122925,0.0,1e-08,0.0,paper,0.8023259645937029,0.895726501,0.0,0.0,1.0,0.895726501,0.44,0.0,0.0
28,16324.0,4.5344444444444445,grain,100.0,0.3530234244206127,0.0,2.073656515853553e-15,53,144,8,0.35302342442122925,0.0,1e-08,0.0,paper,0.8023259645937029,0.895726501,0.0,0.0,1.0,0.895726501,0.44,0.0,0.0
28,16324.0,4.5344444444444445,grain,1000.0,0.3530234244206127,0.0,2.073656515853553e-15,53,144,8,0.35302342442122925,0.0,1e-08,0.0,paper,0.8023259645937029,0.895726501,0.0,0.0,1.0,0.895726501,0.44,0.0,0.0
28,16324.0,4.5344444444444445,grain,10000.0,0.3530234244206127,0.0,2.073656515853553e-15,53,144,8,0.35302342442122925,0.0,1e-08,0.0,paper,0.8023259645937029,0.895726501,0.0,0.0,1.0,0.895726501,0.44,0.0,0.0
28,16324.0,4.5344444444444445,interface,1.0,0.3530234244206127,0.0,2.073656515853553e-15,53,144,8,0.35302342442122925,0.0,1e-08,0.0,paper,0.8023259645937029,0.895726501,0.0,0.0,1.0,0.895726501,0.44,0.0,0.0
28,16324.0,4.5344444444444445,interface,2.5,0.3530234244206127,0.0,2.073656515853553e-15,53,144,8,0.35302342442122925,0.0,1e-08,0.0,paper,0.8023259645937029,0.895726501,0.0,0.0,1.0,0.895726501,0.44,0.0,0.0
28,16324.0,4.5344444444444445,interface,10.0,0.3530234244206127,0.0,2.073656515853553e-15,53,144,8,0.35302342442122925,0.0,1e-08,0.0,paper,0.8023259645937029,0.895726501,0.0,0.0,1.0,0.895726501,0.44,0.0,0.0
28,16324.0,4.5344444444444445,interface,100.0,0.3530234244206127,0.0,2.073656515853553e-15,53,144,8,0.35302342442122925,0.0,1e-08,0.0,paper,0.8023259645937029,0.895726501,0.0,0.0,1.0,0.895726501,0.44,0.0,0.0
28,16324.0,4.5344444444444445,interface,1000.0,0.3530234244206127,0.0,2.073656515853553e-15,53,144,8,0.35302342442122925,0.0,1e-08,0.0,paper,0.8023259645937029,0.895726501,0.0,0.0,1.0,0.895726501,0.44,0.0,0.0
28,16324.0,4.5344444444444445,interface,10000.0,0.3530234244206127,0.0,2.073656515853553e-15,53,144,8,0.35302342442122925,0.0,1e-08,0.0,paper,0.8023259645937029,0.895726501,0.0,0.0,1.0,0.895726501,0.44,0.0,0.0
28,16324.0,4.5344444444444445,all,1.0,0.35302342442078166,4.448495197475231e-09,2.1794922601967626e-15,53,144,8,0.35302342442122925,4.448495197483147e-09,1e-08,4.726526147325844e-10,paper,0.8023259645937029,0.895726501,0.0,0.0,1.0,0.895726501,0.44,0.0,0.0
28,16324.0,4.5344444444444445,all,2.5,0.35302342442124485,1.1121237993714118e-08,2.478723098988773e-15,53,144,8,0.35302342442122925,1.112123799370787e-08,1e-08,1.1816315368314611e-09,paper,0.8023259645937029,0.895726501,0.0,0.0,1.0,0.895726501,0.44,0.0,0.0
28,16324.0,4.5344444444444445,all,10.0,0.35302342442126994,4.4484951974978424e-08,2.495229902139858e-15,53,144,8,0.35302342442122925,4.448495197483148e-08,1e-08,4.7265261473258444e-09,paper,0.8023259645937029,0.895726501,0.0,0.0,1.0,0.895726501,0.44,0.0,0.0
28,16324.0,4.5344444444444445,all,100.0,0.3530234244201646,4.4484951974805844e-07,2.2684337892350512e-15,53,144,8,0.35302342442122925,4.4484951974831477e-07,1e-08,4.7265261473258444e-08,paper,0.8023259645937029,0.895726501,0.0,0.0,1.0,0.895726501,0.44,0.0,0.0
28,16324.0,4.5344444444444445,all,1000.0,0.35302342442029633,4.448495197466945e-06,2.269631505093494e-15,53,144,8,0.35302342442122925,4.448495197483147e-06,1e-08,4.726526147325844e-07,paper,0.8023259645937029,0.895726501,0.0,0.0,1.0,0.895726501,0.44,0.0,0.0
28,16324.0,4.5344444444444445,all,10000.0,0.3530234244218589,4.4484951974816044e-05,2.1986643813672665e-15,53,144,8,0.35302342442122925,4.448495197483148e-05,1e-08,4.726526147325844e-06,paper,0.8023259645937029,0.895726501,0.0,0.0,1.0,0.895726501,0.44,0.0,0.0
