frame,frequency_hz,mechanism,water_sigma_real_s_m,water_sigma_imag_s_m,solid_sigma_real_s_m,solid_sigma_imag_s_m,driver_mode,saturation_factor,interface_saturation_factor,interface_delta_real_s_m,interface_delta_imag_s_m,paper_phi,paper_sw,paper_sigma_w_s_m,paper_cec_meq_g,paper_qv_c_m3
1,1.0,maxwell,0.019808629190565665,4.448495197483147e-09,1e-08,4.726526147325844e-10,paper,1.0,1.0,0.33114185491090126,0.05519030915181687,0.7100250470337295,1.0,0.019808629190565665,0.01552033849640014,1657366.641195702
1,2.5,maxwell,0.019808629190565665,1.112123799370787e-08,1e-08,1.1816315368314611e-09,paper,1.0,1.0,0.33114185491090126,0.05519030915181687,0.7100250470337295,1.0,0.019808629190565665,0.01552033849640014,1657366.641195702
1,10.0,maxwell,0.019808629190565665,4.448495197483148e-08,1e-08,4.7265261473258444e-09,paper,1.0,1.0,0.33114185491090126,0.05519030915181687,0.7100250470337295,1.0,0.019808629190565665,0.01552033849640014,1657366.641195702
1,100.0,maxwell,0.019808629190565665,4.4484951974831477e-07,1e-08,4.7265261473258444e-08,paper,1.0,1.0,0.33114185491090126,0.05519030915181687,0.7100250470337295,1.0,0.019808629190565665,0.01552033849640014,1657366.641195702
1,1000.0,maxwell,0.019808629190565665,4.448495197483147e-06,1e-08,4.726526147325844e-07,paper,1.0,1.0,0.33114185491090126,0.05519030915181687,0.7100250470337295,1.0,0.019808629190565665,0.01552033849640014,1657366.641195702
1,10000.0,maxwell,0.019808629190565665,4.448495197483148e-05,1e-08,4.726526147325844e-06,paper,1.0,1.0,0.33114185491090126,0.05519030915181687,0.7100250470337295,1.0,0.019808629190565665,0.01552033849640014,1657366.641195702
1,1.0,grain,0.019809770643261677,1.2324437141129773e-09,1e-08,0.0,paper,1.0,1.0,0.33114185491090126,0.05519030915181687,0.7100250470337295,1.0,0.019808629190565665,0.01552033849640014,1657366.641195702
1,2.5,grain,0.019809770644379457,4.929779683978142e-10,1e-08,0.0,paper,1.0,1.0,0.33114185491090126,0.05519030915181687,0.7100250470337295,1.0,0.019808629190565665,0.01552033849640014,1657366.641195702
1,10.0,grain,0.019809770644579058,1.232445136509348e-10,1e-08,0.0,paper,1.0,1.0,0.33114185491090126,0.05519030915181687,0.7100250470337295,1.0,0.019808629190565665,0.01552033849640014,1657366.641195702
1,100.0,grain,0.019809770644592235,1.2324451507333281e-11,1e-08,0.0,paper,1.0,1.0,0.33114185491090126,0.05519030915181687,0.7100250470337295,1.0,0.019808629190565665,0.01552033849640014,1657366.641195702
1,1000.0,grain,0.019809770644592366,1.2324451508755681e-12,1e-08,0.0,paper,1.0,1.0,0.33114185491090126,0.05519030915181687,0.7100250470337295,1.0,0.019808629190565665,0.01552033849640014,1657366.641195702
1,10000.0,grain,0.019809770644592366,1.2324451508769903e-13,1e-08,0.0,paper,1.0,1.0,0.33114185491090126,0.05519030915181687,0.7100250470337295,1.0,0.019808629190565665,0.01552033849640014,1657366.641195702
1,1.0,interface,0.3509504841014669,0.05519030915181687,1e-08,0.0,paper,1.0,1.0,0.33114185491090126,0.05519030915181687,0.7100250470337295,1.0,0.019808629190565665,0.01552033849640014,1657366.641195702
1,2.5,interface,0.3509504841014669,0.05519030915181687,1e-08,0.0,paper,1.0,1.0,0.33114185491090126,0.05519030915181687,0.7100250470337295,1.0,0.019808629190565665,0.01552033849640014,1657366.641195702
1,10.0,interface,0.3509504841014669,0.05519030915181687,1e-08,0.0,paper,1.0,1.0,0.33114185491090126,0.05519030915181687,0.7100250470337295,1.0,0.019808629190565665,0.01552033849640014,1657366.641195702
1,100.0,interface,0.3509504841014669,0.05519030915181687,1e-08,0.0,paper,1.0,1.0,0.33114185491090126,0.05519030915181687,0.7100250470337295,1.0,0.019808629190565665,0.01552033849640014,1657366.641195702
1,1000.0,interface,0.3509504841014669,0.05519030915181687,1e-08,0.0,paper,1.0,1.0,0.33114185491090126,0.05519030915181687,0.7100250470337295,1.0,0.019808629190565665,0.01552033849640014,1657366.641195702
1,10000.0,interface,0.3509504841014669,0.05519030915181687,1e-08,0.0,paper,1.0,1.0,0.33114185491090126,0.05519030915181687,0.7100250470337295,1.0,0.019808629190565665,0.01552033849640014,1657366.641195702
1,1.0,all,0.3509516255541629,0.055190314832755785,1e-08,4.726526147325844e-10,paper,1.0,1.0,0.33114185491090126,0.05519030915181687,0.7100250470337295,1.0,0.019808629190565665,0.01552033849640014,1657366.641195702
1,2.5,all,0.3509516255552807,0.055190320766032835,1e-08,1.1816315368314611e-09,paper,1.0,1.0,0.33114185491090126,0.05519030915181687,0.7100250470337295,1.0,0.019808629190565665,0.01552033849640014,1657366.641195702
1,10.0,all,0.3509516255554803,0.05519035376001336,1e-08,4.7265261473258444e-09,paper,1.0,1.0,0.33114185491090126,0.05519030915181687,0.7100250470337295,1.0,0.019808629190565665,0.01552033849640014,1657366.641195702
1,100.0,all,0.3509516255554935,0.055190754013661074,1e-08,4.7265261473258444e-08,paper,1.0,1.0,0.33114185491090126,0.05519030915181687,0.7100250470337295,1.0,0.019808629190565665,0.01552033849640014,1657366.641195702
1,1000.0,all,0.35095162555549364,0.0551947576482468,1e-08,4.726526147325844e-07,paper,1.0,1.0,0.33114185491090126,0.05519030915181687,0.7100250470337295,1.0,0.019808629190565665,0.01552033849640014,1657366.641195702
1,10000.0,all,0.35095162555549364,0.05523479410391495,1e-08,4.726526147325844e-06,paper,1.0,1.0,0.33114185491090126,0.05519030915181687,0.7100250470337295,1.0,0.019808629190565665,0.01552033849640014,1657366.641195702
2,1.0,maxwell,0.02992655838113133,4.448495197483147e-09,1e-08,4.726526147325844e-10,paper,1.0,1.0,0.32920585347474374,0.054867642245790625,0.710034951067459,1.0,0.02992655838113133,0.01543034199280028,1647676.9443180368
2,2.5,maxwell,0.02992655838113133,1.112123799370787e-08,1e-08,1.1816315368314611e-09,paper,1.0,1.0,0.32920585347474374,0.054867642245790625,0.710034951067459,1.0,0.02992655838113133,0.01543034199280028,1647676.9443180368
2,10.0,maxwell,0.02992655838113133,4.448495197483148e-08,1e-08,4.7265261473258444e-09,paper,1.0,1.0,0.32920585347474374,0.054867642245790625,0.710034951067459,1.0,0.02992655838113133,0.01543034199280028,1647676.9443180368
2,100.0,maxwell,0.02992655838113133,4.4484951974831477e-07,1e-08,4.7265261473258444e-08,paper,1.0,1.0,0.32920585347474374,0.054867642245790625,0.710034951067459,1.0,0.02992655838113133,0.01543034199280028,1647676.9443180368
2,1000.0,maxwell,0.02992655838113133,4.448495197483147e-06,1e-08,4.726526147325844e-07,paper,1.0,1.0,0.32920585347474374,0.054867642245790625,0.710034951067459,1.0,0.02992655838113133,0.01543034199280028,1647676.9443180368
2,10000.0,maxwell,0.02992655838113133,4.448495197483148e-05,1e-08,4.726526147325844e-06,paper,1.0,1.0,0.32920585347474374,0.054867642245790625,0.710034951067459,1.0,0.02992655838113133,0.01543034199280028,1647676.9443180368
2,1.0,grain,0.029927699833827343,1.2324437141129773e-09,1e-08,0.0,paper,1.0,1.0,0.32920585347474374,0.054867642245790625,0.710034951067459,1.0,0.02992655838113133,0.01543034199280028,1647676.9443180368
2,2.5,grain,0.029927699834945122,4.929779683978142e-10,1e-08,0.0,paper,1.0,1.0,0.32920585347474374,0.054867642245790625,0.710034951067459,1.0,0.02992655838113133,0.01543034199280028,1647676.9443180368
2,10.0,grain,0.029927699835144723,1.232445136509348e-10,1e-08,0.0,paper,1.0,1.0,0.32920585347474374,0.054867642245790625,0.710034951067459,1.0,0.02992655838113133,0.01543034199280028,1647676.9443180368
2,100.0,grain,0.0299276998351579,1.2324451507333281e-11,1e-08,0.0,paper,1.0,1.0,0.32920585347474374,0.054867642245790625,0.710034951067459,1.0,0.02992655838113133,0.01543034199280028,1647676.9443180368
2,1000.0,grain,0.02992769983515803,1.2324451508755681e-12,1e-08,0.0,paper,1.0,1.0,0.32920585347474374,0.054867642245790625,0.710034951067459,1.0,0.02992655838113133,0.01543034199280028,1647676.9443180368
2,10000.0,grain,0.02992769983515803,1.2324451508769903e-13,1e-08,0.0,paper,1.0,1.0,0.32920585347474374,0.054867642245790625,0.710034951067459,1.0,0.02992655838113133,0.01543034199280028,1647676.9443180368
2,1.0,interface,0.3591324118558751,0.054867642245790625,1e-08,0.0,paper,1.0,1.0,0.32920585347474374,0.054867642245790625,0.710034951067459,1.0,0.02992655838113133,0.01543034199280028,1647676.9443180368
2,2.5,interface,0.3591324118558751,0.054867642245790625,1e-08,0.0,paper,1.0,1.0,0.32920585347474374,0.054867642245790625,0.710034951067459,1.0,0.02992655838113133,0.01543034199280028,1647676.9443180368
2,10.0,interface,0.3591324118558751,0.054867642245790625,1e-08,0.0,paper,1.0,1.0,0.32920585347474374,0.054867642245790625,0.710034951067459,1.0,0.02992655838113133,0.01543034199280028,1647676.9443180368
2,100.0,interface,0.3591324118558751,0.054867642245790625,1e-08,0.0,paper,1.0,1.0,0.32920585347474374,0.054867642245790625,0.710034951067459,1.0,0.02992655838113133,0.01543034199280028,1647676.9443180368
2,1000.0,interface,0.3591324118558751,0.054867642245790625,1e-08,0.0,paper,1.0,1.0,0.32920585347474374,0.054867642245790625,0.710034951067459,1.0,0.02992655838113133,0.01543034199280028,1647676.9443180368
2,10000.0,interface,0.3591324118558751,0.054867642245790625,1e-08,0.0,paper,1.0,1.0,0.32920585347474374,0.054867642245790625,0.710034951067459,1.0,0.02992655838113133,0.01543034199280028,1647676.9443180368
2,1.0,all,0.3591335533085711,0.05486764792672954,1e-08,4.726526147325844e-10,paper,1.0,1.0,0.32920585347474374,0.054867642245790625,0.710034951067459,1.0,0.02992655838113133,0.01543034199280028,1647676.9443180368
2,2.5,all,0.3591335533096889,0.05486765386000659,1e-08,1.1816315368314611e-09,paper,1.0,1.0,0.32920585347474374,0.054867642245790625,0.710034951067459,1.0,0.02992655838113133,0.01543034199280028,1647676.9443180368
2,10.0,all,0.35913355330988844,0.054867686853987116,1e-08,4.7265261473258444e-09,paper,1.0,1.0,0.32920585347474374,0.054867642245790625,0.710034951067459,1.0,0.02992655838113133,0.01543034199280028,1647676.9443180368
2,100.0,all,0.35913355330990165,0.05486808710763483,1e-08,4.7265261473258444e-08,paper,1.0,1.0,0.32920585347474374,0.054867642245790625,0.710034951067459,1.0,0.02992655838113133,0.01543034199280028,1647676.9443180368
2,1000.0,all,0.35913355330990177,0.054872090742220554,1e-08,4.726526147325844e-07,paper,1.0,1.0,0.32920585347474374,0.054867642245790625,0.710034951067459,1.0,0.02992655838113133,0.01543034199280028,1647676.9443180368
2,10000.0,all,0.35913355330990177,0.054912127197888704,1e-08,4.726526147325844e-06,paper,1.0,1.0,0.32920585347474374,0.054867642245790625,0.710034951067459,1.0,0.02992655838113133,0.01543034199280028,1647676.9443180368
3,1.0,maxwell,0.05016241676226266,4.448495197483147e-09,1e-08,4.726526147325844e-10,paper,1.0,1.0,0.3253344061061354,0.05422240101768923,0.710054759134918,1.0,0.05016241676226266,0.01525034898560056,1628300.3308615384
3,2.5,maxwell,0.05016241676226266,1.112123799370787e-08,1e-08,1.1816315368314611e-09,paper,1.0,1.0,0.3253344061061354,0.05422240101768923,0.710054759134918,1.0,0.05016241676226266,0.01525034898560056,1628300.3308615384
3,10.0,maxwell,0.05016241676226266,4.448495197483148e-08,1e-08,4.7265261473258444e-09,paper,1.0,1.0,0.3253344061061354,0.05422240101768923,0.710054759134918,1.0,0.05016241676226266,0.01525034898560056,1628300.3308615384
3,100.0,maxwell,0.05016241676226266,4.4484951974831477e-07,1e-08,4.7265261473258444e-08,paper,1.0,1.0,0.3253344061061354,0.05422240101768923,0.710054759134918,1.0,0.05016241676226266,0.01525034898560056,1628300.3308615384
3,1000.0,maxwell,0.05016241676226266,4.448495197483147e-06,1e-08,4.726526147325844e-07,paper,1.0,1.0,0.3253344061061354,0.05422240101768923,0.710054759134918,1.0,0.05016241676226266,0.01525034898560056,1628300.3308615384
3,10000.0,maxwell,0.05016241676226266,4.448495197483148e-05,1e-08,4.726526147325844e-06,paper,1.0,1.0,0.3253344061061354,0.05422240101768923,0.710054759134918,1.0,0.05016241676226266,0.01525034898560056,1628300.3308615384
3,1.0,grain,0.05016355821495867,1.2324437141129773e-09,1e-08,0.0,paper,1.0,1.0,0.3253344061061354,0.05422240101768923,0.710054759134918,1.0,0.05016241676226266,0.01525034898560056,1628300.3308615384
3,2.5,grain,0.050163558216076445,4.929779683978142e-10,1e-08,0.0,paper,1.0,1.0,0.3253344061061354,0.05422240101768923,0.710054759134918,1.0,0.05016241676226266,0.01525034898560056,1628300.3308615384
3,10.0,grain,0.05016355821627605,1.232445136509348e-10,1e-08,0.0,paper,1.0,1.0,0.3253344061061354,0.05422240101768923,0.710054759134918,1.0,0.05016241676226266,0.01525034898560056,1628300.3308615384
3,100.0,grain,0.05016355821628923,1.2324451507333281e-11,1e-08,0.0,paper,1.0,1.0,0.3253344061061354,0.05422240101768923,0.710054759134918,1.0,0.05016241676226266,0.01525034898560056,1628300.3308615384
3,1000.0,grain,0.05016355821628936,1.2324451508755681e-12,1e-08,0.0,paper,1.0,1.0,0.3253344061061354,0.05422240101768923,0.710054759134918,1.0,0.05016241676226266,0.01525034898560056,1628300.3308615384
3,10000.0,grain,0.05016355821628936,1.2324451508769903e-13,1e-08,0.0,paper,1.0,1.0,0.3253344061061354,0.05422240101768923,0.710054759134918,1.0,0.05016241676226266,0.01525034898560056,1628300.3308615384
3,1.0,interface,0.37549682286839803,0.05422240101768923,1e-08,0.0,paper,1.0,1.0,0.3253344061061354,0.05422240101768923,0.710054759134918,1.0,0.05016241676226266,0.01525034898560056,1628300.3308615384
3,2.5,interface,0.37549682286839803,0.05422240101768923,1e-08,0.0,paper,1.0,1.0,0.3253344061061354,0.05422240101768923,0.710054759134918,1.0,0.05016241676226266,0.01525034898560056,1628300.3308615384
3,10.0,interface,0.37549682286839803,0.05422240101768923,1e-08,0.0,paper,1.0,1.0,0.3253344061061354,0.05422240101768923,0.710054759134918,1.0,0.05016241676226266,0.01525034898560056,1628300.3308615384
3,100.0,interface,0.37549682286839803,0.05422240101768923,1e-08,0.0,paper,1.0,1.0,0.3253344061061354,0.05422240101768923,0.710054759134918,1.0,0.05016241676226266,0.01525034898560056,1628300.3308615384
3,1000.0,interface,0.37549682286839803,0.05422240101768923,1e-08,0.0,paper,1.0,1.0,0.3253344061061354,0.05422240101768923,0.710054759134918,1.0,0.05016241676226266,0.01525034898560056,1628300.3308615384
3,10000.0,interface,0.37549682286839803,0.05422240101768923,1e-08,0.0,paper,1.0,1.0,0.3253344061061354,0.05422240101768923,0.710054759134918,1.0,0.05016241676226266,0.01525034898560056,1628300.3308615384
3,1.0,all,0.37549796432109406,0.05422240669862814,1e-08,4.726526147325844e-10,paper,1.0,1.0,0.3253344061061354,0.05422240101768923,0.710054759134918,1.0,0.05016241676226266,0.01525034898560056,1628300.3308615384
3,2.5,all,0.37549796432221183,0.05422241263190519,1e-08,1.1816315368314611e-09,paper,1.0,1.0,0.3253344061061354,0.05422240101768923,0.710054759134918,1.0,0.05016241676226266,0.01525034898560056,1628300.3308615384
3,10.0,all,0.37549796432241145,0.05422244562588572,1e-08,4.7265261473258444e-09,paper,1.0,1.0,0.3253344061061354,0.05422240101768923,0.710054759134918,1.0,0.05016241676226266,0.01525034898560056,1628300.3308615384
3,100.0,all,0.3754979643224246,0.05422284587953343,1e-08,4.7265261473258444e-08,paper,1.0,1.0,0.3253344061061354,0.05422240101768923,0.710054759134918,1.0,0.05016241676226266,0.01525034898560056,1628300.3308615384
3,1000.0,all,0.37549796432242477,0.05422684951411916,1e-08,4.726526147325844e-07,paper,1.0,1.0,0.3253344061061354,0.05422240101768923,0.710054759134918,1.0,0.05016241676226266,0.01525034898560056,1628300.3308615384
3,10000.0,all,0.37549796432242477,0.05426688596978731,1e-08,4.726526147325844e-06,paper,1.0,1.0,0.3253344061061354,0.05422240101768923,0.710054759134918,1.0,0.05016241676226266,0.01525034898560056,1628300.3308615384
4,1.0,maxwell,0.09063413352452532,4.448495197483147e-09,1e-08,4.726526147325844e-10,paper,1.0,1.0,0.31759373316680406,0.05293228886113401,0.710094375269836,1.0,0.09063413352452532,0.014890362971201119,1589558.2240580784
4,2.5,maxwell,0.09063413352452532,1.112123799370787e-08,1e-08,1.1816315368314611e-09,paper,1.0,1.0,0.31759373316680406,0.05293228886113401,0.710094375269836,1.0,0.09063413352452532,0.014890362971201119,1589558.2240580784
4,10.0,maxwell,0.09063413352452532,4.448495197483148e-08,1e-08,4.7265261473258444e-09,paper,1.0,1.0,0.31759373316680406,0.05293228886113401,0.710094375269836,1.0,0.09063413352452532,0.014890362971201119,1589558.2240580784
4,100.0,maxwell,0.09063413352452532,4.4484951974831477e-07,1e-08,4.7265261473258444e-08,paper,1.0,1.0,0.31759373316680406,0.05293228886113401,0.710094375269836,1.0,0.09063413352452532,0.014890362971201119,1589558.2240580784
4,1000.0,maxwell,0.09063413352452532,4.448495197483147e-06,1e-08,4.726526147325844e-07,paper,1.0,1.0,0.31759373316680406,0.05293228886113401,0.710094375269836,1.0,0.09063413352452532,0.014890362971201119,1589558.2240580784
4,10000.0,maxwell,0.09063413352452532,4.448495197483148e-05,1e-08,4.726526147325844e-06,paper,1.0,1.0,0.31759373316680406,0.05293228886113401,0.710094375269836,1.0,0.09063413352452532,0.014890362971201119,1589558.2240580784
4,1.0,grain,0.09063527497722133,1.2324437141129773e-09,1e-08,0.0,paper,1.0,1.0,0.31759373316680406,0.05293228886113401,0.710094375269836,1.0,0.09063413352452532,0.014890362971201119,1589558.2240580784
4,2.5,grain,0.0906352749783391,4.929779683978142e-10,1e-08,0.0,paper,1.0,1.0,0.31759373316680406,0.05293228886113401,0.710094375269836,1.0,0.09063413352452532,0.014890362971201119,1589558.2240580784
4,10.0,grain,0.09063527497853871,1.232445136509348e-10,1e-08,0.0,paper,1.0,1.0,0.31759373316680406,0.05293228886113401,0.710094375269836,1.0,0.09063413352452532,0.014890362971201119,1589558.2240580784
4,100.0,grain,0.09063527497855188,1.2324451507333281e-11,1e-08,0.0,paper,1.0,1.0,0.31759373316680406,0.05293228886113401,0.710094375269836,1.0,0.09063413352452532,0.014890362971201119,1589558.2240580784
4,1000.0,grain,0.09063527497855202,1.2324451508755681e-12,1e-08,0.0,paper,1.0,1.0,0.31759373316680406,0.05293228886113401,0.710094375269836,1.0,0.09063413352452532,0.014890362971201119,1589558.2240580784
4,10000.0,grain,0.09063527497855202,1.2324451508769903e-13,1e-08,0.0,paper,1.0,1.0,0.31759373316680406,0.05293228886113401,0.710094375269836,1.0,0.09063413352452532,0.014890362971201119,1589558.2240580784
4,1.0,interface,0.4082278666913294,0.05293228886113401,1e-08,0.0,paper,1.0,1.0,0.31759373316680406,0.05293228886113401,0.710094375269836,1.0,0.09063413352452532,0.014890362971201119,1589558.2240580784
4,2.5,interface,0.4082278666913294,0.05293228886113401,1e-08,0.0,paper,1.0,1.0,0.31759373316680406,0.05293228886113401,0.710094375269836,1.0,0.09063413352452532,0.014890362971201119,1589558.2240580784
4,10.0,interface,0.4082278666913294,0.05293228886113401,1e-08,0.0,paper,1.0,1.0,0.31759373316680406,0.05293228886113401,0.710094375269836,1.0,0.09063413352452532,0.014890362971201119,1589558.2240580784
4,100.0,interface,0.4082278666913294,0.05293228886113401,1e-08,0.0,paper,1.0,1.0,0.31759373316680406,0.05293228886113401,0.710094375269836,1.0,0.09063413352452532,0.014890362971201119,1589558.2240580784
4,1000.0,interface,0.4082278666913294,0.05293228886113401,1e-08,0.0,paper,1.0,1.0,0.31759373316680406,0.05293228886113401,0.710094375269836,1.0,0.09063413352452532,0.014890362971201119,1589558.2240580784
4,10000.0,interface,0.4082278666913294,0.05293228886113401,1e-08,0.0,paper,1.0,1.0,0.31759373316680406,0.05293228886113401,0.710094375269836,1.0,0.09063413352452532,0.014890362971201119,1589558.2240580784
4,1.0,all,0.4082290081440254,0.052932294542072926,1e-08,4.726526147325844e-10,paper,1.0,1.0,0.31759373316680406,0.05293228886113401,0.710094375269836,1.0,0.09063413352452532,0.014890362971201119,1589558.2240580784
4,2.5,all,0.4082290081451432,0.052932300475349976,1e-08,1.1816315368314611e-09,paper,1.0,1.0,0.31759373316680406,0.05293228886113401,0.710094375269836,1.0,0.09063413352452532,0.014890362971201119,1589558.2240580784
4,10.0,all,0.4082290081453428,0.0529323334693305,1e-08,4.7265261473258444e-09,paper,1.0,1.0,0.31759373316680406,0.05293228886113401,0.710094375269836,1.0,0.09063413352452532,0.014890362971201119,1589558.2240580784
4,100.0,all,0.40822900814535595,0.052932733722978215,1e-08,4.7265261473258444e-08,paper,1.0,1.0,0.31759373316680406,0.05293228886113401,0.710094375269836,1.0,0.09063413352452532,0.014890362971201119,1589558.2240580784
4,1000.0,all,0.40822900814535606,0.05293673735756394,1e-08,4.726526147325844e-07,paper,1.0,1.0,0.31759373316680406,0.05293228886113401,0.710094375269836,1.0,0.09063413352452532,0.014890362971201119,1589558.2240580784
4,10000.0,all,0.40822900814535606,0.05297677381323209,1e-08,4.726526147325844e-06,paper,1.0,1.0,0.31759373316680406,0.05293228886113401,0.710094375269836,1.0,0.09063413352452532,0.014890362971201119,1589558.2240580784
5,1.0,maxwell,0.11139799988736,4.448495197483147e-09,1e-08,4.726526147325844e-10,paper,1.0,1.0,0.3021212727445205,0.05035354545742008,0.710173607539672,1.0,0.11139799988736,0.014170390942402238,1512118.4822048072
5,2.5,maxwell,0.11139799988736,1.112123799370787e-08,1e-08,1.1816315368314611e-09,paper,1.0,1.0,0.3021212727445205,0.05035354545742008,0.710173607539672,1.0,0.11139799988736,0.014170390942402238,1512118.4822048072
5,10.0,maxwell,0.11139799988736,4.448495197483148e-08,1e-08,4.7265261473258444e-09,paper,1.0,1.0,0.3021212727445205,0.05035354545742008,0.710173607539672,1.0,0.11139799988736,0.014170390942402238,1512118.4822048072
5,100.0,maxwell,0.11139799988736,4.4484951974831477e-07,1e-08,4.7265261473258444e-08,paper,1.0,1.0,0.3021212727445205,0.05035354545742008,0.710173607539672,1.0,0.11139799988736,0.014170390942402238,1512118.4822048072
5,1000.0,maxwell,0.11139799988736,4.448495197483147e-06,1e-08,4.726526147325844e-07,paper,1.0,1.0,0.3021212727445205,0.05035354545742008,0.710173607539672,1.0,0.11139799988736,0.014170390942402238,1512118.4822048072
5,10000.0,maxwell,0.11139799988736,4.448495197483148e-05,1e-08,4.726526147325844e-06,paper,1.0,1.0,0.3021212727445205,0.05035354545742008,0.710173607539672,1.0,0.11139799988736,0.014170390942402238,1512118.4822048072
5,1.0,grain,0.11139914134005602,1.2324437141129773e-09,1e-08,0.0,paper,1.0,1.0,0.3021212727445205,0.05035354545742008,0.710173607539672,1.0,0.11139799988736,0.014170390942402238,1512118.4822048072
5,2.5,grain,0.11139914134117379,4.929779683978142e-10,1e-08,0.0,paper,1.0,1.0,0.3021212727445205,0.05035354545742008,0.710173607539672,1.0,0.11139799988736,0.014170390942402238,1512118.4822048072
5,10.0,grain,0.1113991413413734,1.232445136509348e-10,1e-08,0.0,paper,1.0,1.0,0.3021212727445205,0.05035354545742008,0.710173607539672,1.0,0.11139799988736,0.014170390942402238,1512118.4822048072
5,100.0,grain,0.11139914134138656,1.2324451507333281e-11,1e-08,0.0,paper,1.0,1.0,0.3021212727445205,0.05035354545742008,0.710173607539672,1.0,0.11139799988736,0.014170390942402238,1512118.4822048072
5,1000.0,grain,0.1113991413413867,1.2324451508755681e-12,1e-08,0.0,paper,1.0,1.0,0.3021212727445205,0.05035354545742008,0.710173607539672,1.0,0.11139799988736,0.014170390942402238,1512118.4822048072
5,10000.0,grain,0.1113991413413867,1.2324451508769903e-13,1e-08,0.0,paper,1.0,1.0,0.3021212727445205,0.05035354545742008,0.710173607539672,1.0,0.11139799988736,0.014170390942402238,1512118.4822048072
5,1.0,interface,0.4135192726318805,0.05035354545742008,1e-08,0.0,paper,1.0,1.0,0.3021212727445205,0.05035354545742008,0.710173607539672,1.0,0.11139799988736,0.014170390942402238,1512118.4822048072
5,2.5,interface,0.4135192726318805,0.05035354545742008,1e-08,0.0,paper,1.0,1.0,0.3021212727445205,0.05035354545742008,0.710173607539672,1.0,0.11139799988736,0.014170390942402238,1512118.4822048072
5,10.0,interface,0.4135192726318805,0.05035354545742008,1e-08,0.0,paper,1.0,1.0,0.3021212727445205,0.05035354545742008,0.710173607539672,1.0,0.11139799988736,0.014170390942402238,1512118.4822048072
5,100.0,interface,0.4135192726318805,0.05035354545742008,1e-08,0.0,paper,1.0,1.0,0.3021212727445205,0.05035354545742008,0.710173607539672,1.0,0.11139799988736,0.014170390942402238,1512118.4822048072
5,1000.0,interface,0.4135192726318805,0.05035354545742008,1e-08,0.0,paper,1.0,1.0,0.3021212727445205,0.05035354545742008,0.710173607539672,1.0,0.11139799988736,0.014170390942402238,1512118.4822048072
5,10000.0,interface,0.4135192726318805,0.05035354545742008,1e-08,0.0,paper,1.0,1.0,0.3021212727445205,0.05035354545742008,0.710173607539672,1.0,0.11139799988736,0.014170390942402238,1512118.4822048072
5,1.0,all,0.4135204140845765,0.050353551138358994,1e-08,4.726526147325844e-10,paper,1.0,1.0,0.3021212727445205,0.05035354545742008,0.710173607539672,1.0,0.11139799988736,0.014170390942402238,1512118.4822048072
5,2.5,all,0.4135204140856943,0.050353557071636044,1e-08,1.1816315368314611e-09,paper,1.0,1.0,0.3021212727445205,0.05035354545742008,0.710173607539672,1.0,0.11139799988736,0.014170390942402238,1512118.4822048072
5,10.0,all,0.4135204140858939,0.05035359006561657,1e-08,4.7265261473258444e-09,paper,1.0,1.0,0.3021212727445205,0.05035354545742008,0.710173607539672,1.0,0.11139799988736,0.014170390942402238,1512118.4822048072
5,100.0,all,0.41352041408590706,0.05035399031926428,1e-08,4.7265261473258444e-08,paper,1.0,1.0,0.3021212727445205,0.05035354545742008,0.710173607539672,1.0,0.11139799988736,0.014170390942402238,1512118.4822048072
5,1000.0,all,0.41352041408590723,0.05035799395385001,1e-08,4.726526147325844e-07,paper,1.0,1.0,0.3021212727445205,0.05035354545742008,0.710173607539672,1.0,0.11139799988736,0.014170390942402238,1512118.4822048072
5,10000.0,all,0.41352041408590723,0.05039803040951816,1e-08,4.726526147325844e-06,paper,1.0,1.0,0.3021212727445205,0.05035354545742008,0.710173607539672,1.0,0.11139799988736,0.014170390942402238,1512118.4822048072
6,1.0,maxwell,0.11273800008215999,4.448495197483147e-09,1e-08,4.726526147325844e-10,paper,1.0,1.0,0.2741385044051673,0.045689750734194554,0.7103789164879045,1.0,0.11273800008215999,0.012870750088793008,1372064.586612449
6,2.5,maxwell,0.11273800008215999,1.112123799370787e-08,1e-08,1.1816315368314611e-09,paper,1.0,1.0,0.2741385044051673,0.045689750734194554,0.7103789164879045,1.0,0.11273800008215999,0.012870750088793008,1372064.586612449
6,10.0,maxwell,0.11273800008215999,4.448495197483148e-08,1e-08,4.7265261473258444e-09,paper,1.0,1.0,0.2741385044051673,0.045689750734194554,0.7103789164879045,1.0,0.11273800008215999,0.012870750088793008,1372064.586612449
6,100.0,maxwell,0.11273800008215999,4.4484951974831477e-07,1e-08,4.7265261473258444e-08,paper,1.0,1.0,0.2741385044051673,0.045689750734194554,0.7103789164879045,1.0,0.11273800008215999,0.012870750088793008,1372064.586612449
6,1000.0,maxwell,0.11273800008215999,4.448495197483147e-06,1e-08,4.726526147325844e-07,paper,1.0,1.0,0.2741385044051673,0.045689750734194554,0.7103789164879045,1.0,0.11273800008215999,0.012870750088793008,1372064.586612449
6,10000.0,maxwell,0.11273800008215999,4.448495197483148e-05,1e-08,4.726526147325844e-06,paper,1.0,1.0,0.2741385044051673,0.045689750734194554,0.7103789164879045,1.0,0.11273800008215999,0.012870750088793008,1372064.586612449
6,1.0,grain,0.11273914153485601,1.2324437141129773e-09,1e-08,0.0,paper,1.0,1.0,0.2741385044051673,0.045689750734194554,0.7103789164879045,1.0,0.11273800008215999,0.012870750088793008,1372064.586612449
6,2.5,grain,0.11273914153597378,4.929779683978142e-10,1e-08,0.0,paper,1.0,1.0,0.2741385044051673,0.045689750734194554,0.7103789164879045,1.0,0.11273800008215999,0.012870750088793008,1372064.586612449
6,10.0,grain,0.11273914153617338,1.232445136509348e-10,1e-08,0.0,paper,1.0,1.0,0.2741385044051673,0.045689750734194554,0.7103789164879045,1.0,0.11273800008215999,0.012870750088793008,1372064.586612449
6,100.0,grain,0.11273914153618655,1.2324451507333281e-11,1e-08,0.0,paper,1.0,1.0,0.2741385044051673,0.045689750734194554,0.7103789164879045,1.0,0.11273800008215999,0.012870750088793008,1372064.586612449
6,1000.0,grain,0.1127391415361867,1.2324451508755681e-12,1e-08,0.0,paper,1.0,1.0,0.2741385044051673,0.045689750734194554,0.7103789164879045,1.0,0.11273800008215999,0.012870750088793008,1372064.586612449
6,10000.0,grain,0.1127391415361867,1.2324451508769903e-13,1e-08,0.0,paper,1.0,1.0,0.2741385044051673,0.045689750734194554,0.7103789164879045,1.0,0.11273800008215999,0.012870750088793008,1372064.586612449
6,1.0,interface,0.3868765044873273,0.045689750734194554,1e-08,0.0,paper,1.0,1.0,0.2741385044051673,0.045689750734194554,0.7103789164879045,1.0,0.11273800008215999,0.012870750088793008,1372064.586612449
6,2.5,interface,0.3868765044873273,0.045689750734194554,1e-08,0.0,paper,1.0,1.0,0.2741385044051673,0.045689750734194554,0.7103789164879045,1.0,0.11273800008215999,0.012870750088793008,1372064.586612449
6,10.0,interface,0.3868765044873273,0.045689750734194554,1e-08,0.0,paper,1.0,1.0,0.2741385044051673,0.045689750734194554,0.7103789164879045,1.0,0.11273800008215999,0.012870750088793008,1372064.586612449
6,100.0,interface,0.3868765044873273,0.045689750734194554,1e-08,0.0,paper,1.0,1.0,0.2741385044051673,0.045689750734194554,0.7103789164879045,1.0,0.11273800008215999,0.012870750088793008,1372064.586612449
6,1000.0,interface,0.3868765044873273,0.045689750734194554,1e-08,0.0,paper,1.0,1.0,0.2741385044051673,0.045689750734194554,0.7103789164879045,1.0,0.11273800008215999,0.012870750088793008,1372064.586612449
6,10000.0,interface,0.3868765044873273,0.045689750734194554,1e-08,0.0,paper,1.0,1.0,0.2741385044051673,0.045689750734194554,0.7103789164879045,1.0,0.11273800008215999,0.012870750088793008,1372064.586612449
6,1.0,all,0.3868776459400233,0.04568975641513347,1e-08,4.726526147325844e-10,paper,1.0,1.0,0.2741385044051673,0.045689750734194554,0.7103789164879045,1.0,0.11273800008215999,0.012870750088793008,1372064.586612449
6,2.5,all,0.38687764594114105,0.04568976234841052,1e-08,1.1816315368314611e-09,paper,1.0,1.0,0.2741385044051673,0.045689750734194554,0.7103789164879045,1.0,0.11273800008215999,0.012870750088793008,1372064.586612449
6,10.0,all,0.38687764594134066,0.045689795342391044,1e-08,4.7265261473258444e-09,paper,1.0,1.0,0.2741385044051673,0.045689750734194554,0.7103789164879045,1.0,0.11273800008215999,0.012870750088793008,1372064.586612449
6,100.0,all,0.3868776459413539,0.045690195596038756,1e-08,4.7265261473258444e-08,paper,1.0,1.0,0.2741385044051673,0.045689750734194554,0.7103789164879045,1.0,0.11273800008215999,0.012870750088793008,1372064.586612449
6,1000.0,all,0.386877645941354,0.04569419923062448,1e-08,4.726526147325844e-07,paper,1.0,1.0,0.2741385044051673,0.045689750734194554,0.7103789164879045,1.0,0.11273800008215999,0.012870750088793008,1372064.586612449
6,10000.0,all,0.386877645941354,0.04573423568629263,1e-08,4.726526147325844e-06,paper,1.0,1.0,0.2741385044051673,0.045689750734194554,0.7103789164879045,1.0,0.11273800008215999,0.012870750088793008,1372064.586612449
7,1.0,maxwell,0.11507399999472,4.448495197483147e-09,1e-08,4.726526147325844e-10,paper,1.0,1.0,0.2592637708254948,0.0432106284709158,0.7114453556545128,1.0,0.11507399999472,0.012235711890504056,1297616.470598072
7,2.5,maxwell,0.11507399999472,1.112123799370787e-08,1e-08,1.1816315368314611e-09,paper,1.0,1.0,0.2592637708254948,0.0432106284709158,0.7114453556545128,1.0,0.11507399999472,0.012235711890504056,1297616.470598072
7,10.0,maxwell,0.11507399999472,4.448495197483148e-08,1e-08,4.7265261473258444e-09,paper,1.0,1.0,0.2592637708254948,0.0432106284709158,0.7114453556545128,1.0,0.11507399999472,0.012235711890504056,1297616.470598072
7,100.0,maxwell,0.11507399999472,4.4484951974831477e-07,1e-08,4.7265261473258444e-08,paper,1.0,1.0,0.2592637708254948,0.0432106284709158,0.7114453556545128,1.0,0.11507399999472,0.012235711890504056,1297616.470598072
7,1000.0,maxwell,0.11507399999472,4.448495197483147e-06,1e-08,4.726526147325844e-07,paper,1.0,1.0,0.2592637708254948,0.0432106284709158,0.7114453556545128,1.0,0.11507399999472,0.012235711890504056,1297616.470598072
7,10000.0,maxwell,0.11507399999472,4.448495197483148e-05,1e-08,4.726526147325844e-06,paper,1.0,1.0,0.2592637708254948,0.0432106284709158,0.7114453556545128,1.0,0.11507399999472,0.012235711890504056,1297616.470598072
7,1.0,grain,0.11507514144741601,1.2324437141129773e-09,1e-08,0.0,paper,1.0,1.0,0.2592637708254948,0.0432106284709158,0.7114453556545128,1.0,0.11507399999472,0.012235711890504056,1297616.470598072
7,2.5,grain,0.11507514144853379,4.929779683978142e-10,1e-08,0.0,paper,1.0,1.0,0.2592637708254948,0.0432106284709158,0.7114453556545128,1.0,0.11507399999472,0.012235711890504056,1297616.470598072
7,10.0,grain,0.11507514144873339,1.232445136509348e-10,1e-08,0.0,paper,1.0,1.0,0.2592637708254948,0.0432106284709158,0.7114453556545128,1.0,0.11507399999472,0.012235711890504056,1297616.470598072
7,100.0,grain,0.11507514144874656,1.2324451507333281e-11,1e-08,0.0,paper,1.0,1.0,0.2592637708254948,0.0432106284709158,0.7114453556545128,1.0,0.11507399999472,0.012235711890504056,1297616.470598072
7,1000.0,grain,0.1150751414487467,1.2324451508755681e-12,1e-08,0.0,paper,1.0,1.0,0.2592637708254948,0.0432106284709158,0.7114453556545128,1.0,0.11507399999472,0.012235711890504056,1297616.470598072
7,10000.0,grain,0.1150751414487467,1.2324451508769903e-13,1e-08,0.0,paper,1.0,1.0,0.2592637708254948,0.0432106284709158,0.7114453556545128,1.0,0.11507399999472,0.012235711890504056,1297616.470598072
7,1.0,interface,0.3743377708202148,0.0432106284709158,1e-08,0.0,paper,1.0,1.0,0.2592637708254948,0.0432106284709158,0.7114453556545128,1.0,0.11507399999472,0.012235711890504056,1297616.470598072
7,2.5,interface,0.3743377708202148,0.0432106284709158,1e-08,0.0,paper,1.0,1.0,0.2592637708254948,0.0432106284709158,0.7114453556545128,1.0,0.11507399999472,0.012235711890504056,1297616.470598072
7,10.0,interface,0.3743377708202148,0.0432106284709158,1e-08,0.0,paper,1.0,1.0,0.2592637708254948,0.0432106284709158,0.7114453556545128,1.0,0.11507399999472,0.012235711890504056,1297616.470598072
7,100.0,interface,0.3743377708202148,0.0432106284709158,1e-08,0.0,paper,1.0,1.0,0.2592637708254948,0.0432106284709158,0.7114453556545128,1.0,0.11507399999472,0.012235711890504056,1297616.470598072
7,1000.0,interface,0.3743377708202148,0.0432106284709158,1e-08,0.0,paper,1.0,1.0,0.2592637708254948,0.0432106284709158,0.7114453556545128,1.0,0.11507399999472,0.012235711890504056,1297616.470598072
7,10000.0,interface,0.3743377708202148,0.0432106284709158,1e-08,0.0,paper,1.0,1.0,0.2592637708254948,0.0432106284709158,0.7114453556545128,1.0,0.11507399999472,0.012235711890504056,1297616.470598072
7,1.0,all,0.37433891227291083,0.043210634151854714,1e-08,4.726526147325844e-10,paper,1.0,1.0,0.2592637708254948,0.0432106284709158,0.7114453556545128,1.0,0.11507399999472,0.012235711890504056,1297616.470598072
7,2.5,all,0.3743389122740286,0.043210640085131764,1e-08,1.1816315368314611e-09,paper,1.0,1.0,0.2592637708254948,0.0432106284709158,0.7114453556545128,1.0,0.11507399999472,0.012235711890504056,1297616.470598072
7,10.0,all,0.37433891227422816,0.04321067307911229,1e-08,4.7265261473258444e-09,paper,1.0,1.0,0.2592637708254948,0.0432106284709158,0.7114453556545128,1.0,0.11507399999472,0.012235711890504056,1297616.470598072
7,100.0,all,0.3743389122742413,0.04321107333276,1e-08,4.7265261473258444e-08,paper,1.0,1.0,0.2592637708254948,0.0432106284709158,0.7114453556545128,1.0,0.11507399999472,0.012235711890504056,1297616.470598072
7,1000.0,all,0.3743389122742415,0.04321507696734573,1e-08,4.726526147325844e-07,paper,1.0,1.0,0.2592637708254948,0.0432106284709158,0.7114453556545128,1.0,0.11507399999472,0.012235711890504056,1297616.470598072
7,10000.0,all,0.3743389122742415,0.04325511342301388,1e-08,4.726526147325844e-06,paper,1.0,1.0,0.2592637708254948,0.0432106284709158,0.7114453556545128,1.0,0.11507399999472,0.012235711890504056,1297616.470598072
8,1.0,maxwell,0.12281400025927998,4.448495197483147e-09,1e-08,4.726526147325844e-10,paper,1.0,1.0,0.22994517447847243,0.03832419574641207,0.7135782339877295,1.0,0.12281400025927998,0.010965635493926151,1150876.7491415036
8,2.5,maxwell,0.12281400025927998,1.112123799370787e-08,1e-08,1.1816315368314611e-09,paper,1.0,1.0,0.22994517447847243,0.03832419574641207,0.7135782339877295,1.0,0.12281400025927998,0.010965635493926151,1150876.7491415036
8,10.0,maxwell,0.12281400025927998,4.448495197483148e-08,1e-08,4.7265261473258444e-09,paper,1.0,1.0,0.22994517447847243,0.03832419574641207,0.7135782339877295,1.0,0.12281400025927998,0.010965635493926151,1150876.7491415036
8,100.0,maxwell,0.12281400025927998,4.4484951974831477e-07,1e-08,4.7265261473258444e-08,paper,1.0,1.0,0.22994517447847243,0.03832419574641207,0.7135782339877295,1.0,0.12281400025927998,0.010965635493926151,1150876.7491415036
8,1000.0,maxwell,0.12281400025927998,4.448495197483147e-06,1e-08,4.726526147325844e-07,paper,1.0,1.0,0.22994517447847243,0.03832419574641207,0.7135782339877295,1.0,0.12281400025927998,0.010965635493926151,1150876.7491415036
8,10000.0,maxwell,0.12281400025927998,4.448495197483148e-05,1e-08,4.726526147325844e-06,paper,1.0,1.0,0.22994517447847243,0.03832419574641207,0.7135782339877295,1.0,0.12281400025927998,0.010965635493926151,1150876.7491415036
8,1.0,grain,0.12281514171197465,1.2330639411991634e-09,1e-08,0.0,paper,1.0,1.0,0.22994517447847243,0.03832419574641207,0.7135782339877295,1.0,0.12281400025927998,0.010965635493926151,1150876.7491415036
8,2.5,grain,0.12281514171309356,4.93226059961492e-10,1e-08,0.0,paper,1.0,1.0,0.22994517447847243,0.03832419574641207,0.7135782339877295,1.0,0.12281400025927998,0.010965635493926151,1150876.7491415036
8,10.0,grain,0.12281514171329336,1.2330653657440807e-10,1e-08,0.0,paper,1.0,1.0,0.22994517447847243,0.03832419574641207,0.7135782339877295,1.0,0.12281400025927998,0.010965635493926151,1150876.7491415036
8,100.0,grain,0.12281514171330654,1.2330653799895464e-11,1e-08,0.0,paper,1.0,1.0,0.22994517447847243,0.03832419574641207,0.7135782339877295,1.0,0.12281400025927998,0.010965635493926151,1150876.7491415036
8,1000.0,grain,0.12281514171330668,1.2330653801320015e-12,1e-08,0.0,paper,1.0,1.0,0.22994517447847243,0.03832419574641207,0.7135782339877295,1.0,0.12281400025927998,0.010965635493926151,1150876.7491415036
8,10000.0,grain,0.12281514171330668,1.2330653801334254e-13,1e-08,0.0,paper,1.0,1.0,0.22994517447847243,0.03832419574641207,0.7135782339877295,1.0,0.12281400025927998,0.010965635493926151,1150876.7491415036
8,1.0,interface,0.3527591747377524,0.03832419574641207,1e-08,0.0,paper,1.0,1.0,0.22994517447847243,0.03832419574641207,0.7135782339877295,1.0,0.12281400025927998,0.010965635493926151,1150876.7491415036
8,2.5,interface,0.3527591747377524,0.03832419574641207,1e-08,0.0,paper,1.0,1.0,0.22994517447847243,0.03832419574641207,0.7135782339877295,1.0,0.12281400025927998,0.010965635493926151,1150876.7491415036
8,10.0,interface,0.3527591747377524,0.03832419574641207,1e-08,0.0,paper,1.0,1.0,0.22994517447847243,0.03832419574641207,0.7135782339877295,1.0,0.12281400025927998,0.010965635493926151,1150876.7491415036
8,100.0,interface,0.3527591747377524,0.03832419574641207,1e-08,0.0,paper,1.0,1.0,0.22994517447847243,0.03832419574641207,0.7135782339877295,1.0,0.12281400025927998,0.010965635493926151,1150876.7491415036
8,1000.0,interface,0.3527591747377524,0.03832419574641207,1e-08,0.0,paper,1.0,1.0,0.22994517447847243,0.03832419574641207,0.7135782339877295,1.0,0.12281400025927998,0.010965635493926151,1150876.7491415036
8,10000.0,interface,0.3527591747377524,0.03832419574641207,1e-08,0.0,paper,1.0,1.0,0.22994517447847243,0.03832419574641207,0.7135782339877295,1.0,0.12281400025927998,0.010965635493926151,1150876.7491415036
8,1.0,all,0.35276031619044707,0.03832420142797121,1e-08,4.726526147325844e-10,paper,1.0,1.0,0.22994517447847243,0.03832419574641207,0.7135782339877295,1.0,0.12281400025927998,0.010965635493926151,1150876.7491415036
8,2.5,all,0.352760316191566,0.03832420736087612,1e-08,1.1816315368314611e-09,paper,1.0,1.0,0.22994517447847243,0.03832419574641207,0.7135782339877295,1.0,0.12281400025927998,0.010965635493926151,1150876.7491415036
8,10.0,all,0.3527603161917658,0.03832424035467058,1e-08,4.7265261473258444e-09,paper,1.0,1.0,0.22994517447847243,0.03832419574641207,0.7135782339877295,1.0,0.12281400025927998,0.010965635493926151,1150876.7491415036
8,100.0,all,0.35276031619177894,0.03832464060826247,1e-08,4.7265261473258444e-08,paper,1.0,1.0,0.22994517447847243,0.03832419574641207,0.7135782339877295,1.0,0.12281400025927998,0.010965635493926151,1150876.7491415036
8,1000.0,all,0.3527603161917791,0.038328644242842616,1e-08,4.726526147325844e-07,paper,1.0,1.0,0.22994517447847243,0.03832419574641207,0.7135782339877295,1.0,0.12281400025927998,0.010965635493926151,1150876.7491415036
8,10000.0,all,0.3527603161917791,0.03836868069851021,1e-08,4.726526147325844e-06,paper,1.0,1.0,0.22994517447847243,0.03832419574641207,0.7135782339877295,1.0,0.12281400025927998,0.010965635493926151,1150876.7491415036
9,1.0,maxwell,0.19110000041439998,4.448495197483147e-09,1e-08,4.726526147325844e-10,paper,1.0,1.0,0.18698233214996055,0.031163722024993425,0.718030467184654,1.0,0.19110000041439998,0.009114129374345825,935847.5082580608
9,2.5,maxwell,0.19110000041439998,1.112123799370787e-08,1e-08,1.1816315368314611e-09,paper,1.0,1.0,0.18698233214996055,0.031163722024993425,0.718030467184654,1.0,0.19110000041439998,0.009114129374345825,935847.5082580608
9,10.0,maxwell,0.19110000041439998,4.448495197483148e-08,1e-08,4.7265261473258444e-09,paper,1.0,1.0,0.18698233214996055,0.031163722024993425,0.718030467184654,1.0,0.19110000041439998,0.009114129374345825,935847.5082580608
9,100.0,maxwell,0.19110000041439998,4.4484951974831477e-07,1e-08,4.7265261473258444e-08,paper,1.0,1.0,0.18698233214996055,0.031163722024993425,0.718030467184654,1.0,0.19110000041439998,0.009114129374345825,935847.5082580608
9,1000.0,maxwell,0.19110000041439998,4.448495197483147e-06,1e-08,4.726526147325844e-07,paper,1.0,1.0,0.18698233214996055,0.031163722024993425,0.718030467184654,1.0,0.19110000041439998,0.009114129374345825,935847.5082580608
9,10000.0,maxwell,0.19110000041439998,4.448495197483148e-05,1e-08,4.726526147325844e-06,paper,1.0,1.0,0.18698233214996055,0.031163722024993425,0.718030467184654,1.0,0.19110000041439998,0.009114129374345825,935847.5082580608
9,1.0,grain,0.19110112678581245,1.2223702055358203e-09,1e-08,0.0,paper,1.0,1.0,0.18698233214996055,0.031163722024993425,0.718030467184654,1.0,0.19110000041439998,0.009114129374345825,935847.5082580608
9,2.5,grain,0.19110112678692676,4.889485659233903e-10,1e-08,0.0,paper,1.0,1.0,0.18698233214996055,0.031163722024993425,0.718030467184654,1.0,0.19110000041439998,0.009114129374345825,935847.5082580608
9,10.0,grain,0.19110112678712574,1.222371630750273e-10,1e-08,0.0,paper,1.0,1.0,0.18698233214996055,0.031163722024993425,0.718030467184654,1.0,0.19110000041439998,0.009114129374345825,935847.5082580608
9,100.0,grain,0.19110112678713886,1.2223716450024344e-11,1e-08,0.0,paper,1.0,1.0,0.18698233214996055,0.031163722024993425,0.718030467184654,1.0,0.19110000041439998,0.009114129374345825,935847.5082580608
9,1000.0,grain,0.191101126787139,1.222371645144956e-12,1e-08,0.0,paper,1.0,1.0,0.18698233214996055,0.031163722024993425,0.718030467184654,1.0,0.19110000041439998,0.009114129374345825,935847.5082580608
9,10000.0,grain,0.191101126787139,1.222371645146381e-13,1e-08,0.0,paper,1.0,1.0,0.18698233214996055,0.031163722024993425,0.718030467184654,1.0,0.19110000041439998,0.009114129374345825,935847.5082580608
9,1.0,interface,0.3780823325643605,0.031163722024993425,1e-08,0.0,paper,1.0,1.0,0.18698233214996055,0.031163722024993425,0.718030467184654,1.0,0.19110000041439998,0.009114129374345825,935847.5082580608
9,2.5,interface,0.3780823325643605,0.031163722024993425,1e-08,0.0,paper,1.0,1.0,0.18698233214996055,0.031163722024993425,0.718030467184654,1.0,0.19110000041439998,0.009114129374345825,935847.5082580608
9,10.0,interface,0.3780823325643605,0.031163722024993425,1e-08,0.0,paper,1.0,1.0,0.18698233214996055,0.031163722024993425,0.718030467184654,1.0,0.19110000041439998,0.009114129374345825,935847.5082580608
9,100.0,interface,0.3780823325643605,0.031163722024993425,1e-08,0.0,paper,1.0,1.0,0.18698233214996055,0.031163722024993425,0.718030467184654,1.0,0.19110000041439998,0.009114129374345825,935847.5082580608
9,1000.0,interface,0.3780823325643605,0.031163722024993425,1e-08,0.0,paper,1.0,1.0,0.18698233214996055,0.031163722024993425,0.718030467184654,1.0,0.19110000041439998,0.009114129374345825,935847.5082580608
9,10000.0,interface,0.3780823325643605,0.031163722024993425,1e-08,0.0,paper,1.0,1.0,0.18698233214996055,0.031163722024993425,0.718030467184654,1.0,0.19110000041439998,0.009114129374345825,935847.5082580608
9,1.0,all,0.378083458935773,0.031163727695858828,1e-08,4.726526147325844e-10,paper,1.0,1.0,0.18698233214996055,0.031163722024993425,0.718030467184654,1.0,0.19110000041439998,0.009114129374345825,935847.5082580608
9,2.5,all,0.37808345893688733,0.031163733635179984,1e-08,1.1816315368314611e-09,paper,1.0,1.0,0.18698233214996055,0.031163722024993425,0.718030467184654,1.0,0.19110000041439998,0.009114129374345825,935847.5082580608
9,10.0,all,0.3780834589370863,0.031163766632182562,1e-08,4.7265261473258444e-09,paper,1.0,1.0,0.18698233214996055,0.031163722024993425,0.718030467184654,1.0,0.19110000041439998,0.009114129374345825,935847.5082580608
9,100.0,all,0.3780834589370994,0.03116416688673689,1e-08,4.7265261473258444e-08,paper,1.0,1.0,0.18698233214996055,0.031163722024993425,0.718030467184654,1.0,0.19110000041439998,0.009114129374345825,935847.5082580608
9,1000.0,all,0.37808345893709955,0.03116817052141328,1e-08,4.726526147325844e-07,paper,1.0,1.0,0.18698233214996055,0.031163722024993425,0.718030467184654,1.0,0.19110000041439998,0.009114129374345825,935847.5082580608
9,10000.0,all,0.37808345893709955,0.031208206977090494,1e-08,4.726526147325844e-06,paper,1.0,1.0,0.18698233214996055,0.031163722024993425,0.718030467184654,1.0,0.19110000041439998,0.009114129374345825,935847.5082580608
10,1.0,maxwell,0.24106399994431998,4.448495197483147e-09,1e-08,4.726526147325844e-10,paper,1.0,1.0,0.16918900130384854,0.028198166883974755,0.7264543310096353,1.0,0.24106399994431998,0.008600516438029652,846791.7983175602
10,2.5,maxwell,0.24106399994431998,1.112123799370787e-08,1e-08,1.1816315368314611e-09,paper,1.0,1.0,0.16918900130384854,0.028198166883974755,0.7264543310096353,1.0,0.24106399994431998,0.008600516438029652,846791.7983175602
10,10.0,maxwell,0.24106399994431998,4.448495197483148e-08,1e-08,4.7265261473258444e-09,paper,1.0,1.0,0.16918900130384854,0.028198166883974755,0.7264543310096353,1.0,0.24106399994431998,0.008600516438029652,846791.7983175602
10,100.0,maxwell,0.24106399994431998,4.4484951974831477e-07,1e-08,4.7265261473258444e-08,paper,1.0,1.0,0.16918900130384854,0.028198166883974755,0.7264543310096353,1.0,0.24106399994431998,0.008600516438029652,846791.7983175602
10,1000.0,maxwell,0.24106399994431998,4.448495197483147e-06,1e-08,4.726526147325844e-07,paper,1.0,1.0,0.16918900130384854,0.028198166883974755,0.7264543310096353,1.0,0.24106399994431998,0.008600516438029652,846791.7983175602
10,10000.0,maxwell,0.24106399994431998,4.448495197483148e-05,1e-08,4.726526147325844e-06,paper,1.0,1.0,0.16918900130384854,0.028198166883974755,0.7264543310096353,1.0,0.24106399994431998,0.008600516438029652,846791.7983175602
10,1.0,grain,0.241065100701982,1.2333450083497345e-09,1e-08,0.0,paper,1.0,1.0,0.16918900130384854,0.028198166883974755,0.7264543310096353,1.0,0.24106399994431998,0.008600516438029652,846791.7983175602
10,2.5,grain,0.2410651007031428,4.933385235867893e-10,1e-08,0.0,paper,1.0,1.0,0.16918900130384854,0.028198166883974755,0.7264543310096353,1.0,0.24106399994431998,0.008600516438029652,846791.7983175602
10,10.0,grain,0.2410651007033501,1.2333465412203405e-10,1e-08,0.0,paper,1.0,1.0,0.16918900130384854,0.028198166883974755,0.7264543310096353,1.0,0.24106399994431998,0.008600516438029652,846791.7983175602
10,100.0,grain,0.24106510070336376,1.2333465565490652e-11,1e-08,0.0,paper,1.0,1.0,0.16918900130384854,0.028198166883974755,0.7264543310096353,1.0,0.24106399994431998,0.008600516438029652,846791.7983175602
10,1000.0,grain,0.2410651007033639,1.233346556702353e-12,1e-08,0.0,paper,1.0,1.0,0.16918900130384854,0.028198166883974755,0.7264543310096353,1.0,0.24106399994431998,0.008600516438029652,846791.7983175602
10,10000.0,grain,0.2410651007033639,1.2333465567038853e-13,1e-08,0.0,paper,1.0,1.0,0.16918900130384854,0.028198166883974755,0.7264543310096353,1.0,0.24106399994431998,0.008600516438029652,846791.7983175602
10,1.0,interface,0.41025300124816855,0.028198166883974755,1e-08,0.0,paper,1.0,1.0,0.16918900130384854,0.028198166883974755,0.7264543310096353,1.0,0.24106399994431998,0.008600516438029652,846791.7983175602
10,2.5,interface,0.41025300124816855,0.028198166883974755,1e-08,0.0,paper,1.0,1.0,0.16918900130384854,0.028198166883974755,0.7264543310096353,1.0,0.24106399994431998,0.008600516438029652,846791.7983175602
10,10.0,interface,0.41025300124816855,0.028198166883974755,1e-08,0.0,paper,1.0,1.0,0.16918900130384854,0.028198166883974755,0.7264543310096353,1.0,0.24106399994431998,0.008600516438029652,846791.7983175602
10,100.0,interface,0.41025300124816855,0.028198166883974755,1e-08,0.0,paper,1.0,1.0,0.16918900130384854,0.028198166883974755,0.7264543310096353,1.0,0.24106399994431998,0.008600516438029652,846791.7983175602
10,1000.0,interface,0.41025300124816855,0.028198166883974755,1e-08,0.0,paper,1.0,1.0,0.16918900130384854,0.028198166883974755,0.7264543310096353,1.0,0.24106399994431998,0.008600516438029652,846791.7983175602
10,10000.0,interface,0.41025300124816855,0.028198166883974755,1e-08,0.0,paper,1.0,1.0,0.16918900130384854,0.028198166883974755,0.7264543310096353,1.0,0.24106399994431998,0.008600516438029652,846791.7983175602
10,1.0,all,0.41025410200583057,0.02819817256581496,1e-08,4.726526147325844e-10,paper,1.0,1.0,0.16918900130384854,0.028198166883974755,0.7264543310096353,1.0,0.24106399994431998,0.008600516438029652,846791.7983175602
10,2.5,all,0.4102541020069913,0.02819817849855127,1e-08,1.1816315368314611e-09,paper,1.0,1.0,0.16918900130384854,0.028198166883974755,0.7264543310096353,1.0,0.24106399994431998,0.008600516438029652,846791.7983175602
10,10.0,all,0.41025410200719864,0.028198211492261385,1e-08,4.7265261473258444e-09,paper,1.0,1.0,0.16918900130384854,0.028198166883974755,0.7264543310096353,1.0,0.24106399994431998,0.008600516438029652,846791.7983175602
10,100.0,all,0.4102541020072123,0.028198611745827967,1e-08,4.7265261473258444e-08,paper,1.0,1.0,0.16918900130384854,0.028198166883974755,0.7264543310096353,1.0,0.24106399994431998,0.008600516438029652,846791.7983175602
10,1000.0,all,0.41025410200721246,0.028202615380405586,1e-08,4.726526147325844e-07,paper,1.0,1.0,0.16918900130384854,0.028198166883974755,0.7264543310096353,1.0,0.24106399994431998,0.008600516438029652,846791.7983175602
10,10000.0,all,0.41025410200721246,0.02824265183607292,1e-08,4.726526147325844e-06,paper,1.0,1.0,0.16918900130384854,0.028198166883974755,0.7264543310096353,1.0,0.24106399994431998,0.008600516438029652,846791.7983175602
11,1.0,maxwell,0.2456714430604738,4.448495197483147e-09,1e-08,4.726526147325844e-10,paper,0.9558016665160435,0.9776510965145201,0.26216243271363265,0.043693738785605445,0.7427550233805315,0.9776510965145201,0.25703182121031604,0.014820374931412163,1342119.1798730127
11,2.5,maxwell,0.2456714430604738,1.112123799370787e-08,1e-08,1.1816315368314611e-09,paper,0.9558016665160435,0.9776510965145201,0.26216243271363265,0.043693738785605445,0.7427550233805315,0.9776510965145201,0.25703182121031604,0.014820374931412163,1342119.1798730127
11,10.0,maxwell,0.2456714430604738,4.448495197483148e-08,1e-08,4.7265261473258444e-09,paper,0.9558016665160435,0.9776510965145201,0.26216243271363265,0.043693738785605445,0.7427550233805315,0.9776510965145201,0.25703182121031604,0.014820374931412163,1342119.1798730127
11,100.0,maxwell,0.2456714430604738,4.4484951974831477e-07,1e-08,4.7265261473258444e-08,paper,0.9558016665160435,0.9776510965145201,0.26216243271363265,0.043693738785605445,0.7427550233805315,0.9776510965145201,0.25703182121031604,0.014820374931412163,1342119.1798730127
11,1000.0,maxwell,0.2456714430604738,4.448495197483147e-06,1e-08,4.726526147325844e-07,paper,0.9558016665160435,0.9776510965145201,0.26216243271363265,0.043693738785605445,0.7427550233805315,0.9776510965145201,0.25703182121031604,0.014820374931412163,1342119.1798730127
11,10000.0,maxwell,0.2456714430604738,4.448495197483148e-05,1e-08,4.726526147325844e-06,paper,0.9558016665160435,0.9776510965145201,0.26216243271363265,0.043693738785605445,0.7427550233805315,0.9776510965145201,0.25703182121031604,0.014820374931412163,1342119.1798730127
11,1.0,grain,0.24567252276709678,1.3154592581831217e-09,1e-08,0.0,paper,0.9558016665160435,0.9776510965145201,0.26216243271363265,0.043693738785605445,0.7427550233805315,0.9776510965145201,0.25703182121031604,0.014820374931412163,1342119.1798730127
11,2.5,grain,0.24567252276844304,5.261843593578565e-10,1e-08,0.0,paper,0.9558016665160435,0.9776510965145201,0.26216243271363265,0.043693738785605445,0.7427550233805315,0.9776510965145201,0.25703182121031604,0.014820374931412163,1342119.1798730127
11,10.0,grain,0.24567252276868345,1.3154611912899857e-10,1e-08,0.0,paper,0.9558016665160435,0.9776510965145201,0.26216243271363265,0.043693738785605445,0.7427550233805315,0.9776510965145201,0.25703182121031604,0.014820374931412163,1342119.1798730127
11,100.0,grain,0.24567252276869933,1.3154612106210832e-11,1e-08,0.0,paper,0.9558016665160435,0.9776510965145201,0.26216243271363265,0.043693738785605445,0.7427550233805315,0.9776510965145201,0.25703182121031604,0.014820374931412163,1342119.1798730127
11,1000.0,grain,0.24567252276869947,1.3154612108143944e-12,1e-08,0.0,paper,0.9558016665160435,0.9776510965145201,0.26216243271363265,0.043693738785605445,0.7427550233805315,0.9776510965145201,0.25703182121031604,0.014820374931412163,1342119.1798730127
11,10000.0,grain,0.24567252276869947,1.3154612108163276e-13,1e-08,0.0,paper,0.9558016665160435,0.9776510965145201,0.26216243271363265,0.043693738785605445,0.7427550233805315,0.9776510965145201,0.25703182121031604,0.014820374931412163,1342119.1798730127
11,1.0,interface,0.5078338757741064,0.043693738785605445,1e-08,0.0,paper,0.9558016665160435,0.9776510965145201,0.26216243271363265,0.043693738785605445,0.7427550233805315,0.9776510965145201,0.25703182121031604,0.014820374931412163,1342119.1798730127
11,2.5,interface,0.5078338757741064,0.043693738785605445,1e-08,0.0,paper,0.9558016665160435,0.9776510965145201,0.26216243271363265,0.043693738785605445,0.7427550233805315,0.9776510965145201,0.25703182121031604,0.014820374931412163,1342119.1798730127
11,10.0,interface,0.5078338757741064,0.043693738785605445,1e-08,0.0,paper,0.9558016665160435,0.9776510965145201,0.26216243271363265,0.043693738785605445,0.7427550233805315,0.9776510965145201,0.25703182121031604,0.014820374931412163,1342119.1798730127
11,100.0,interface,0.5078338757741064,0.043693738785605445,1e-08,0.0,paper,0.9558016665160435,0.9776510965145201,0.26216243271363265,0.043693738785605445,0.7427550233805315,0.9776510965145201,0.25703182121031604,0.014820374931412163,1342119.1798730127
11,1000.0,interface,0.5078338757741064,0.043693738785605445,1e-08,0.0,paper,0.9558016665160435,0.9776510965145201,0.26216243271363265,0.043693738785605445,0.7427550233805315,0.9776510965145201,0.25703182121031604,0.014820374931412163,1342119.1798730127
11,10000.0,interface,0.5078338757741064,0.043693738785605445,1e-08,0.0,paper,0.9558016665160435,0.9776510965145201,0.26216243271363265,0.043693738785605445,0.7427550233805315,0.9776510965145201,0.25703182121031604,0.014820374931412163,1342119.1798730127
11,1.0,all,0.5078349554807294,0.0436937445495599,1e-08,4.726526147325844e-10,paper,0.9558016665160435,0.9776510965145201,0.26216243271363265,0.043693738785605445,0.7427550233805315,0.9776510965145201,0.25703182121031604,0.014820374931412163,1342119.1798730127
11,2.5,all,0.5078349554820757,0.0436937504330278,1e-08,1.1816315368314611e-09,paper,0.9558016665160435,0.9776510965145201,0.26216243271363265,0.043693738785605445,0.7427550233805315,0.9776510965145201,0.25703182121031604,0.014820374931412163,1342119.1798730127
11,10.0,all,0.507834955482316,0.04369378340210354,1e-08,4.7265261473258444e-09,paper,0.9558016665160435,0.9776510965145201,0.26216243271363265,0.043693738785605445,0.7427550233805315,0.9776510965145201,0.25703182121031604,0.014820374931412163,1342119.1798730127
11,100.0,all,0.507834955482332,0.0436941836482798,1e-08,4.7265261473258444e-08,paper,0.9558016665160435,0.9776510965145201,0.26216243271363265,0.043693738785605445,0.7427550233805315,0.9776510965145201,0.25703182121031604,0.014820374931412163,1342119.1798730127
11,1000.0,all,0.5078349554823322,0.04369818728211839,1e-08,4.726526147325844e-07,paper,0.9558016665160435,0.9776510965145201,0.26216243271363265,0.043693738785605445,0.7427550233805315,0.9776510965145201,0.25703182121031604,0.014820374931412163,1342119.1798730127
11,10000.0,all,0.5078349554823322,0.04373822373771182,1e-08,4.726526147325844e-06,paper,0.9558016665160435,0.9776510965145201,0.26216243271363265,0.043693738785605445,0.7427550233805315,0.9776510965145201,0.25703182121031604,0.014820374931412163,1342119.1798730127
12,1.0,maxwell,0.19309521104490565,4.448495197483147e-09,1e-08,4.726526147325844e-10,paper,0.7210570011554609,0.8491507529028405,0.31576584240064726,0.05262764040010788,0.7676736755828464,0.8491507529028405,0.26779465525676804,0.023519739422508235,1861164.9535988707
12,2.5,maxwell,0.19309521104490565,1.112123799370787e-08,1e-08,1.1816315368314611e-09,paper,0.7210570011554609,0.8491507529028405,0.31576584240064726,0.05262764040010788,0.7676736755828464,0.8491507529028405,0.26779465525676804,0.023519739422508235,1861164.9535988707
12,10.0,maxwell,0.19309521104490565,4.448495197483148e-08,1e-08,4.7265261473258444e-09,paper,0.7210570011554609,0.8491507529028405,0.31576584240064726,0.05262764040010788,0.7676736755828464,0.8491507529028405,0.26779465525676804,0.023519739422508235,1861164.9535988707
12,100.0,maxwell,0.19309521104490565,4.4484951974831477e-07,1e-08,4.7265261473258444e-08,paper,0.7210570011554609,0.8491507529028405,0.31576584240064726,0.05262764040010788,0.7676736755828464,0.8491507529028405,0.26779465525676804,0.023519739422508235,1861164.9535988707
12,1000.0,maxwell,0.19309521104490565,4.448495197483147e-06,1e-08,4.726526147325844e-07,paper,0.7210570011554609,0.8491507529028405,0.31576584240064726,0.05262764040010788,0.7676736755828464,0.8491507529028405,0.26779465525676804,0.023519739422508235,1861164.9535988707
12,10000.0,maxwell,0.19309521104490565,4.448495197483148e-05,1e-08,4.726526147325844e-06,paper,0.7210570011554609,0.8491507529028405,0.31576584240064726,0.05262764040010788,0.7676736755828464,0.8491507529028405,0.26779465525676804,0.023519739422508235,1861164.9535988707
12,1.0,grain,0.19309631039518255,1.5242157641593611e-09,1e-08,0.0,paper,0.7210570011554609,0.8491507529028405,0.31576584240064726,0.05262764040010788,0.7676736755828464,0.8491507529028405,0.26779465525676804,0.023519739422508235,1861164.9535988707
12,2.5,grain,0.1930963103969577,6.096872901424132e-10,1e-08,0.0,paper,0.7210570011554609,0.8491507529028405,0.31576584240064726,0.05262764040010788,0.7676736755828464,0.8491507529028405,0.26779465525676804,0.023519739422508235,1861164.9535988707
12,10.0,grain,0.1930963103972747,1.5242186648562753e-10,1e-08,0.0,paper,0.7210570011554609,0.8491507529028405,0.31576584240064726,0.05262764040010788,0.7676736755828464,0.8491507529028405,0.26779465525676804,0.023519739422508235,1861164.9535988707
12,100.0,grain,0.19309631039729563,1.5242186938633e-11,1e-08,0.0,paper,0.7210570011554609,0.8491507529028405,0.31576584240064726,0.05262764040010788,0.7676736755828464,0.8491507529028405,0.26779465525676804,0.023519739422508235,1861164.9535988707
12,1000.0,grain,0.19309631039729583,1.5242186941533705e-12,1e-08,0.0,paper,0.7210570011554609,0.8491507529028405,0.31576584240064726,0.05262764040010788,0.7676736755828464,0.8491507529028405,0.26779465525676804,0.023519739422508235,1861164.9535988707
12,10000.0,grain,0.19309631039729583,1.5242186941562711e-13,1e-08,0.0,paper,0.7210570011554609,0.8491507529028405,0.31576584240064726,0.05262764040010788,0.7676736755828464,0.8491507529028405,0.26779465525676804,0.023519739422508235,1861164.9535988707
12,1.0,interface,0.5088610534455529,0.05262764040010788,1e-08,0.0,paper,0.7210570011554609,0.8491507529028405,0.31576584240064726,0.05262764040010788,0.7676736755828464,0.8491507529028405,0.26779465525676804,0.023519739422508235,1861164.9535988707
12,2.5,interface,0.5088610534455529,0.05262764040010788,1e-08,0.0,paper,0.7210570011554609,0.8491507529028405,0.31576584240064726,0.05262764040010788,0.7676736755828464,0.8491507529028405,0.26779465525676804,0.023519739422508235,1861164.9535988707
12,10.0,interface,0.5088610534455529,0.05262764040010788,1e-08,0.0,paper,0.7210570011554609,0.8491507529028405,0.31576584240064726,0.05262764040010788,0.7676736755828464,0.8491507529028405,0.26779465525676804,0.023519739422508235,1861164.9535988707
12,100.0,interface,0.5088610534455529,0.05262764040010788,1e-08,0.0,paper,0.7210570011554609,0.8491507529028405,0.31576584240064726,0.05262764040010788,0.7676736755828464,0.8491507529028405,0.26779465525676804,0.023519739422508235,1861164.9535988707
12,1000.0,interface,0.5088610534455529,0.05262764040010788,1e-08,0.0,paper,0.7210570011554609,0.8491507529028405,0.31576584240064726,0.05262764040010788,0.7676736755828464,0.8491507529028405,0.26779465525676804,0.023519739422508235,1861164.9535988707
12,10000.0,interface,0.5088610534455529,0.05262764040010788,1e-08,0.0,paper,0.7210570011554609,0.8491507529028405,0.31576584240064726,0.05262764040010788,0.7676736755828464,0.8491507529028405,0.26779465525676804,0.023519739422508235,1861164.9535988707
12,1.0,all,0.5088621527958298,0.052627646372818845,1e-08,4.726526147325844e-10,paper,0.7210570011554609,0.8491507529028405,0.31576584240064726,0.05262764040010788,0.7676736755828464,0.8491507529028405,0.26779465525676804,0.023519739422508235,1861164.9535988707
12,2.5,all,0.5088621527976049,0.05262765213103317,1e-08,1.1816315368314611e-09,paper,0.7210570011554609,0.8491507529028405,0.31576584240064726,0.05262764040010788,0.7676736755828464,0.8491507529028405,0.26779465525676804,0.023519739422508235,1861164.9535988707
12,10.0,all,0.508862152797922,0.05262768503748172,1e-08,4.7265261473258444e-09,paper,0.7210570011554609,0.8491507529028405,0.31576584240064726,0.05262764040010788,0.7676736755828464,0.8491507529028405,0.26779465525676804,0.023519739422508235,1861164.9535988707
12,100.0,all,0.5088621527979429,0.05262808526486982,1e-08,4.7265261473258444e-08,paper,0.7210570011554609,0.8491507529028405,0.31576584240064726,0.05262764040010788,0.7676736755828464,0.8491507529028405,0.26779465525676804,0.023519739422508235,1861164.9535988707
12,1000.0,all,0.5088621527979431,0.05263208889682958,1e-08,4.726526147325844e-07,paper,0.7210570011554609,0.8491507529028405,0.31576584240064726,0.05262764040010788,0.7676736755828464,0.8491507529028405,0.26779465525676804,0.023519739422508235,1861164.9535988707
12,10000.0,all,0.5088621527979431,0.05267212535223514,1e-08,4.726526147325844e-06,paper,0.7210570011554609,0.8491507529028405,0.31576584240064726,0.05262764040010788,0.7676736755828464,0.8491507529028405,0.26779465525676804,0.023519739422508235,1861164.9535988707
13,1.0,maxwell,0.11437963294248725,4.448495197483147e-09,1e-08,4.726526147325844e-10,paper,0.4106141006245962,0.6407917763397063,0.3282923692719372,0.05471539487865621,0.7899295307618799,0.6407917763397063,0.27855748930322,0.03687577293344552,2564179.2107518082
13,2.5,maxwell,0.11437963294248725,1.112123799370787e-08,1e-08,1.1816315368314611e-09,paper,0.4106141006245962,0.6407917763397063,0.3282923692719372,0.05471539487865621,0.7899295307618799,0.6407917763397063,0.27855748930322,0.03687577293344552,2564179.2107518082
13,10.0,maxwell,0.11437963294248725,4.448495197483148e-08,1e-08,4.7265261473258444e-09,paper,0.4106141006245962,0.6407917763397063,0.3282923692719372,0.05471539487865621,0.7899295307618799,0.6407917763397063,0.27855748930322,0.03687577293344552,2564179.2107518082
13,100.0,maxwell,0.11437963294248725,4.4484951974831477e-07,1e-08,4.7265261473258444e-08,paper,0.4106141006245962,0.6407917763397063,0.3282923692719372,0.05471539487865621,0.7899295307618799,0.6407917763397063,0.27855748930322,0.03687577293344552,2564179.2107518082
13,1000.0,maxwell,0.11437963294248725,4.448495197483147e-06,1e-08,4.726526147325844e-07,paper,0.4106141006245962,0.6407917763397063,0.3282923692719372,0.05471539487865621,0.7899295307618799,0.6407917763397063,0.27855748930322,0.03687577293344552,2564179.2107518082
13,10000.0,maxwell,0.11437963294248725,4.448495197483148e-05,1e-08,4.726526147325844e-06,paper,0.4106141006245962,0.6407917763397063,0.3282923692719372,0.05471539487865621,0.7899295307618799,0.6407917763397063,0.27855748930322,0.03687577293344552,2564179.2107518082
13,1.0,grain,0.11438069305304045,1.6266304319454327e-09,1e-08,0.0,paper,0.4106141006245962,0.6407917763397063,0.3282923692719372,0.05471539487865621,0.7899295307618799,0.6407917763397063,0.27855748930322,0.03687577293344552,2564179.2107518082
13,2.5,grain,0.114380693055137,6.506534595557289e-10,1e-08,0.0,paper,0.4106141006245962,0.6407917763397063,0.3282923692719372,0.05471539487865621,0.7899295307618799,0.6407917763397063,0.27855748930322,0.03687577293344552,2564179.2107518082
13,10.0,grain,0.11438069305551139,1.6266342233449272e-10,1e-08,0.0,paper,0.4106141006245962,0.6407917763397063,0.3282923692719372,0.05471539487865621,0.7899295307618799,0.6407917763397063,0.27855748930322,0.03687577293344552,2564179.2107518082
13,100.0,grain,0.1143806930555361,1.6266342612590113e-11,1e-08,0.0,paper,0.4106141006245962,0.6407917763397063,0.3282923692719372,0.05471539487865621,0.7899295307618799,0.6407917763397063,0.27855748930322,0.03687577293344552,2564179.2107518082
13,1000.0,grain,0.11438069305553634,1.6266342616381525e-12,1e-08,0.0,paper,0.4106141006245962,0.6407917763397063,0.3282923692719372,0.05471539487865621,0.7899295307618799,0.6407917763397063,0.27855748930322,0.03687577293344552,2564179.2107518082
13,10000.0,grain,0.11438069305553634,1.6266342616419438e-13,1e-08,0.0,paper,0.4106141006245962,0.6407917763397063,0.3282923692719372,0.05471539487865621,0.7899295307618799,0.6407917763397063,0.27855748930322,0.03687577293344552,2564179.2107518082
13,1.0,interface,0.4426720022144245,0.05471539487865621,1e-08,0.0,paper,0.4106141006245962,0.6407917763397063,0.3282923692719372,0.05471539487865621,0.7899295307618799,0.6407917763397063,0.27855748930322,0.03687577293344552,2564179.2107518082
13,2.5,interface,0.4426720022144245,0.05471539487865621,1e-08,0.0,paper,0.4106141006245962,0.6407917763397063,0.3282923692719372,0.05471539487865621,0.7899295307618799,0.6407917763397063,0.27855748930322,0.03687577293344552,2564179.2107518082
13,10.0,interface,0.4426720022144245,0.05471539487865621,1e-08,0.0,paper,0.4106141006245962,0.6407917763397063,0.3282923692719372,0.05471539487865621,0.7899295307618799,0.6407917763397063,0.27855748930322,0.03687577293344552,2564179.2107518082
13,100.0,interface,0.4426720022144245,0.05471539487865621,1e-08,0.0,paper,0.4106141006245962,0.6407917763397063,0.3282923692719372,0.05471539487865621,0.7899295307618799,0.6407917763397063,0.27855748930322,0.03687577293344552,2564179.2107518082
13,1000.0,interface,0.4426720022144245,0.05471539487865621,1e-08,0.0,paper,0.4106141006245962,0.6407917763397063,0.3282923692719372,0.05471539487865621,0.7899295307618799,0.6407917763397063,0.27855748930322,0.03687577293344552,2564179.2107518082
13,10000.0,interface,0.4426720022144245,0.05471539487865621,1e-08,0.0,paper,0.4106141006245962,0.6407917763397063,0.3282923692719372,0.05471539487865621,0.7899295307618799,0.6407917763397063,0.27855748930322,0.03687577293344552,2564179.2107518082
13,1.0,all,0.44267306232497766,0.05471540095378184,1e-08,4.726526147325844e-10,paper,0.4106141006245962,0.6407917763397063,0.3282923692719372,0.05471539487865621,0.7899295307618799,0.6407917763397063,0.27855748930322,0.03687577293344552,2564179.2107518082
13,2.5,all,0.4426730623270742,0.054715406650547666,1e-08,1.1816315368314611e-09,paper,0.4106141006245962,0.6407917763397063,0.3282923692719372,0.05471539487865621,0.7899295307618799,0.6407917763397063,0.27855748930322,0.03687577293344552,2564179.2107518082
13,10.0,all,0.44267306232744863,0.05471543952627161,1e-08,4.7265261473258444e-09,paper,0.4106141006245962,0.6407917763397063,0.3282923692719372,0.05471539487865621,0.7899295307618799,0.6407917763397063,0.27855748930322,0.03687577293344552,2564179.2107518082
13,100.0,all,0.44267306232747333,0.0547158397444423,1e-08,4.7265261473258444e-08,paper,0.4106141006245962,0.6407917763397063,0.3282923692719372,0.05471539487865621,0.7899295307618799,0.6407917763397063,0.27855748930322,0.03687577293344552,2564179.2107518082
13,1000.0,all,0.44267306232747355,0.05471984337548033,1e-08,4.726526147325844e-07,paper,0.4106141006245962,0.6407917763397063,0.3282923692719372,0.05471539487865621,0.7899295307618799,0.6407917763397063,0.27855748930322,0.03687577293344552,2564179.2107518082
13,10000.0,all,0.44267306232747355,0.05475987983079371,1e-08,4.726526147325844e-06,paper,0.4106141006245962,0.6407917763397063,0.3282923692719372,0.05471539487865621,0.7899295307618799,0.6407917763397063,0.27855748930322,0.03687577293344552,2564179.2107518082
14,1.0,maxwell,0.0772205998114837,4.448495197483147e-09,1e-08,4.726526147325844e-10,paper,0.26690347541937115,0.5166270177017179,0.31700421774512133,0.052834036290853544,0.821362708693165,0.5166270177017179,0.289320323349672,0.05400384866912872,3071089.2811612096
14,2.5,maxwell,0.0772205998114837,1.112123799370787e-08,1e-08,1.1816315368314611e-09,paper,0.26690347541937115,0.5166270177017179,0.31700421774512133,0.052834036290853544,0.821362708693165,0.5166270177017179,0.289320323349672,0.05400384866912872,3071089.2811612096
14,10.0,maxwell,0.0772205998114837,4.448495197483148e-08,1e-08,4.7265261473258444e-09,paper,0.26690347541937115,0.5166270177017179,0.31700421774512133,0.052834036290853544,0.821362708693165,0.5166270177017179,0.289320323349672,0.05400384866912872,3071089.2811612096
14,100.0,maxwell,0.0772205998114837,4.4484951974831477e-07,1e-08,4.7265261473258444e-08,paper,0.26690347541937115,0.5166270177017179,0.31700421774512133,0.052834036290853544,0.821362708693165,0.5166270177017179,0.289320323349672,0.05400384866912872,3071089.2811612096
14,1000.0,maxwell,0.0772205998114837,4.448495197483147e-06,1e-08,4.726526147325844e-07,paper,0.26690347541937115,0.5166270177017179,0.31700421774512133,0.052834036290853544,0.821362708693165,0.5166270177017179,0.289320323349672,0.05400384866912872,3071089.2811612096
14,10000.0,maxwell,0.0772205998114837,4.448495197483148e-05,1e-08,4.726526147325844e-06,paper,0.26690347541937115,0.5166270177017179,0.31700421774512133,0.052834036290853544,0.821362708693165,0.5166270177017179,0.289320323349672,0.05400384866912872,3071089.2811612096
14,1.0,grain,0.0772215786366588,1.6797567777132227e-09,1e-08,0.0,paper,0.26690347541937115,0.5166270177017179,0.31700421774512133,0.052834036290853544,0.821362708693165,0.5166270177017179,0.289320323349672,0.05400384866912872,3071089.2811612096
14,2.5,grain,0.07722157863908019,6.719043732268833e-10,1e-08,0.0,paper,0.26690347541937115,0.5166270177017179,0.31700421774512133,0.052834036290853544,0.821362708693165,0.5166270177017179,0.289320323349672,0.05400384866912872,3071089.2811612096
14,10.0,grain,0.07722157863951258,1.6797616750968694e-10,1e-08,0.0,paper,0.26690347541937115,0.5166270177017179,0.31700421774512133,0.052834036290853544,0.821362708693165,0.5166270177017179,0.289320323349672,0.05400384866912872,3071089.2811612096
14,100.0,grain,0.07722157863954113,1.6797617240708496e-11,1e-08,0.0,paper,0.26690347541937115,0.5166270177017179,0.31700421774512133,0.052834036290853544,0.821362708693165,0.5166270177017179,0.289320323349672,0.05400384866912872,3071089.2811612096
14,1000.0,grain,0.0772215786395414,1.6797617245605897e-12,1e-08,0.0,paper,0.26690347541937115,0.5166270177017179,0.31700421774512133,0.052834036290853544,0.821362708693165,0.5166270177017179,0.289320323349672,0.05400384866912872,3071089.2811612096
14,10000.0,grain,0.0772215786395414,1.679761724565487e-13,1e-08,0.0,paper,0.26690347541937115,0.5166270177017179,0.31700421774512133,0.052834036290853544,0.821362708693165,0.5166270177017179,0.289320323349672,0.05400384866912872,3071089.2811612096
14,1.0,interface,0.39422481755660504,0.052834036290853544,1e-08,0.0,paper,0.26690347541937115,0.5166270177017179,0.31700421774512133,0.052834036290853544,0.821362708693165,0.5166270177017179,0.289320323349672,0.05400384866912872,3071089.2811612096
14,2.5,interface,0.39422481755660504,0.052834036290853544,1e-08,0.0,paper,0.26690347541937115,0.5166270177017179,0.31700421774512133,0.052834036290853544,0.821362708693165,0.5166270177017179,0.289320323349672,0.05400384866912872,3071089.2811612096
14,10.0,interface,0.39422481755660504,0.052834036290853544,1e-08,0.0,paper,0.26690347541937115,0.5166270177017179,0.31700421774512133,0.052834036290853544,0.821362708693165,0.5166270177017179,0.289320323349672,0.05400384866912872,3071089.2811612096
14,100.0,interface,0.39422481755660504,0.052834036290853544,1e-08,0.0,paper,0.26690347541937115,0.5166270177017179,0.31700421774512133,0.052834036290853544,0.821362708693165,0.5166270177017179,0.289320323349672,0.05400384866912872,3071089.2811612096
14,1000.0,interface,0.39422481755660504,0.052834036290853544,1e-08,0.0,paper,0.26690347541937115,0.5166270177017179,0.31700421774512133,0.052834036290853544,0.821362708693165,0.5166270177017179,0.289320323349672,0.05400384866912872,3071089.2811612096
14,10000.0,interface,0.39422481755660504,0.052834036290853544,1e-08,0.0,paper,0.26690347541937115,0.5166270177017179,0.31700421774512133,0.052834036290853544,0.821362708693165,0.5166270177017179,0.289320323349672,0.05400384866912872,3071089.2811612096
14,1.0,all,0.3942257963817801,0.05283404241910552,1e-08,4.726526147325844e-10,paper,0.26690347541937115,0.5166270177017179,0.31700421774512133,0.052834036290853544,0.821362708693165,0.5166270177017179,0.289320323349672,0.05400384866912872,3071089.2811612096
14,2.5,all,0.3942257963842015,0.05283404808399591,1e-08,1.1816315368314611e-09,paper,0.26690347541937115,0.5166270177017179,0.31700421774512133,0.052834036290853544,0.821362708693165,0.5166270177017179,0.289320323349672,0.05400384866912872,3071089.2811612096
14,10.0,all,0.3942257963846339,0.05283408094378168,1e-08,4.7265261473258444e-09,paper,0.26690347541937115,0.5166270177017179,0.31700421774512133,0.052834036290853544,0.821362708693165,0.5166270177017179,0.289320323349672,0.05400384866912872,3071089.2811612096
14,100.0,all,0.3942257963846625,0.05283448115717091,1e-08,4.7265261473258444e-08,paper,0.26690347541937115,0.5166270177017179,0.31700421774512133,0.052834036290853544,0.821362708693165,0.5166270177017179,0.289320323349672,0.05400384866912872,3071089.2811612096
14,1000.0,all,0.3942257963846627,0.05283848478773079,1e-08,4.726526147325844e-07,paper,0.26690347541937115,0.5166270177017179,0.31700421774512133,0.052834036290853544,0.821362708693165,0.5166270177017179,0.289320323349672,0.05400384866912872,3071089.2811612096
14,10000.0,all,0.3942257963846627,0.05287852124299635,1e-08,4.726526147325844e-06,paper,0.26690347541937115,0.5166270177017179,0.31700421774512133,0.052834036290853544,0.821362708693165,0.5166270177017179,0.289320323349672,0.05400384866912872,3071089.2811612096
15,1.0,maxwell,0.05410474660451244,4.448495197483147e-09,1e-08,4.726526147325844e-10,paper,0.18029917798116077,0.4246165069579382,0.30458943071658834,0.05076490511943138,0.8449129864437112,0.4246165069579382,0.300083157396124,0.0748046227862913,3590231.656630253
15,2.5,maxwell,0.05410474660451244,1.112123799370787e-08,1e-08,1.1816315368314611e-09,paper,0.18029917798116077,0.4246165069579382,0.30458943071658834,0.05076490511943138,0.8449129864437112,0.4246165069579382,0.300083157396124,0.0748046227862913,3590231.656630253
15,10.0,maxwell,0.05410474660451244,4.448495197483148e-08,1e-08,4.7265261473258444e-09,paper,0.18029917798116077,0.4246165069579382,0.30458943071658834,0.05076490511943138,0.8449129864437112,0.4246165069579382,0.300083157396124,0.0748046227862913,3590231.656630253
15,100.0,maxwell,0.05410474660451244,4.4484951974831477e-07,1e-08,4.7265261473258444e-08,paper,0.18029917798116077,0.4246165069579382,0.30458943071658834,0.05076490511943138,0.8449129864437112,0.4246165069579382,0.300083157396124,0.0748046227862913,3590231.656630253
15,1000.0,maxwell,0.05410474660451244,4.448495197483147e-06,1e-08,4.726526147325844e-07,paper,0.18029917798116077,0.4246165069579382,0.30458943071658834,0.05076490511943138,0.8449129864437112,0.4246165069579382,0.300083157396124,0.0748046227862913,3590231.656630253
15,10000.0,maxwell,0.05410474660451244,4.448495197483148e-05,1e-08,4.726526147325844e-06,paper,0.18029917798116077,0.4246165069579382,0.30458943071658834,0.05076490511943138,0.8449129864437112,0.4246165069579382,0.300083157396124,0.0748046227862913,3590231.656630253
15,1.0,grain,0.0541056876312216,1.8539661626159184e-09,1e-08,0.0,paper,0.18029917798116077,0.4246165069579382,0.30458943071658834,0.05076490511943138,0.8449129864437112,0.4246165069579382,0.300083157396124,0.0748046227862913,3590231.656630253
15,2.5,grain,0.05410568763428978,7.415888829585174e-10,1e-08,0.0,paper,0.18029917798116077,0.4246165069579382,0.30458943071658834,0.05076490511943138,0.8449129864437112,0.4246165069579382,0.300083157396124,0.0748046227862913,3590231.656630253
15,10.0,grain,0.054105687634837675,1.8539732868255083e-10,1e-08,0.0,paper,0.18029917798116077,0.4246165069579382,0.30458943071658834,0.05076490511943138,0.8449129864437112,0.4246165069579382,0.300083157396124,0.0748046227862913,3590231.656630253
15,100.0,grain,0.054105687634873834,1.8539733580678812e-11,1e-08,0.0,paper,0.18029917798116077,0.4246165069579382,0.30458943071658834,0.05076490511943138,0.8449129864437112,0.4246165069579382,0.300083157396124,0.0748046227862913,3590231.656630253
15,1000.0,grain,0.054105687634874194,1.853973358780305e-12,1e-08,0.0,paper,0.18029917798116077,0.4246165069579382,0.30458943071658834,0.05076490511943138,0.8449129864437112,0.4246165069579382,0.300083157396124,0.0748046227862913,3590231.656630253
15,10000.0,grain,0.0541056876348742,1.8539733587874286e-13,1e-08,0.0,paper,0.18029917798116077,0.4246165069579382,0.30458943071658834,0.05076490511943138,0.8449129864437112,0.4246165069579382,0.300083157396124,0.0748046227862913,3590231.656630253
15,1.0,interface,0.35869417732110076,0.05076490511943138,1e-08,0.0,paper,0.18029917798116077,0.4246165069579382,0.30458943071658834,0.05076490511943138,0.8449129864437112,0.4246165069579382,0.300083157396124,0.0748046227862913,3590231.656630253
15,2.5,interface,0.35869417732110076,0.05076490511943138,1e-08,0.0,paper,0.18029917798116077,0.4246165069579382,0.30458943071658834,0.05076490511943138,0.8449129864437112,0.4246165069579382,0.300083157396124,0.0748046227862913,3590231.656630253
15,10.0,interface,0.35869417732110076,0.05076490511943138,1e-08,0.0,paper,0.18029917798116077,0.4246165069579382,0.30458943071658834,0.05076490511943138,0.8449129864437112,0.4246165069579382,0.300083157396124,0.0748046227862913,3590231.656630253
15,100.0,interface,0.35869417732110076,0.05076490511943138,1e-08,0.0,paper,0.18029917798116077,0.4246165069579382,0.30458943071658834,0.05076490511943138,0.8449129864437112,0.4246165069579382,0.300083157396124,0.0748046227862913,3590231.656630253
15,1000.0,interface,0.35869417732110076,0.05076490511943138,1e-08,0.0,paper,0.18029917798116077,0.4246165069579382,0.30458943071658834,0.05076490511943138,0.8449129864437112,0.4246165069579382,0.300083157396124,0.0748046227862913,3590231.656630253
15,10000.0,interface,0.35869417732110076,0.05076490511943138,1e-08,0.0,paper,0.18029917798116077,0.4246165069579382,0.30458943071658834,0.05076490511943138,0.8449129864437112,0.4246165069579382,0.300083157396124,0.0748046227862913,3590231.656630253
15,1.0,all,0.3586951183478099,0.05076491142189274,1e-08,4.726526147325844e-10,paper,0.18029917798116077,0.4246165069579382,0.30458943071658834,0.05076490511943138,0.8449129864437112,0.4246165069579382,0.300083157396124,0.0748046227862913,3590231.656630253
15,2.5,all,0.35869511835087814,0.050764916982258254,1e-08,1.1816315368314611e-09,paper,0.18029917798116077,0.4246165069579382,0.30458943071658834,0.05076490511943138,0.8449129864437112,0.4246165069579382,0.300083157396124,0.0748046227862913,3590231.656630253
15,10.0,all,0.35869511835142603,0.05076494978978068,1e-08,4.7265261473258444e-09,paper,0.18029917798116077,0.4246165069579382,0.30458943071658834,0.05076490511943138,0.8449129864437112,0.4246165069579382,0.300083157396124,0.0748046227862913,3590231.656630253
15,100.0,all,0.35869511835146217,0.05076534998749086,1e-08,4.7265261473258444e-08,paper,0.18029917798116077,0.4246165069579382,0.30458943071658834,0.05076490511943138,0.8449129864437112,0.4246165069579382,0.300083157396124,0.0748046227862913,3590231.656630253
15,1000.0,all,0.3586951183514625,0.05076935361648284,1e-08,4.726526147325844e-07,paper,0.18029917798116077,0.4246165069579382,0.30458943071658834,0.05076490511943138,0.8449129864437112,0.4246165069579382,0.300083157396124,0.0748046227862913,3590231.656630253
15,10000.0,all,0.35869511835146256,0.05080939007159161,1e-08,4.726526147325844e-06,paper,0.18029917798116077,0.4246165069579382,0.30458943071658834,0.05076490511943138,0.8449129864437112,0.4246165069579382,0.300083157396124,0.0748046227862913,3590231.656630253
16,1.0,maxwell,0.044806473029544526,4.448495197483147e-09,1e-08,4.726526147325844e-10,paper,0.14414364110537944,0.3796625358201405,0.2506195113961792,0.04176991856602987,0.8711946069618232,0.3796625358201405,0.310845991442576,0.08546183136504802,3303860.1140356306
16,2.5,maxwell,0.044806473029544526,1.112123799370787e-08,1e-08,1.1816315368314611e-09,paper,0.14414364110537944,0.3796625358201405,0.2506195113961792,0.04176991856602987,0.8711946069618232,0.3796625358201405,0.310845991442576,0.08546183136504802,3303860.1140356306
16,10.0,maxwell,0.044806473029544526,4.448495197483148e-08,1e-08,4.7265261473258444e-09,paper,0.14414364110537944,0.3796625358201405,0.2506195113961792,0.04176991856602987,0.8711946069618232,0.3796625358201405,0.310845991442576,0.08546183136504802,3303860.1140356306
16,100.0,maxwell,0.044806473029544526,4.4484951974831477e-07,1e-08,4.7265261473258444e-08,paper,0.14414364110537944,0.3796625358201405,0.2506195113961792,0.04176991856602987,0.8711946069618232,0.3796625358201405,0.310845991442576,0.08546183136504802,3303860.1140356306
16,1000.0,maxwell,0.044806473029544526,4.448495197483147e-06,1e-08,4.726526147325844e-07,paper,0.14414364110537944,0.3796625358201405,0.2506195113961792,0.04176991856602987,0.8711946069618232,0.3796625358201405,0.310845991442576,0.08546183136504802,3303860.1140356306
16,10000.0,maxwell,0.044806473029544526,4.448495197483148e-05,1e-08,4.726526147325844e-06,paper,0.14414364110537944,0.3796625358201405,0.2506195113961792,0.04176991856602987,0.8711946069618232,0.3796625358201405,0.310845991442576,0.08546183136504802,3303860.1140356306
16,1.0,grain,0.04480731759833439,1.9090577287841206e-09,1e-08,0.0,paper,0.14414364110537944,0.3796625358201405,0.2506195113961792,0.04176991856602987,0.8711946069618232,0.3796625358201405,0.310845991442576,0.08546183136504802,3303860.1140356306
16,2.5,grain,0.04480731760195917,7.636263688879919e-10,1e-08,0.0,paper,0.14414364110537944,0.3796625358201405,0.2506195113961792,0.04176991856602987,0.8711946069618232,0.3796625358201405,0.310845991442576,0.08546183136504802,3303860.1140356306
16,10.0,grain,0.04480731760260646,1.9090673853409264e-10,1e-08,0.0,paper,0.14414364110537944,0.3796625358201405,0.2506195113961792,0.04176991856602987,0.8711946069618232,0.3796625358201405,0.310845991442576,0.08546183136504802,3303860.1140356306
16,100.0,grain,0.04480731760264917,1.9090674819069877e-11,1e-08,0.0,paper,0.14414364110537944,0.3796625358201405,0.2506195113961792,0.04176991856602987,0.8711946069618232,0.3796625358201405,0.310845991442576,0.08546183136504802,3303860.1140356306
16,1000.0,grain,0.0448073176026496,1.909067482872649e-12,1e-08,0.0,paper,0.14414364110537944,0.3796625358201405,0.2506195113961792,0.04176991856602987,0.8711946069618232,0.3796625358201405,0.310845991442576,0.08546183136504802,3303860.1140356306
16,10000.0,grain,0.04480731760264961,1.909067482882305e-13,1e-08,0.0,paper,0.14414364110537944,0.3796625358201405,0.2506195113961792,0.04176991856602987,0.8711946069618232,0.3796625358201405,0.310845991442576,0.08546183136504802,3303860.1140356306
16,1.0,interface,0.29542598442572376,0.04176991856602987,1e-08,0.0,paper,0.14414364110537944,0.3796625358201405,0.2506195113961792,0.04176991856602987,0.8711946069618232,0.3796625358201405,0.310845991442576,0.08546183136504802,3303860.1140356306
16,2.5,interface,0.29542598442572376,0.04176991856602987,1e-08,0.0,paper,0.14414364110537944,0.3796625358201405,0.2506195113961792,0.04176991856602987,0.8711946069618232,0.3796625358201405,0.310845991442576,0.08546183136504802,3303860.1140356306
16,10.0,interface,0.29542598442572376,0.04176991856602987,1e-08,0.0,paper,0.14414364110537944,0.3796625358201405,0.2506195113961792,0.04176991856602987,0.8711946069618232,0.3796625358201405,0.310845991442576,0.08546183136504802,3303860.1140356306
16,100.0,interface,0.29542598442572376,0.04176991856602987,1e-08,0.0,paper,0.14414364110537944,0.3796625358201405,0.2506195113961792,0.04176991856602987,0.8711946069618232,0.3796625358201405,0.310845991442576,0.08546183136504802,3303860.1140356306
16,1000.0,interface,0.29542598442572376,0.04176991856602987,1e-08,0.0,paper,0.14414364110537944,0.3796625358201405,0.2506195113961792,0.04176991856602987,0.8711946069618232,0.3796625358201405,0.310845991442576,0.08546183136504802,3303860.1140356306
16,10000.0,interface,0.29542598442572376,0.04176991856602987,1e-08,0.0,paper,0.14414364110537944,0.3796625358201405,0.2506195113961792,0.04176991856602987,0.8711946069618232,0.3796625358201405,0.310845991442576,0.08546183136504802,3303860.1140356306
16,1.0,all,0.2954268289945136,0.0417699249235828,1e-08,4.726526147325844e-10,paper,0.14414364110537944,0.3796625358201405,0.2506195113961792,0.04176991856602987,0.8711946069618232,0.3796625358201405,0.310845991442576,0.08546183136504802,3303860.1140356306
16,2.5,all,0.2954268289981384,0.041769930450894235,1e-08,1.1816315368314611e-09,paper,0.14414364110537944,0.3796625358201405,0.2506195113961792,0.04176991856602987,0.8711946069618232,0.3796625358201405,0.310845991442576,0.08546183136504802,3303860.1140356306
16,10.0,all,0.2954268289987857,0.041769963241888586,1e-08,4.7265261473258444e-09,paper,0.14414364110537944,0.3796625358201405,0.2506195113961792,0.04176991856602987,0.8711946069618232,0.3796625358201405,0.310845991442576,0.08546183136504802,3303860.1140356306
16,100.0,all,0.2954268289988284,0.041770363434640294,1e-08,4.7265261473258444e-08,paper,0.14414364110537944,0.3796625358201405,0.2506195113961792,0.04176991856602987,0.8711946069618232,0.3796625358201405,0.310845991442576,0.08546183136504802,3303860.1140356306
16,1000.0,all,0.2954268289988288,0.04177436706313642,1e-08,4.726526147325844e-07,paper,0.14414364110537944,0.3796625358201405,0.2506195113961792,0.04176991856602987,0.8711946069618232,0.3796625358201405,0.310845991442576,0.08546183136504802,3303860.1140356306
16,10000.0,all,0.2954268289988288,0.04181440351819561,1e-08,4.726526147325844e-06,paper,0.14414364110537944,0.3796625358201405,0.2506195113961792,0.04176991856602987,0.8711946069618232,0.3796625358201405,0.310845991442576,0.08546183136504802,3303860.1140356306
17,1.0,maxwell,0.04094451151879781,4.448495197483147e-09,1e-08,4.726526147325844e-10,paper,0.1273115296402047,0.3568074125353966,0.20692399310599205,0.03448733218433201,0.9039021704555857,0.3568074125353966,0.321608825489028,0.10441400685658139,2902561.9557395563
17,2.5,maxwell,0.04094451151879781,1.112123799370787e-08,1e-08,1.1816315368314611e-09,paper,0.1273115296402047,0.3568074125353966,0.20692399310599205,0.03448733218433201,0.9039021704555857,0.3568074125353966,0.321608825489028,0.10441400685658139,2902561.9557395563
17,10.0,maxwell,0.04094451151879781,4.448495197483148e-08,1e-08,4.7265261473258444e-09,paper,0.1273115296402047,0.3568074125353966,0.20692399310599205,0.03448733218433201,0.9039021704555857,0.3568074125353966,0.321608825489028,0.10441400685658139,2902561.9557395563
17,100.0,maxwell,0.04094451151879781,4.4484951974831477e-07,1e-08,4.7265261473258444e-08,paper,0.1273115296402047,0.3568074125353966,0.20692399310599205,0.03448733218433201,0.9039021704555857,0.3568074125353966,0.321608825489028,0.10441400685658139,2902561.9557395563
17,1000.0,maxwell,0.04094451151879781,4.448495197483147e-06,1e-08,4.726526147325844e-07,paper,0.1273115296402047,0.3568074125353966,0.20692399310599205,0.03448733218433201,0.9039021704555857,0.3568074125353966,0.321608825489028,0.10441400685658139,2902561.9557395563
17,10000.0,maxwell,0.04094451151879781,4.448495197483148e-05,1e-08,4.726526147325844e-06,paper,0.1273115296402047,0.3568074125353966,0.20692399310599205,0.03448733218433201,0.9039021704555857,0.3568074125353966,0.321608825489028,0.10441400685658139,2902561.9557395563
17,1.0,grain,0.040945273150121704,1.9893980708285335e-09,1e-08,0.0,paper,0.1273115296402047,0.3568074125353966,0.20692399310599205,0.03448733218433201,0.9039021704555857,0.3568074125353966,0.321608825489028,0.10441400685658139,2902561.9557395563
17,2.5,grain,0.040945273154486636,7.957637888505918e-10,1e-08,0.0,paper,0.1273115296402047,0.3568074125353966,0.20692399310599205,0.03448733218433201,0.9039021704555857,0.3568074125353966,0.321608825489028,0.10441400685658139,2902561.9557395563
17,10.0,grain,0.04094527315526609,1.989411508086293e-10,1e-08,0.0,paper,0.1273115296402047,0.3568074125353966,0.20692399310599205,0.03448733218433201,0.9039021704555857,0.3568074125353966,0.321608825489028,0.10441400685658139,2902561.9557395563
17,100.0,grain,0.040945273155317534,1.9894116424597876e-11,1e-08,0.0,paper,0.1273115296402047,0.3568074125353966,0.20692399310599205,0.03448733218433201,0.9039021704555857,0.3568074125353966,0.321608825489028,0.10441400685658139,2902561.9557395563
17,1000.0,grain,0.04094527315531805,1.9894116438035232e-12,1e-08,0.0,paper,0.1273115296402047,0.3568074125353966,0.20692399310599205,0.03448733218433201,0.9039021704555857,0.3568074125353966,0.321608825489028,0.10441400685658139,2902561.9557395563
17,10000.0,grain,0.040945273155318054,1.9894116438169604e-13,1e-08,0.0,paper,0.1273115296402047,0.3568074125353966,0.20692399310599205,0.03448733218433201,0.9039021704555857,0.3568074125353966,0.321608825489028,0.10441400685658139,2902561.9557395563
17,1.0,interface,0.24786850462478988,0.03448733218433201,1e-08,0.0,paper,0.1273115296402047,0.3568074125353966,0.20692399310599205,0.03448733218433201,0.9039021704555857,0.3568074125353966,0.321608825489028,0.10441400685658139,2902561.9557395563
17,2.5,interface,0.24786850462478988,0.03448733218433201,1e-08,0.0,paper,0.1273115296402047,0.3568074125353966,0.20692399310599205,0.03448733218433201,0.9039021704555857,0.3568074125353966,0.321608825489028,0.10441400685658139,2902561.9557395563
17,10.0,interface,0.24786850462478988,0.03448733218433201,1e-08,0.0,paper,0.1273115296402047,0.3568074125353966,0.20692399310599205,0.03448733218433201,0.9039021704555857,0.3568074125353966,0.321608825489028,0.10441400685658139,2902561.9557395563
17,100.0,interface,0.24786850462478988,0.03448733218433201,1e-08,0.0,paper,0.1273115296402047,0.3568074125353966,0.20692399310599205,0.03448733218433201,0.9039021704555857,0.3568074125353966,0.321608825489028,0.10441400685658139,2902561.9557395563
17,1000.0,interface,0.24786850462478988,0.03448733218433201,1e-08,0.0,paper,0.1273115296402047,0.3568074125353966,0.20692399310599205,0.03448733218433201,0.9039021704555857,0.3568074125353966,0.321608825489028,0.10441400685658139,2902561.9557395563
17,10000.0,interface,0.24786850462478988,0.03448733218433201,1e-08,0.0,paper,0.1273115296402047,0.3568074125353966,0.20692399310599205,0.03448733218433201,0.9039021704555857,0.3568074125353966,0.321608825489028,0.10441400685658139,2902561.9557395563
17,1.0,all,0.24786926625611375,0.03448733862222528,1e-08,4.726526147325844e-10,paper,0.1273115296402047,0.3568074125353966,0.20692399310599205,0.03448733218433201,0.9039021704555857,0.3568074125353966,0.321608825489028,0.10441400685658139,2902561.9557395563
17,2.5,all,0.24786926626047867,0.03448734410133379,1e-08,1.1816315368314611e-09,paper,0.1273115296402047,0.3568074125353966,0.20692399310599205,0.03448733218433201,0.9039021704555857,0.3568074125353966,0.321608825489028,0.10441400685658139,2902561.9557395563
17,10.0,all,0.24786926626125813,0.03448737686822514,1e-08,4.7265261473258444e-09,paper,0.1273115296402047,0.3568074125353966,0.20692399310599205,0.03448733218433201,0.9039021704555857,0.3568074125353966,0.321608825489028,0.10441400685658139,2902561.9557395563
17,100.0,all,0.2478692662613096,0.03448777705374587,1e-08,4.7265261473258444e-08,paper,0.1273115296402047,0.3568074125353966,0.20692399310599205,0.03448733218433201,0.9039021704555857,0.3568074125353966,0.321608825489028,0.10441400685658139,2902561.9557395563
17,1000.0,all,0.2478692662613101,0.034491780681518903,1e-08,4.726526147325844e-07,paper,0.1273115296402047,0.3568074125353966,0.20692399310599205,0.03448733218433201,0.9039021704555857,0.3568074125353966,0.321608825489028,0.10441400685658139,2902561.9557395563
17,10000.0,all,0.24786926626131012,0.034531817136505785,1e-08,4.726526147325844e-06,paper,0.1273115296402047,0.3568074125353966,0.20692399310599205,0.03448733218433201,0.9039021704555857,0.3568074125353966,0.321608825489028,0.10441400685658139,2902561.9557395563
18,1.0,maxwell,0.03787162617751096,4.448495197483147e-09,1e-08,4.726526147325844e-10,paper,0.11394360828008035,0.3375553410628846,0.13370007673311002,0.022283346122185004,0.9220397842150946,0.3375553410628846,0.33237165953548,0.08966794761186922,1982399.5410995628
18,2.5,maxwell,0.03787162617751096,1.112123799370787e-08,1e-08,1.1816315368314611e-09,paper,0.11394360828008035,0.3375553410628846,0.13370007673311002,0.022283346122185004,0.9220397842150946,0.3375553410628846,0.33237165953548,0.08966794761186922,1982399.5410995628
18,10.0,maxwell,0.03787162617751096,4.448495197483148e-08,1e-08,4.7265261473258444e-09,paper,0.11394360828008035,0.3375553410628846,0.13370007673311002,0.022283346122185004,0.9220397842150946,0.3375553410628846,0.33237165953548,0.08966794761186922,1982399.5410995628
18,100.0,maxwell,0.03787162617751096,4.4484951974831477e-07,1e-08,4.7265261473258444e-08,paper,0.11394360828008035,0.3375553410628846,0.13370007673311002,0.022283346122185004,0.9220397842150946,0.3375553410628846,0.33237165953548,0.08966794761186922,1982399.5410995628
18,1000.0,maxwell,0.03787162617751096,4.448495197483147e-06,1e-08,4.726526147325844e-07,paper,0.11394360828008035,0.3375553410628846,0.13370007673311002,0.022283346122185004,0.9220397842150946,0.3375553410628846,0.33237165953548,0.08966794761186922,1982399.5410995628
18,10000.0,maxwell,0.03787162617751096,4.448495197483148e-05,1e-08,4.726526147325844e-06,paper,0.11394360828008035,0.3375553410628846,0.13370007673311002,0.022283346122185004,0.9220397842150946,0.3375553410628846,0.33237165953548,0.08966794761186922,1982399.5410995628
18,1.0,grain,0.03787237863215449,2.3170784409209077e-09,1e-08,0.0,paper,0.11394360828008035,0.3375553410628846,0.13370007673311002,0.022283346122185004,0.9220397842150946,0.3375553410628846,0.33237165953548,0.08966794761186922,1982399.5410995628
18,2.5,grain,0.03787237863814798,9.268387588125843e-10,1e-08,0.0,paper,0.11394360828008035,0.3375553410628846,0.13370007673311002,0.022283346122185004,0.9220397842150946,0.3375553410628846,0.33237165953548,0.08966794761186922,1982399.5410995628
18,10.0,grain,0.03787237863921825,2.317100192796428e-10,1e-08,0.0,paper,0.11394360828008035,0.3375553410628846,0.13370007673311002,0.022283346122185004,0.9220397842150946,0.3375553410628846,0.33237165953548,0.08966794761186922,1982399.5410995628
18,100.0,grain,0.03787237863928889,2.3171004103172455e-11,1e-08,0.0,paper,0.11394360828008035,0.3375553410628846,0.13370007673311002,0.022283346122185004,0.9220397842150946,0.3375553410628846,0.33237165953548,0.08966794761186922,1982399.5410995628
18,1000.0,grain,0.03787237863928959,2.317100412492454e-12,1e-08,0.0,paper,0.11394360828008035,0.3375553410628846,0.13370007673311002,0.022283346122185004,0.9220397842150946,0.3375553410628846,0.33237165953548,0.08966794761186922,1982399.5410995628
18,10000.0,grain,0.0378723786392896,2.317100412514206e-13,1e-08,0.0,paper,0.11394360828008035,0.3375553410628846,0.13370007673311002,0.022283346122185004,0.9220397842150946,0.3375553410628846,0.33237165953548,0.08966794761186922,1982399.5410995628
18,1.0,interface,0.171571702910621,0.022283346122185004,1e-08,0.0,paper,0.11394360828008035,0.3375553410628846,0.13370007673311002,0.022283346122185004,0.9220397842150946,0.3375553410628846,0.33237165953548,0.08966794761186922,1982399.5410995628
18,2.5,interface,0.171571702910621,0.022283346122185004,1e-08,0.0,paper,0.11394360828008035,0.3375553410628846,0.13370007673311002,0.022283346122185004,0.9220397842150946,0.3375553410628846,0.33237165953548,0.08966794761186922,1982399.5410995628
18,10.0,interface,0.171571702910621,0.022283346122185004,1e-08,0.0,paper,0.11394360828008035,0.3375553410628846,0.13370007673311002,0.022283346122185004,0.9220397842150946,0.3375553410628846,0.33237165953548,0.08966794761186922,1982399.5410995628
18,100.0,interface,0.171571702910621,0.022283346122185004,1e-08,0.0,paper,0.11394360828008035,0.3375553410628846,0.13370007673311002,0.022283346122185004,0.9220397842150946,0.3375553410628846,0.33237165953548,0.08966794761186922,1982399.5410995628
18,1000.0,interface,0.171571702910621,0.022283346122185004,1e-08,0.0,paper,0.11394360828008035,0.3375553410628846,0.13370007673311002,0.022283346122185004,0.9220397842150946,0.3375553410628846,0.33237165953548,0.08966794761186922,1982399.5410995628
18,10000.0,interface,0.171571702910621,0.022283346122185004,1e-08,0.0,paper,0.11394360828008035,0.3375553410628846,0.13370007673311002,0.022283346122185004,0.9220397842150946,0.3375553410628846,0.33237165953548,0.08966794761186922,1982399.5410995628
18,1.0,all,0.1715724553652645,0.022283352887758644,1e-08,4.726526147325844e-10,paper,0.11394360828008035,0.3375553410628846,0.13370007673311002,0.022283346122185004,0.9220397842150946,0.3375553410628846,0.33237165953548,0.08966794761186922,1982399.5410995628
18,2.5,all,0.17157245537125798,0.022283358170261756,1e-08,1.1816315368314611e-09,paper,0.11394360828008035,0.3375553410628846,0.13370007673311002,0.022283346122185004,0.9220397842150946,0.3375553410628846,0.33237165953548,0.08966794761186922,1982399.5410995628
18,10.0,all,0.17157245537232826,0.022283390838847,1e-08,4.7265261473258444e-09,paper,0.11394360828008035,0.3375553410628846,0.13370007673311002,0.022283346122185004,0.9220397842150946,0.3375553410628846,0.33237165953548,0.08966794761186922,1982399.5410995628
18,100.0,all,0.1715724553723989,0.022283790994875756,1e-08,4.7265261473258444e-08,paper,0.11394360828008035,0.3375553410628846,0.13370007673311002,0.022283346122185004,0.9220397842150946,0.3375553410628846,0.33237165953548,0.08966794761186922,1982399.5410995628
18,1000.0,all,0.17157245537239962,0.022287794619699586,1e-08,4.726526147325844e-07,paper,0.11394360828008035,0.3375553410628846,0.13370007673311002,0.022283346122185004,0.9220397842150946,0.3375553410628846,0.33237165953548,0.08966794761186922,1982399.5410995628
18,10000.0,all,0.17157245537239962,0.022327831074391544,1e-08,4.726526147325844e-06,paper,0.11394360828008035,0.3375553410628846,0.13370007673311002,0.022283346122185004,0.9220397842150946,0.3375553410628846,0.33237165953548,0.08966794761186922,1982399.5410995628
19,1.0,maxwell,0.03321291073877381,4.448495197483147e-09,1e-08,4.726526147325844e-10,paper,0.09679269021330084,0.31111523622815523,0.10945190330784497,0.01824198388464083,0.934007025708823,0.31111523622815523,0.34313449358193204,0.09530779183970021,1760785.9084771902
19,2.5,maxwell,0.03321291073877381,1.112123799370787e-08,1e-08,1.1816315368314611e-09,paper,0.09679269021330084,0.31111523622815523,0.10945190330784497,0.01824198388464083,0.934007025708823,0.31111523622815523,0.34313449358193204,0.09530779183970021,1760785.9084771902
19,10.0,maxwell,0.03321291073877381,4.448495197483148e-08,1e-08,4.7265261473258444e-09,paper,0.09679269021330084,0.31111523622815523,0.10945190330784497,0.01824198388464083,0.934007025708823,0.31111523622815523,0.34313449358193204,0.09530779183970021,1760785.9084771902
19,100.0,maxwell,0.03321291073877381,4.4484951974831477e-07,1e-08,4.7265261473258444e-08,paper,0.09679269021330084,0.31111523622815523,0.10945190330784497,0.01824198388464083,0.934007025708823,0.31111523622815523,0.34313449358193204,0.09530779183970021,1760785.9084771902
19,1000.0,maxwell,0.03321291073877381,4.448495197483147e-06,1e-08,4.726526147325844e-07,paper,0.09679269021330084,0.31111523622815523,0.10945190330784497,0.01824198388464083,0.934007025708823,0.31111523622815523,0.34313449358193204,0.09530779183970021,1760785.9084771902
19,10000.0,maxwell,0.03321291073877381,4.448495197483148e-05,1e-08,4.726526147325844e-06,paper,0.09679269021330084,0.31111523622815523,0.10945190330784497,0.01824198388464083,0.934007025708823,0.31111523622815523,0.34313449358193204,0.09530779183970021,1760785.9084771902
19,1.0,grain,0.03321358180174321,2.4361185990137737e-09,1e-08,0.0,paper,0.09679269021330084,0.31111523622815523,0.10945190330784497,0.01824198388464083,0.934007025708823,0.31111523622815523,0.34313449358193204,0.09530779183970021,1760785.9084771902
19,2.5,grain,0.033213581809171895,9.744582267648943e-10,1e-08,0.0,paper,0.09679269021330084,0.31111523622815523,0.10945190330784497,0.01824198388464083,0.934007025708823,0.31111523622815523,0.34313449358193204,0.09530779183970021,1760785.9084771902
19,10.0,grain,0.033213581810498466,2.436150382671219e-10,1e-08,0.0,paper,0.09679269021330084,0.31111523622815523,0.10945190330784497,0.01824198388464083,0.934007025708823,0.31111523622815523,0.34313449358193204,0.09530779183970021,1760785.9084771902
19,100.0,grain,0.03321358181058602,2.4361507005119813e-11,1e-08,0.0,paper,0.09679269021330084,0.31111523622815523,0.10945190330784497,0.01824198388464083,0.934007025708823,0.31111523622815523,0.34313449358193204,0.09530779183970021,1760785.9084771902
19,1000.0,grain,0.033213581810586895,2.4361507036903894e-12,1e-08,0.0,paper,0.09679269021330084,0.31111523622815523,0.10945190330784497,0.01824198388464083,0.934007025708823,0.31111523622815523,0.34313449358193204,0.09530779183970021,1760785.9084771902
19,10000.0,grain,0.0332135818105869,2.436150703722173e-13,1e-08,0.0,paper,0.09679269021330084,0.31111523622815523,0.10945190330784497,0.01824198388464083,0.934007025708823,0.31111523622815523,0.34313449358193204,0.09530779183970021,1760785.9084771902
19,1.0,interface,0.1426648140466188,0.01824198388464083,1e-08,0.0,paper,0.09679269021330084,0.31111523622815523,0.10945190330784497,0.01824198388464083,0.934007025708823,0.31111523622815523,0.34313449358193204,0.09530779183970021,1760785.9084771902
19,2.5,interface,0.1426648140466188,0.01824198388464083,1e-08,0.0,paper,0.09679269021330084,0.31111523622815523,0.10945190330784497,0.01824198388464083,0.934007025708823,0.31111523622815523,0.34313449358193204,0.09530779183970021,1760785.9084771902
19,10.0,interface,0.1426648140466188,0.01824198388464083,1e-08,0.0,paper,0.09679269021330084,0.31111523622815523,0.10945190330784497,0.01824198388464083,0.934007025708823,0.31111523622815523,0.34313449358193204,0.09530779183970021,1760785.9084771902
19,100.0,interface,0.1426648140466188,0.01824198388464083,1e-08,0.0,paper,0.09679269021330084,0.31111523622815523,0.10945190330784497,0.01824198388464083,0.934007025708823,0.31111523622815523,0.34313449358193204,0.09530779183970021,1760785.9084771902
19,1000.0,interface,0.1426648140466188,0.01824198388464083,1e-08,0.0,paper,0.09679269021330084,0.31111523622815523,0.10945190330784497,0.01824198388464083,0.934007025708823,0.31111523622815523,0.34313449358193204,0.09530779183970021,1760785.9084771902
19,10000.0,interface,0.1426648140466188,0.01824198388464083,1e-08,0.0,paper,0.09679269021330084,0.31111523622815523,0.10945190330784497,0.01824198388464083,0.934007025708823,0.31111523622815523,0.34313449358193204,0.09530779183970021,1760785.9084771902
19,1.0,all,0.14266548510958818,0.018241990769254625,1e-08,4.726526147325844e-10,paper,0.09679269021330084,0.31111523622815523,0.10945190330784497,0.01824198388464083,0.934007025708823,0.31111523622815523,0.34313449358193204,0.09530779183970021,1760785.9084771902
19,2.5,all,0.14266548511701688,0.018241995980337048,1e-08,1.1816315368314611e-09,paper,0.09679269021330084,0.31111523622815523,0.10945190330784497,0.01824198388464083,0.934007025708823,0.31111523622815523,0.34313449358193204,0.09530779183970021,1760785.9084771902
19,10.0,all,0.14266548511834343,0.018242028613207843,1e-08,4.7265261473258444e-09,paper,0.09679269021330084,0.31111523622815523,0.10945190330784497,0.01824198388464083,0.934007025708823,0.31111523622815523,0.34313449358193204,0.09530779183970021,1760785.9084771902
19,100.0,all,0.142665485118431,0.018242428758522083,1e-08,4.7265261473258444e-08,paper,0.09679269021330084,0.31111523622815523,0.10945190330784497,0.01824198388464083,0.934007025708823,0.31111523622815523,0.34313449358193204,0.09530779183970021,1760785.9084771902
19,1000.0,all,0.14266548511843186,0.018246432382274462,1e-08,4.726526147325844e-07,paper,0.09679269021330084,0.31111523622815523,0.10945190330784497,0.01824198388464083,0.934007025708823,0.31111523622815523,0.34313449358193204,0.09530779183970021,1760785.9084771902
19,10000.0,all,0.14266548511843188,0.018286468836859276,1e-08,4.726526147325844e-06,paper,0.09679269021330084,0.31111523622815523,0.10945190330784497,0.01824198388464083,0.934007025708823,0.31111523622815523,0.34313449358193204,0.09530779183970021,1760785.9084771902
20,1.0,maxwell,0.042878578149624966,4.448495197483147e-09,1e-08,4.726526147325844e-10,paper,0.12116106792038384,0.34808198448121935,0.05902276089880715,0.009837126816467858,0.942927909744248,0.34808198448121935,0.353897327628384,0.05362491480577663,848677.1130888051
20,2.5,maxwell,0.042878578149624966,1.112123799370787e-08,1e-08,1.1816315368314611e-09,paper,0.12116106792038384,0.34808198448121935,0.05902276089880715,0.009837126816467858,0.942927909744248,0.34808198448121935,0.353897327628384,0.05362491480577663,848677.1130888051
20,10.0,maxwell,0.042878578149624966,4.448495197483148e-08,1e-08,4.7265261473258444e-09,paper,0.12116106792038384,0.34808198448121935,0.05902276089880715,0.009837126816467858,0.942927909744248,0.34808198448121935,0.353897327628384,0.05362491480577663,848677.1130888051
20,100.0,maxwell,0.042878578149624966,4.4484951974831477e-07,1e-08,4.7265261473258444e-08,paper,0.12116106792038384,0.34808198448121935,0.05902276089880715,0.009837126816467858,0.942927909744248,0.34808198448121935,0.353897327628384,0.05362491480577663,848677.1130888051
20,1000.0,maxwell,0.042878578149624966,4.448495197483147e-06,1e-08,4.726526147325844e-07,paper,0.12116106792038384,0.34808198448121935,0.05902276089880715,0.009837126816467858,0.942927909744248,0.34808198448121935,0.353897327628384,0.05362491480577663,848677.1130888051
20,10000.0,maxwell,0.042878578149624966,4.448495197483148e-05,1e-08,4.726526147325844e-06,paper,0.12116106792038384,0.34808198448121935,0.05902276089880715,0.009837126816467858,0.942927909744248,0.34808198448121935,0.353897327628384,0.05362491480577663,848677.1130888051
20,1.0,grain,0.04287921307613549,2.894630554825085e-09,1e-08,0.0,paper,0.12116106792038384,0.34808198448121935,0.05902276089880715,0.009837126816467858,0.942927909744248,0.34808198448121935,0.353897327628384,0.05362491480577663,848677.1130888051
20,2.5,grain,0.04287921308722062,1.1578724367714026e-09,1e-08,0.0,paper,0.12116106792038384,0.34808198448121935,0.05902276089880715,0.009837126816467858,0.942927909744248,0.34808198448121935,0.353897327628384,0.05362491480577663,848677.1130888051
20,10.0,grain,0.04287921308920015,2.8946901165969537e-10,1e-08,0.0,paper,0.12116106792038384,0.34808198448121935,0.05902276089880715,0.009837126816467858,0.942927909744248,0.34808198448121935,0.353897327628384,0.05362491480577663,848677.1130888051
20,100.0,grain,0.04287921308933079,2.8946907122270512e-11,1e-08,0.0,paper,0.12116106792038384,0.34808198448121935,0.05902276089880715,0.009837126816467858,0.942927909744248,0.34808198448121935,0.353897327628384,0.05362491480577663,848677.1130888051
20,1000.0,grain,0.042879213089332104,2.8946907181833533e-12,1e-08,0.0,paper,0.12116106792038384,0.34808198448121935,0.05902276089880715,0.009837126816467858,0.942927909744248,0.34808198448121935,0.353897327628384,0.05362491480577663,848677.1130888051
20,10000.0,grain,0.04287921308933212,2.8946907182429156e-13,1e-08,0.0,paper,0.12116106792038384,0.34808198448121935,0.05902276089880715,0.009837126816467858,0.942927909744248,0.34808198448121935,0.353897327628384,0.05362491480577663,848677.1130888051
20,1.0,interface,0.10190133904843211,0.009837126816467858,1e-08,0.0,paper,0.12116106792038384,0.34808198448121935,0.05902276089880715,0.009837126816467858,0.942927909744248,0.34808198448121935,0.353897327628384,0.05362491480577663,848677.1130888051
20,2.5,interface,0.10190133904843211,0.009837126816467858,1e-08,0.0,paper,0.12116106792038384,0.34808198448121935,0.05902276089880715,0.009837126816467858,0.942927909744248,0.34808198448121935,0.353897327628384,0.05362491480577663,848677.1130888051
20,10.0,interface,0.10190133904843211,0.009837126816467858,1e-08,0.0,paper,0.12116106792038384,0.34808198448121935,0.05902276089880715,0.009837126816467858,0.942927909744248,0.34808198448121935,0.353897327628384,0.05362491480577663,848677.1130888051
20,100.0,interface,0.10190133904843211,0.009837126816467858,1e-08,0.0,paper,0.12116106792038384,0.34808198448121935,0.05902276089880715,0.009837126816467858,0.942927909744248,0.34808198448121935,0.353897327628384,0.05362491480577663,848677.1130888051
20,1000.0,interface,0.10190133904843211,0.009837126816467858,1e-08,0.0,paper,0.12116106792038384,0.34808198448121935,0.05902276089880715,0.009837126816467858,0.942927909744248,0.34808198448121935,0.353897327628384,0.05362491480577663,848677.1130888051
20,10000.0,interface,0.10190133904843211,0.009837126816467858,1e-08,0.0,paper,0.12116106792038384,0.34808198448121935,0.05902276089880715,0.009837126816467858,0.942927909744248,0.34808198448121935,0.353897327628384,0.05362491480577663,848677.1130888051
20,1.0,all,0.10190197397494263,0.00983713415959361,1e-08,4.726526147325844e-10,paper,0.12116106792038384,0.34808198448121935,0.05902276089880715,0.009837126816467858,0.942927909744248,0.34808198448121935,0.353897327628384,0.05362491480577663,848677.1130888051
20,2.5,all,0.10190197398602777,0.009837139095578288,1e-08,1.1816315368314611e-09,paper,0.12116106792038384,0.34808198448121935,0.05902276089880715,0.009837126816467858,0.942927909744248,0.34808198448121935,0.353897327628384,0.05362491480577663,848677.1130888051
20,10.0,all,0.1019019739880073,0.009837171590888845,1e-08,4.7265261473258444e-09,paper,0.12116106792038384,0.34808198448121935,0.05902276089880715,0.009837126816467858,0.942927909744248,0.34808198448121935,0.353897327628384,0.05362491480577663,848677.1130888051
20,100.0,all,0.10190197398813794,0.009837571694934514,1e-08,4.7265261473258444e-08,paper,0.12116106792038384,0.34808198448121935,0.05902276089880715,0.009837126816467858,0.942927909744248,0.34808198448121935,0.353897327628384,0.05362491480577663,848677.1130888051
20,1000.0,all,0.10190197398813924,0.009841575314560033,1e-08,4.726526147325844e-07,paper,0.12116106792038384,0.34808198448121935,0.05902276089880715,0.009837126816467858,0.942927909744248,0.34808198448121935,0.353897327628384,0.05362491480577663,848677.1130888051
20,10000.0,all,0.10190197398813927,0.00988161176873216,1e-08,4.726526147325844e-06,paper,0.12116106792038384,0.34808198448121935,0.05902276089880715,0.009837126816467858,0.942927909744248,0.34808198448121935,0.353897327628384,0.05362491480577663,848677.1130888051
21,1.0,maxwell,0.05003007440134733,4.448495197483147e-09,1e-08,4.726526147325844e-10,paper,0.13719643563905035,0.37040037208276444,0.058142672070754374,0.00969044534512573,0.9541010642098504,0.37040037208276444,0.364660161674836,0.06245817149423804,785648.1436078759
21,2.5,maxwell,0.05003007440134733,1.112123799370787e-08,1e-08,1.1816315368314611e-09,paper,0.13719643563905035,0.37040037208276444,0.058142672070754374,0.00969044534512573,0.9541010642098504,0.37040037208276444,0.364660161674836,0.06245817149423804,785648.1436078759
21,10.0,maxwell,0.05003007440134733,4.448495197483148e-08,1e-08,4.7265261473258444e-09,paper,0.13719643563905035,0.37040037208276444,0.058142672070754374,0.00969044534512573,0.9541010642098504,0.37040037208276444,0.364660161674836,0.06245817149423804,785648.1436078759
21,100.0,maxwell,0.05003007440134733,4.4484951974831477e-07,1e-08,4.7265261473258444e-08,paper,0.13719643563905035,0.37040037208276444,0.058142672070754374,0.00969044534512573,0.9541010642098504,0.37040037208276444,0.364660161674836,0.06245817149423804,785648.1436078759
21,1000.0,maxwell,0.05003007440134733,4.448495197483147e-06,1e-08,4.726526147325844e-07,paper,0.13719643563905035,0.37040037208276444,0.058142672070754374,0.00969044534512573,0.9541010642098504,0.37040037208276444,0.364660161674836,0.06245817149423804,785648.1436078759
21,10000.0,maxwell,0.05003007440134733,4.448495197483148e-05,1e-08,4.726526147325844e-06,paper,0.13719643563905035,0.37040037208276444,0.058142672070754374,0.00969044534512573,0.9541010642098504,0.37040037208276444,0.364660161674836,0.06245817149423804,785648.1436078759
21,1.0,grain,0.050030602221280245,3.0940989545906878e-09,1e-08,0.0,paper,0.13719643563905035,0.37040037208276444,0.058142672070754374,0.00969044534512573,0.9541010642098504,0.37040037208276444,0.364660161674836,0.06245817149423804,785648.1436078759
21,2.5,grain,0.05003060223651584,1.237675306480504e-09,1e-08,0.0,paper,0.13719643563905035,0.37040037208276444,0.058142672070754374,0.00969044534512573,0.9541010642098504,0.37040037208276444,0.364660161674836,0.06245817149423804,785648.1436078759
21,10.0,grain,0.050030602239236575,3.0942042152457133e-10,1e-08,0.0,paper,0.13719643563905035,0.37040037208276444,0.058142672070754374,0.00969044534512573,0.9541010642098504,0.37040037208276444,0.364660161674836,0.06245817149423804,785648.1436078759
21,100.0,grain,0.05003060223941615,3.0942052678884306e-11,1e-08,0.0,paper,0.13719643563905035,0.37040037208276444,0.058142672070754374,0.00969044534512573,0.9541010642098504,0.37040037208276444,0.364660161674836,0.06245817149423804,785648.1436078759
21,1000.0,grain,0.050030602239417944,3.0942052784148618e-12,1e-08,0.0,paper,0.13719643563905035,0.37040037208276444,0.058142672070754374,0.00969044534512573,0.9541010642098504,0.37040037208276444,0.364660161674836,0.06245817149423804,785648.1436078759
21,10000.0,grain,0.05003060223941796,3.0942052785201254e-13,1e-08,0.0,paper,0.13719643563905035,0.37040037208276444,0.058142672070754374,0.00969044534512573,0.9541010642098504,0.37040037208276444,0.364660161674836,0.06245817149423804,785648.1436078759
21,1.0,interface,0.1081727464721017,0.00969044534512573,1e-08,0.0,paper,0.13719643563905035,0.37040037208276444,0.058142672070754374,0.00969044534512573,0.9541010642098504,0.37040037208276444,0.364660161674836,0.06245817149423804,785648.1436078759
21,2.5,interface,0.1081727464721017,0.00969044534512573,1e-08,0.0,paper,0.13719643563905035,0.37040037208276444,0.058142672070754374,0.00969044534512573,0.9541010642098504,0.37040037208276444,0.364660161674836,0.06245817149423804,785648.1436078759
21,10.0,interface,0.1081727464721017,0.00969044534512573,1e-08,0.0,paper,0.13719643563905035,0.37040037208276444,0.058142672070754374,0.00969044534512573,0.9541010642098504,0.37040037208276444,0.364660161674836,0.06245817149423804,785648.1436078759
21,100.0,interface,0.1081727464721017,0.00969044534512573,1e-08,0.0,paper,0.13719643563905035,0.37040037208276444,0.058142672070754374,0.00969044534512573,0.9541010642098504,0.37040037208276444,0.364660161674836,0.06245817149423804,785648.1436078759
21,1000.0,interface,0.1081727464721017,0.00969044534512573,1e-08,0.0,paper,0.13719643563905035,0.37040037208276444,0.058142672070754374,0.00969044534512573,0.9541010642098504,0.37040037208276444,0.364660161674836,0.06245817149423804,785648.1436078759
21,10000.0,interface,0.1081727464721017,0.00969044534512573,1e-08,0.0,paper,0.13719643563905035,0.37040037208276444,0.058142672070754374,0.00969044534512573,0.9541010642098504,0.37040037208276444,0.364660161674836,0.06245817149423804,785648.1436078759
21,1.0,all,0.10817327429203462,0.009690452887719882,1e-08,4.726526147325844e-10,paper,0.13719643563905035,0.37040037208276444,0.058142672070754374,0.00969044534512573,0.9541010642098504,0.37040037208276444,0.364660161674836,0.06245817149423804,785648.1436078759
21,2.5,all,0.10817327430727022,0.009690457704039031,1e-08,1.1816315368314611e-09,paper,0.13719643563905035,0.37040037208276444,0.058142672070754374,0.00969044534512573,0.9541010642098504,0.37040037208276444,0.364660161674836,0.06245817149423804,785648.1436078759
21,10.0,all,0.10817327430999095,0.009690490139498128,1e-08,4.7265261473258444e-09,paper,0.13719643563905035,0.37040037208276444,0.058142672070754374,0.00969044534512573,0.9541010642098504,0.37040037208276444,0.364660161674836,0.06245817149423804,785648.1436078759
21,100.0,all,0.10817327431017051,0.009690890225587532,1e-08,4.7265261473258444e-08,paper,0.13719643563905035,0.37040037208276444,0.058142672070754374,0.00969044534512573,0.9541010642098504,0.37040037208276444,0.364660161674836,0.06245817149423804,785648.1436078759
21,1000.0,all,0.10817327431017232,0.009694893843417419,1e-08,4.726526147325844e-07,paper,0.13719643563905035,0.37040037208276444,0.058142672070754374,0.00969044534512573,0.9541010642098504,0.37040037208276444,0.364660161674836,0.06245817149423804,785648.1436078759
21,10000.0,all,0.10817327431017233,0.009734930297409983,1e-08,4.726526147325844e-06,paper,0.13719643563905035,0.37040037208276444,0.058142672070754374,0.00969044534512573,0.9541010642098504,0.37040037208276444,0.364660161674836,0.06245817149423804,785648.1436078759
22,1.0,maxwell,0.05100559888710007,4.448495197483147e-09,1e-08,4.726526147325844e-10,paper,0.13586167994079498,0.3685941941224726,0.024228400570271893,0.004038066761711982,0.9648173964483311,0.3685941941224726,0.375422995721288,0.034503832368490694,328988.540924182
22,2.5,maxwell,0.05100559888710007,1.112123799370787e-08,1e-08,1.1816315368314611e-09,paper,0.13586167994079498,0.3685941941224726,0.024228400570271893,0.004038066761711982,0.9648173964483311,0.3685941941224726,0.375422995721288,0.034503832368490694,328988.540924182
22,10.0,maxwell,0.05100559888710007,4.448495197483148e-08,1e-08,4.7265261473258444e-09,paper,0.13586167994079498,0.3685941941224726,0.024228400570271893,0.004038066761711982,0.9648173964483311,0.3685941941224726,0.375422995721288,0.034503832368490694,328988.540924182
22,100.0,maxwell,0.05100559888710007,4.4484951974831477e-07,1e-08,4.7265261473258444e-08,paper,0.13586167994079498,0.3685941941224726,0.024228400570271893,0.004038066761711982,0.9648173964483311,0.3685941941224726,0.375422995721288,0.034503832368490694,328988.540924182
22,1000.0,maxwell,0.05100559888710007,4.448495197483147e-06,1e-08,4.726526147325844e-07,paper,0.13586167994079498,0.3685941941224726,0.024228400570271893,0.004038066761711982,0.9648173964483311,0.3685941941224726,0.375422995721288,0.034503832368490694,328988.540924182
22,10000.0,maxwell,0.05100559888710007,4.448495197483148e-05,1e-08,4.726526147325844e-06,paper,0.13586167994079498,0.3685941941224726,0.024228400570271893,0.004038066761711982,0.9648173964483311,0.3685941941224726,0.375422995721288,0.034503832368490694,328988.540924182
22,1.0,grain,0.05100606183310492,3.850815221863515e-09,1e-08,0.0,paper,0.13586167994079498,0.3685941941224726,0.024228400570271893,0.004038066761711982,0.9648173964483311,0.3685941941224726,0.375422995721288,0.034503832368490694,328988.540924182
22,2.5,grain,0.051006061860010936,1.5404156111683773e-09,1e-08,0.0,paper,0.13586167994079498,0.3685941941224726,0.024228400570271893,0.004038066761711982,0.9648173964483311,0.3685941941224726,0.375422995721288,0.034503832368490694,328988.540924182
22,10.0,grain,0.05100606186481591,3.8510789960258995e-10,1e-08,0.0,paper,0.13586167994079498,0.3685941941224726,0.024228400570271893,0.004038066761711982,0.9648173964483311,0.3685941941224726,0.375422995721288,0.034503832368490694,328988.540924182
22,100.0,grain,0.05100606186513305,3.8510816339500105e-11,1e-08,0.0,paper,0.13586167994079498,0.3685941941224726,0.024228400570271893,0.004038066761711982,0.9648173964483311,0.3685941941224726,0.375422995721288,0.034503832368490694,328988.540924182
22,1000.0,grain,0.05100606186513622,3.85108166032927e-12,1e-08,0.0,paper,0.13586167994079498,0.3685941941224726,0.024228400570271893,0.004038066761711982,0.9648173964483311,0.3685941941224726,0.375422995721288,0.034503832368490694,328988.540924182
22,10000.0,grain,0.051006061865136246,3.851081660593062e-13,1e-08,0.0,paper,0.13586167994079498,0.3685941941224726,0.024228400570271893,0.004038066761711982,0.9648173964483311,0.3685941941224726,0.375422995721288,0.034503832368490694,328988.540924182
22,1.0,interface,0.07523399945737197,0.004038066761711982,1e-08,0.0,paper,0.13586167994079498,0.3685941941224726,0.024228400570271893,0.004038066761711982,0.9648173964483311,0.3685941941224726,0.375422995721288,0.034503832368490694,328988.540924182
22,2.5,interface,0.07523399945737197,0.004038066761711982,1e-08,0.0,paper,0.13586167994079498,0.3685941941224726,0.024228400570271893,0.004038066761711982,0.9648173964483311,0.3685941941224726,0.375422995721288,0.034503832368490694,328988.540924182
22,10.0,interface,0.07523399945737197,0.004038066761711982,1e-08,0.0,paper,0.13586167994079498,0.3685941941224726,0.024228400570271893,0.004038066761711982,0.9648173964483311,0.3685941941224726,0.375422995721288,0.034503832368490694,328988.540924182
22,100.0,interface,0.07523399945737197,0.004038066761711982,1e-08,0.0,paper,0.13586167994079498,0.3685941941224726,0.024228400570271893,0.004038066761711982,0.9648173964483311,0.3685941941224726,0.375422995721288,0.034503832368490694,328988.540924182
22,1000.0,interface,0.07523399945737197,0.004038066761711982,1e-08,0.0,paper,0.13586167994079498,0.3685941941224726,0.024228400570271893,0.004038066761711982,0.9648173964483311,0.3685941941224726,0.375422995721288,0.034503832368490694,328988.540924182
22,10000.0,interface,0.07523399945737197,0.004038066761711982,1e-08,0.0,paper,0.13586167994079498,0.3685941941224726,0.024228400570271893,0.004038066761711982,0.9648173964483311,0.3685941941224726,0.375422995721288,0.034503832368490694,328988.540924182
22,1.0,all,0.0752344624033768,0.004038075061022402,1e-08,4.726526147325844e-10,paper,0.13586167994079498,0.3685941941224726,0.024228400570271893,0.004038066761711982,0.9648173964483311,0.3685941941224726,0.375422995721288,0.034503832368490694,328988.540924182
22,2.5,all,0.07523446243028283,0.004038079423365587,1e-08,1.1816315368314611e-09,paper,0.13586167994079498,0.3685941941224726,0.024228400570271893,0.004038066761711982,0.9648173964483311,0.3685941941224726,0.375422995721288,0.034503832368490694,328988.540924182
22,10.0,all,0.0752344624350878,0.004038111631771857,1e-08,4.7265261473258444e-09,paper,0.13586167994079498,0.3685941941224726,0.024228400570271893,0.004038066761711982,0.9648173964483311,0.3685941941224726,0.375422995721288,0.034503832368490694,328988.540924182
22,100.0,all,0.07523446243540494,0.004038511649742547,1e-08,4.7265261473258444e-08,paper,0.13586167994079498,0.3685941941224726,0.024228400570271893,0.004038066761711982,0.9648173964483311,0.3685941941224726,0.375422995721288,0.034503832368490694,328988.540924182
22,1000.0,all,0.07523446243540811,0.004042515260760547,1e-08,4.726526147325844e-07,paper,0.13586167994079498,0.3685941941224726,0.024228400570271893,0.004038066761711982,0.9648173964483311,0.3685941941224726,0.375422995721288,0.034503832368490694,328988.540924182
22,10000.0,all,0.07523446243540814,0.0040825517140719225,1e-08,4.726526147325844e-06,paper,0.13586167994079498,0.3685941941224726,0.024228400570271893,0.004038066761711982,0.9648173964483311,0.3685941941224726,0.375422995721288,0.034503832368490694,328988.540924182
23,1.0,maxwell,0.055378010620859515,4.448495197483147e-09,1e-08,4.726526147325844e-10,paper,0.14339731381175994,0.37867837779804636,0.022958959536972592,0.003826493256162099,0.9739529037437203,0.37867837779804636,0.38618582976774,0.043394457719034746,303449.34944645275
23,2.5,maxwell,0.055378010620859515,1.112123799370787e-08,1e-08,1.1816315368314611e-09,paper,0.14339731381175994,0.37867837779804636,0.022958959536972592,0.003826493256162099,0.9739529037437203,0.37867837779804636,0.38618582976774,0.043394457719034746,303449.34944645275
23,10.0,maxwell,0.055378010620859515,4.448495197483148e-08,1e-08,4.7265261473258444e-09,paper,0.14339731381175994,0.37867837779804636,0.022958959536972592,0.003826493256162099,0.9739529037437203,0.37867837779804636,0.38618582976774,0.043394457719034746,303449.34944645275
23,100.0,maxwell,0.055378010620859515,4.4484951974831477e-07,1e-08,4.7265261473258444e-08,paper,0.14339731381175994,0.37867837779804636,0.022958959536972592,0.003826493256162099,0.9739529037437203,0.37867837779804636,0.38618582976774,0.043394457719034746,303449.34944645275
23,1000.0,maxwell,0.055378010620859515,4.448495197483147e-06,1e-08,4.726526147325844e-07,paper,0.14339731381175994,0.37867837779804636,0.022958959536972592,0.003826493256162099,0.9739529037437203,0.37867837779804636,0.38618582976774,0.043394457719034746,303449.34944645275
23,10000.0,maxwell,0.055378010620859515,4.448495197483148e-05,1e-08,4.726526147325844e-06,paper,0.14339731381175994,0.37867837779804636,0.022958959536972592,0.003826493256162099,0.9739529037437203,0.37867837779804636,0.38618582976774,0.043394457719034746,303449.34944645275
23,1.0,grain,0.0553783604188146,4.578428649247949e-09,1e-08,0.0,paper,0.14339731381175994,0.37867837779804636,0.022958959536972592,0.003826493256162099,0.9739529037437203,0.37867837779804636,0.38618582976774,0.043394457719034746,303449.34944645275
23,2.5,grain,0.0553783604691511,1.8316349970598626e-09,1e-08,0.0,paper,0.14339731381175994,0.37867837779804636,0.022958959536972592,0.003826493256162099,0.9739529037437203,0.37867837779804636,0.38618582976774,0.043394457719034746,303449.34944645275
23,10.0,grain,0.05537836047814129,4.579205163210967e-10,1e-08,0.0,paper,0.14339731381175994,0.37867837779804636,0.022958959536972592,0.003826493256162099,0.9739529037437203,0.37867837779804636,0.38618582976774,0.043394457719034746,303449.34944645275
23,100.0,grain,0.05537836047873466,4.5792129296807576e-11,1e-08,0.0,paper,0.14339731381175994,0.37867837779804636,0.022958959536972592,0.003826493256162099,0.9739529037437203,0.37867837779804636,0.38618582976774,0.043394457719034746,303449.34944645275
23,1000.0,grain,0.05537836047874059,4.579213007345588e-12,1e-08,0.0,paper,0.14339731381175994,0.37867837779804636,0.022958959536972592,0.003826493256162099,0.9739529037437203,0.37867837779804636,0.38618582976774,0.043394457719034746,303449.34944645275
23,10000.0,grain,0.05537836047874065,4.579213008122236e-13,1e-08,0.0,paper,0.14339731381175994,0.37867837779804636,0.022958959536972592,0.003826493256162099,0.9739529037437203,0.37867837779804636,0.38618582976774,0.043394457719034746,303449.34944645275
23,1.0,interface,0.07833697015783211,0.003826493256162099,1e-08,0.0,paper,0.14339731381175994,0.37867837779804636,0.022958959536972592,0.003826493256162099,0.9739529037437203,0.37867837779804636,0.38618582976774,0.043394457719034746,303449.34944645275
23,2.5,interface,0.07833697015783211,0.003826493256162099,1e-08,0.0,paper,0.14339731381175994,0.37867837779804636,0.022958959536972592,0.003826493256162099,0.9739529037437203,0.37867837779804636,0.38618582976774,0.043394457719034746,303449.34944645275
23,10.0,interface,0.07833697015783211,0.003826493256162099,1e-08,0.0,paper,0.14339731381175994,0.37867837779804636,0.022958959536972592,0.003826493256162099,0.9739529037437203,0.37867837779804636,0.38618582976774,0.043394457719034746,303449.34944645275
23,100.0,interface,0.07833697015783211,0.003826493256162099,1e-08,0.0,paper,0.14339731381175994,0.37867837779804636,0.022958959536972592,0.003826493256162099,0.9739529037437203,0.37867837779804636,0.38618582976774,0.043394457719034746,303449.34944645275
23,1000.0,interface,0.07833697015783211,0.003826493256162099,1e-08,0.0,paper,0.14339731381175994,0.37867837779804636,0.022958959536972592,0.003826493256162099,0.9739529037437203,0.37867837779804636,0.38618582976774,0.043394457719034746,303449.34944645275
23,10000.0,interface,0.07833697015783211,0.003826493256162099,1e-08,0.0,paper,0.14339731381175994,0.37867837779804636,0.022958959536972592,0.003826493256162099,0.9739529037437203,0.37867837779804636,0.38618582976774,0.043394457719034746,303449.34944645275
23,1.0,all,0.07833731995578719,0.003826502283085946,1e-08,4.726526147325844e-10,paper,0.14339731381175994,0.37867837779804636,0.022958959536972592,0.003826493256162099,0.9739529037437203,0.37867837779804636,0.38618582976774,0.043394457719034746,303449.34944645275
23,2.5,all,0.0783373200061237,0.00382650620903509,1e-08,1.1816315368314611e-09,paper,0.14339731381175994,0.37867837779804636,0.022958959536972592,0.003826493256162099,0.9739529037437203,0.37867837779804636,0.38618582976774,0.043394457719034746,303449.34944645275
23,10.0,all,0.07833732001511388,0.0038265381990345904,1e-08,4.7265261473258444e-09,paper,0.14339731381175994,0.37867837779804636,0.022958959536972592,0.003826493256162099,0.9739529037437203,0.37867837779804636,0.38618582976774,0.043394457719034746,303449.34944645275
23,100.0,all,0.07833732001570726,0.003826938151473977,1e-08,4.7265261473258444e-08,paper,0.14339731381175994,0.37867837779804636,0.022958959536972592,0.003826493256162099,0.9739529037437203,0.37867837779804636,0.38618582976774,0.043394457719034746,303449.34944645275
23,1000.0,all,0.07833732001571318,0.0038309417559387955,1e-08,4.726526147325844e-07,paper,0.14339731381175994,0.37867837779804636,0.022958959536972592,0.003826493256162099,0.9739529037437203,0.37867837779804636,0.38618582976774,0.043394457719034746,303449.34944645275
23,10000.0,all,0.07833732001571325,0.003870978208594852,1e-08,4.726526147325844e-06,paper,0.14339731381175994,0.37867837779804636,0.022958959536972592,0.003826493256162099,0.9739529037437203,0.37867837779804636,0.38618582976774,0.043394457719034746,303449.34944645275
24,1.0,maxwell,0.058122457304818374,4.448495197483147e-09,1e-08,4.726526147325844e-10,paper,0.14642310858621496,0.3826527258314188,0.013544172296337762,0.002257362049389627,0.9813373545536541,0.3826527258314188,0.396948663814192,0.03562597122056989,177154.49428599013
24,2.5,maxwell,0.058122457304818374,1.112123799370787e-08,1e-08,1.1816315368314611e-09,paper,0.14642310858621496,0.3826527258314188,0.013544172296337762,0.002257362049389627,0.9813373545536541,0.3826527258314188,0.396948663814192,0.03562597122056989,177154.49428599013
24,10.0,maxwell,0.058122457304818374,4.448495197483148e-08,1e-08,4.7265261473258444e-09,paper,0.14642310858621496,0.3826527258314188,0.013544172296337762,0.002257362049389627,0.9813373545536541,0.3826527258314188,0.396948663814192,0.03562597122056989,177154.49428599013
24,100.0,maxwell,0.058122457304818374,4.4484951974831477e-07,1e-08,4.7265261473258444e-08,paper,0.14642310858621496,0.3826527258314188,0.013544172296337762,0.002257362049389627,0.9813373545536541,0.3826527258314188,0.396948663814192,0.03562597122056989,177154.49428599013
24,1000.0,maxwell,0.058122457304818374,4.448495197483147e-06,1e-08,4.726526147325844e-07,paper,0.14642310858621496,0.3826527258314188,0.013544172296337762,0.002257362049389627,0.9813373545536541,0.3826527258314188,0.396948663814192,0.03562597122056989,177154.49428599013
24,10000.0,maxwell,0.058122457304818374,4.448495197483148e-05,1e-08,4.726526147325844e-06,paper,0.14642310858621496,0.3826527258314188,0.013544172296337762,0.002257362049389627,0.9813373545536541,0.3826527258314188,0.396948663814192,0.03562597122056989,177154.49428599013
24,1.0,grain,0.05812276028812876,7.282999493093157e-09,1e-08,0.0,paper,0.14642310858621496,0.3826527258314188,0.013544172296337762,0.002257362049389627,0.9813373545536541,0.3826527258314188,0.396948663814192,0.03562597122056989,177154.49428599013
24,2.5,grain,0.05812276043517062,2.9146136121411995e-09,1e-08,0.0,paper,0.14642310858621496,0.3826527258314188,0.013544172296337762,0.002257362049389627,0.9813373545536541,0.3826527258314188,0.396948663814192,0.03562597122056989,177154.49428599013
24,10.0,grain,0.058122760461443115,7.287165558765027e-10,1e-08,0.0,paper,0.14642310858621496,0.3826527258314188,0.013544172296337762,0.002257362049389627,0.9813373545536541,0.3826527258314188,0.396948663814192,0.03562597122056989,177154.49428599013
24,100.0,grain,0.058122760463177256,7.287207243491174e-11,1e-08,0.0,paper,0.14642310858621496,0.3826527258314188,0.013544172296337762,0.002257362049389627,0.9813373545536541,0.3826527258314188,0.396948663814192,0.03562597122056989,177154.49428599013
24,1000.0,grain,0.058122760463194596,7.287207660340845e-12,1e-08,0.0,paper,0.14642310858621496,0.3826527258314188,0.013544172296337762,0.002257362049389627,0.9813373545536541,0.3826527258314188,0.396948663814192,0.03562597122056989,177154.49428599013
24,10000.0,grain,0.05812276046319477,7.287207664509343e-13,1e-08,0.0,paper,0.14642310858621496,0.3826527258314188,0.013544172296337762,0.002257362049389627,0.9813373545536541,0.3826527258314188,0.396948663814192,0.03562597122056989,177154.49428599013
24,1.0,interface,0.07166662960115613,0.002257362049389627,1e-08,0.0,paper,0.14642310858621496,0.3826527258314188,0.013544172296337762,0.002257362049389627,0.9813373545536541,0.3826527258314188,0.396948663814192,0.03562597122056989,177154.49428599013
24,2.5,interface,0.07166662960115613,0.002257362049389627,1e-08,0.0,paper,0.14642310858621496,0.3826527258314188,0.013544172296337762,0.002257362049389627,0.9813373545536541,0.3826527258314188,0.396948663814192,0.03562597122056989,177154.49428599013
24,10.0,interface,0.07166662960115613,0.002257362049389627,1e-08,0.0,paper,0.14642310858621496,0.3826527258314188,0.013544172296337762,0.002257362049389627,0.9813373545536541,0.3826527258314188,0.396948663814192,0.03562597122056989,177154.49428599013
24,100.0,interface,0.07166662960115613,0.002257362049389627,1e-08,0.0,paper,0.14642310858621496,0.3826527258314188,0.013544172296337762,0.002257362049389627,0.9813373545536541,0.3826527258314188,0.396948663814192,0.03562597122056989,177154.49428599013
24,1000.0,interface,0.07166662960115613,0.002257362049389627,1e-08,0.0,paper,0.14642310858621496,0.3826527258314188,0.013544172296337762,0.002257362049389627,0.9813373545536541,0.3826527258314188,0.396948663814192,0.03562597122056989,177154.49428599013
24,10000.0,interface,0.07166662960115613,0.002257362049389627,1e-08,0.0,paper,0.14642310858621496,0.3826527258314188,0.013544172296337762,0.002257362049389627,0.9813373545536541,0.3826527258314188,0.396948663814192,0.03562597122056989,177154.49428599013
24,1.0,all,0.07166693258446652,0.0022573737808843177,1e-08,4.726526147325844e-10,paper,0.14642310858621496,0.3826527258314188,0.013544172296337762,0.002257362049389627,0.9813373545536541,0.3826527258314188,0.396948663814192,0.03562597122056989,177154.49428599013
24,2.5,all,0.07166693273150838,0.002257376085241233,1e-08,1.1816315368314611e-09,paper,0.14642310858621496,0.3826527258314188,0.013544172296337762,0.002257362049389627,0.9813373545536541,0.3826527258314188,0.396948663814192,0.03562597122056989,177154.49428599013
24,10.0,all,0.07166693275778088,0.0022574072630581576,1e-08,4.7265261473258444e-09,paper,0.14642310858621496,0.3826527258314188,0.013544172296337762,0.002257362049389627,0.9813373545536541,0.3826527258314188,0.396948663814192,0.03562597122056989,177154.49428599013
24,100.0,all,0.07166693275951502,0.002257806971781448,1e-08,4.7265261473258444e-08,paper,0.14642310858621496,0.3826527258314188,0.013544172296337762,0.002257362049389627,0.9813373545536541,0.3826527258314188,0.396948663814192,0.03562597122056989,177154.49428599013
24,1000.0,all,0.07166693275953236,0.002261810551874318,1e-08,4.726526147325844e-07,paper,0.14642310858621496,0.3826527258314188,0.013544172296337762,0.002257362049389627,0.9813373545536541,0.3826527258314188,0.396948663814192,0.03562597122056989,177154.49428599013
24,10000.0,all,0.07166693275953254,0.0023018470020931795,1e-08,4.726526147325844e-06,paper,0.14642310858621496,0.3826527258314188,0.013544172296337762,0.002257362049389627,0.9813373545536541,0.3826527258314188,0.396948663814192,0.03562597122056989,177154.49428599013
25,1.0,maxwell,0.07290860621057643,4.448495197483147e-09,1e-08,4.726526147325844e-10,paper,0.17882401304143902,0.42287588373119483,0.026422173580743998,0.004403695596790666,0.9880157004316031,0.42287588373119483,0.407711497860644,0.09860086878897314,312723.22708002036
25,2.5,maxwell,0.07290860621057643,1.112123799370787e-08,1e-08,1.1816315368314611e-09,paper,0.17882401304143902,0.42287588373119483,0.026422173580743998,0.004403695596790666,0.9880157004316031,0.42287588373119483,0.407711497860644,0.09860086878897314,312723.22708002036
25,10.0,maxwell,0.07290860621057643,4.448495197483148e-08,1e-08,4.7265261473258444e-09,paper,0.17882401304143902,0.42287588373119483,0.026422173580743998,0.004403695596790666,0.9880157004316031,0.42287588373119483,0.407711497860644,0.09860086878897314,312723.22708002036
25,100.0,maxwell,0.07290860621057643,4.4484951974831477e-07,1e-08,4.7265261473258444e-08,paper,0.17882401304143902,0.42287588373119483,0.026422173580743998,0.004403695596790666,0.9880157004316031,0.42287588373119483,0.407711497860644,0.09860086878897314,312723.22708002036
25,1000.0,maxwell,0.07290860621057643,4.448495197483147e-06,1e-08,4.726526147325844e-07,paper,0.17882401304143902,0.42287588373119483,0.026422173580743998,0.004403695596790666,0.9880157004316031,0.42287588373119483,0.407711497860644,0.09860086878897314,312723.22708002036
25,10000.0,maxwell,0.07290860621057643,4.448495197483148e-05,1e-08,4.726526147325844e-06,paper,0.17882401304143902,0.42287588373119483,0.026422173580743998,0.004403695596790666,0.9880157004316031,0.42287588373119483,0.407711497860644,0.09860086878897314,312723.22708002036
25,1.0,grain,0.0729087895813599,1.0849404326460413e-08,1e-08,0.0,paper,0.17882401304143902,0.42287588373119483,0.026422173580743998,0.004403695596790666,0.9880157004316031,0.42287588373119483,0.407711497860644,0.09860086878897314,312723.22708002036
25,2.5,grain,0.07290879012027178,4.352515938603391e-09,1e-08,0.0,paper,0.17882401304143902,0.42287588373119483,0.026422173580743998,0.004403695596790666,0.9880157004316031,0.42287588373119483,0.407711497860644,0.09860086878897314,312723.22708002036
25,10.0,grain,0.07290879021683953,1.0887003421640917e-09,1e-08,0.0,paper,0.17882401304143902,0.42287588373119483,0.026422173580743998,0.004403695596790666,0.9880157004316031,0.42287588373119483,0.407711497860644,0.09860086878897314,312723.22708002036
25,100.0,grain,0.07290879022321659,1.08873807286819e-10,1e-08,0.0,paper,0.17882401304143902,0.42287588373119483,0.026422173580743998,0.004403695596790666,0.9880157004316031,0.42287588373119483,0.407711497860644,0.09860086878897314,312723.22708002036
25,1000.0,grain,0.07290879022328035,1.088738450188438e-11,1e-08,0.0,paper,0.17882401304143902,0.42287588373119483,0.026422173580743998,0.004403695596790666,0.9880157004316031,0.42287588373119483,0.407711497860644,0.09860086878897314,312723.22708002036
25,10000.0,grain,0.07290879022328099,1.0887384539616418e-12,1e-08,0.0,paper,0.17882401304143902,0.42287588373119483,0.026422173580743998,0.004403695596790666,0.9880157004316031,0.42287588373119483,0.407711497860644,0.09860086878897314,312723.22708002036
25,1.0,interface,0.09933077979132043,0.004403695596790666,1e-08,0.0,paper,0.17882401304143902,0.42287588373119483,0.026422173580743998,0.004403695596790666,0.9880157004316031,0.42287588373119483,0.407711497860644,0.09860086878897314,312723.22708002036
25,2.5,interface,0.09933077979132043,0.004403695596790666,1e-08,0.0,paper,0.17882401304143902,0.42287588373119483,0.026422173580743998,0.004403695596790666,0.9880157004316031,0.42287588373119483,0.407711497860644,0.09860086878897314,312723.22708002036
25,10.0,interface,0.09933077979132043,0.004403695596790666,1e-08,0.0,paper,0.17882401304143902,0.42287588373119483,0.026422173580743998,0.004403695596790666,0.9880157004316031,0.42287588373119483,0.407711497860644,0.09860086878897314,312723.22708002036
25,100.0,interface,0.09933077979132043,0.004403695596790666,1e-08,0.0,paper,0.17882401304143902,0.42287588373119483,0.026422173580743998,0.004403695596790666,0.9880157004316031,0.42287588373119483,0.407711497860644,0.09860086878897314,312723.22708002036
25,1000.0,interface,0.09933077979132043,0.004403695596790666,1e-08,0.0,paper,0.17882401304143902,0.42287588373119483,0.026422173580743998,0.004403695596790666,0.9880157004316031,0.42287588373119483,0.407711497860644,0.09860086878897314,312723.22708002036
25,10000.0,interface,0.09933077979132043,0.004403695596790666,1e-08,0.0,paper,0.17882401304143902,0.42287588373119483,0.026422173580743998,0.004403695596790666,0.9880157004316031,0.42287588373119483,0.407711497860644,0.09860086878897314,312723.22708002036
25,1.0,all,0.09933096316210391,0.00440371089469019,1e-08,4.726526147325844e-10,paper,0.17882401304143902,0.42287588373119483,0.026422173580743998,0.004403695596790666,0.9880157004316031,0.42287588373119483,0.407711497860644,0.09860086878897314,312723.22708002036
25,2.5,all,0.09933096370101578,0.004403711070544599,1e-08,1.1816315368314611e-09,paper,0.17882401304143902,0.42287588373119483,0.026422173580743998,0.004403695596790666,0.9880157004316031,0.42287588373119483,0.407711497860644,0.09860086878897314,312723.22708002036
25,10.0,all,0.09933096379758354,0.004403741170442984,1e-08,4.7265261473258444e-09,paper,0.17882401304143902,0.42287588373119483,0.026422173580743998,0.004403695596790666,0.9880157004316031,0.42287588373119483,0.407711497860644,0.09860086878897314,312723.22708002036
25,100.0,all,0.09933096380396059,0.004404140555184222,1e-08,4.7265261473258444e-08,paper,0.17882401304143902,0.42287588373119483,0.026422173580743998,0.004403695596790666,0.9880157004316031,0.42287588373119483,0.407711497860644,0.09860086878897314,312723.22708002036
25,1000.0,all,0.09933096380402436,0.004408144102875534,1e-08,4.726526147325844e-07,paper,0.17882401304143902,0.42287588373119483,0.026422173580743998,0.004403695596790666,0.9880157004316031,0.42287588373119483,0.407711497860644,0.09860086878897314,312723.22708002036
25,10000.0,all,0.099330963804025,0.004448180549854236,1e-08,4.726526147325844e-06,paper,0.17882401304143902,0.42287588373119483,0.026422173580743998,0.004403695596790666,0.9880157004316031,0.42287588373119483,0.407711497860644,0.09860086878897314,312723.22708002036
26,1.0,maxwell,0.07159205005712527,4.448495197483147e-09,1e-08,4.726526147325844e-10,paper,0.17107871283493478,0.4136166254334257,0.00805388429375069,0.001342314048958448,0.9941526774241723,0.4136166254334257,0.41847433190709604,0.06336907410629654,97456.74791895306
26,2.5,maxwell,0.07159205005712527,1.112123799370787e-08,1e-08,1.1816315368314611e-09,paper,0.17107871283493478,0.4136166254334257,0.00805388429375069,0.001342314048958448,0.9941526774241723,0.4136166254334257,0.41847433190709604,0.06336907410629654,97456.74791895306
26,10.0,maxwell,0.07159205005712527,4.448495197483148e-08,1e-08,4.7265261473258444e-09,paper,0.17107871283493478,0.4136166254334257,0.00805388429375069,0.001342314048958448,0.9941526774241723,0.4136166254334257,0.41847433190709604,0.06336907410629654,97456.74791895306
26,100.0,maxwell,0.07159205005712527,4.4484951974831477e-07,1e-08,4.7265261473258444e-08,paper,0.17107871283493478,0.4136166254334257,0.00805388429375069,0.001342314048958448,0.9941526774241723,0.4136166254334257,0.41847433190709604,0.06336907410629654,97456.74791895306
26,1000.0,maxwell,0.07159205005712527,4.448495197483147e-06,1e-08,4.726526147325844e-07,paper,0.17107871283493478,0.4136166254334257,0.00805388429375069,0.001342314048958448,0.9941526774241723,0.4136166254334257,0.41847433190709604,0.06336907410629654,97456.74791895306
26,10000.0,maxwell,0.07159205005712527,4.448495197483148e-05,1e-08,4.726526147325844e-06,paper,0.17107871283493478,0.4136166254334257,0.00805388429375069,0.001342314048958448,0.9941526774241723,0.4136166254334257,0.41847433190709604,0.06336907410629654,97456.74791895306
26,1.0,grain,0.07159207082081565,2.1848287853055322e-08,1e-08,0.0,paper,0.17107871283493478,0.4136166254334257,0.00805388429375069,0.001342314048958448,0.9941526774241723,0.4136166254334257,0.41847433190709604,0.06336907410629654,97456.74791895306
26,2.5,grain,0.0715920872258471,1.5644096379585995e-08,1e-08,0.0,paper,0.17107871283493478,0.4136166254334257,0.00805388429375069,0.001342314048958448,0.9941526774241723,0.4136166254334257,0.41847433190709604,0.06336907410629654,97456.74791895306
26,10.0,grain,0.0715920933312248,4.5534534844015484e-09,1e-08,0.0,paper,0.17107871283493478,0.4136166254334257,0.00805388429375069,0.001342314048958448,0.9941526774241723,0.4136166254334257,0.41847433190709604,0.06336907410629654,97456.74791895306
26,100.0,grain,0.07159209380551142,4.6033595974788903e-10,1e-08,0.0,paper,0.17107871283493478,0.4136166254334257,0.00805388429375069,0.001342314048958448,0.9941526774241723,0.4136166254334257,0.41847433190709604,0.06336907410629654,97456.74791895306
26,1000.0,grain,0.0715920938103068,4.6038641836514073e-11,1e-08,0.0,paper,0.17107871283493478,0.4136166254334257,0.00805388429375069,0.001342314048958448,0.9941526774241723,0.4136166254334257,0.41847433190709604,0.06336907410629654,97456.74791895306
26,10000.0,grain,0.07159209381035475,4.603869230071753e-12,1e-08,0.0,paper,0.17107871283493478,0.4136166254334257,0.00805388429375069,0.001342314048958448,0.9941526774241723,0.4136166254334257,0.41847433190709604,0.06336907410629654,97456.74791895306
26,1.0,interface,0.07964593435087595,0.001342314048958448,1e-08,0.0,paper,0.17107871283493478,0.4136166254334257,0.00805388429375069,0.001342314048958448,0.9941526774241723,0.4136166254334257,0.41847433190709604,0.06336907410629654,97456.74791895306
26,2.5,interface,0.07964593435087595,0.001342314048958448,1e-08,0.0,paper,0.17107871283493478,0.4136166254334257,0.00805388429375069,0.001342314048958448,0.9941526774241723,0.4136166254334257,0.41847433190709604,0.06336907410629654,97456.74791895306
26,10.0,interface,0.07964593435087595,0.001342314048958448,1e-08,0.0,paper,0.17107871283493478,0.4136166254334257,0.00805388429375069,0.001342314048958448,0.9941526774241723,0.4136166254334257,0.41847433190709604,0.06336907410629654,97456.74791895306
26,100.0,interface,0.07964593435087595,0.001342314048958448,1e-08,0.0,paper,0.17107871283493478,0.4136166254334257,0.00805388429375069,0.001342314048958448,0.9941526774241723,0.4136166254334257,0.41847433190709604,0.06336907410629654,97456.74791895306
26,1000.0,interface,0.07964593435087595,0.001342314048958448,1e-08,0.0,paper,0.17107871283493478,0.4136166254334257,0.00805388429375069,0.001342314048958448,0.9941526774241723,0.4136166254334257,0.41847433190709604,0.06336907410629654,97456.74791895306
26,10000.0,interface,0.07964593435087595,0.001342314048958448,1e-08,0.0,paper,0.17107871283493478,0.4136166254334257,0.00805388429375069,0.001342314048958448,0.9941526774241723,0.4136166254334257,0.41847433190709604,0.06336907410629654,97456.74791895306
26,1.0,all,0.07964595511456633,0.0013423403457414986,1e-08,4.726526147325844e-10,paper,0.17107871283493478,0.4136166254334257,0.00805388429375069,0.001342314048958448,0.9941526774241723,0.4136166254334257,0.41847433190709604,0.06336907410629654,97456.74791895306
26,2.5,all,0.07964597151959779,0.0013423408142928213,1e-08,1.1816315368314611e-09,paper,0.17107871283493478,0.4136166254334257,0.00805388429375069,0.001342314048958448,0.9941526774241723,0.4136166254334257,0.41847433190709604,0.06336907410629654,97456.74791895306
26,10.0,all,0.07964597762497548,0.0013423630873639072,1e-08,4.7265261473258444e-09,paper,0.17107871283493478,0.4136166254334257,0.00805388429375069,0.001342314048958448,0.9941526774241723,0.4136166254334257,0.41847433190709604,0.06336907410629654,97456.74791895306
26,100.0,all,0.0796459780992621,0.0013427593588141561,1e-08,4.7265261473258444e-08,paper,0.17107871283493478,0.4136166254334257,0.00805388429375069,0.001342314048958448,0.9941526774241723,0.4136166254334257,0.41847433190709604,0.06336907410629654,97456.74791895306
26,1000.0,all,0.07964597810405749,0.001346762590194573,1e-08,4.726526147325844e-07,paper,0.17107871283493478,0.4136166254334257,0.00805388429375069,0.001342314048958448,0.9941526774241723,0.4136166254334257,0.41847433190709604,0.06336907410629654,97456.74791895306
26,10000.0,all,0.07964597810410544,0.0013867990055371486,1e-08,4.726526147325844e-06,paper,0.17107871283493478,0.4136166254334257,0.00805388429375069,0.001342314048958448,0.9941526774241723,0.4136166254334257,0.41847433190709604,0.06336907410629654,97456.74791895306
27,1.0,maxwell,0.3480865192309997,4.448495197483147e-09,1e-08,4.726526147325844e-10,paper,0.8109421709970697,0.9005232762105984,0.0,0.0,1.0,0.9005232762105984,0.429237165953548,0.06943887060586026,0.0
27,2.5,maxwell,0.3480865192309997,1.112123799370787e-08,1e-08,1.1816315368314611e-09,paper,0.8109421709970697,0.9005232762105984,0.0,0.0,1.0,0.9005232762105984,0.429237165953548,0.06943887060586026,0.0
27,10.0,maxwell,0.3480865192309997,4.448495197483148e-08,1e-08,4.7265261473258444e-09,paper,0.8109421709970697,0.9005232762105984,0.0,0.0,1.0,0.9005232762105984,0.429237165953548,0.06943887060586026,0.0
27,100.0,maxwell,0.3480865192309997,4.4484951974831477e-07,1e-08,4.7265261473258444e-08,paper,0.8109421709970697,0.9005232762105984,0.0,0.0,1.0,0.9005232762105984,0.429237165953548,0.06943887060586026,0.0
27,1000.0,maxwell,0.3480865192309997,4.448495197483147e-06,1e-08,4.726526147325844e-07,paper,0.8109421709970697,0.9005232762105984,0.0,0.0,1.0,0.9005232762105984,0.429237165953548,0.06943887060586026,0.0
27,10000.0,maxwell,0.3480865192309997,4.448495197483148e-05,1e-08,4.726526147325844e-06,paper,0.8109421709970697,0.9005232762105984,0.0,0.0,1.0,0.9005232762105984,0.429237165953548,0.06943887060586026,0.0
27,1.0,grain,0.3480865192309997,0.0,1e-08,0.0,paper,0.8109421709970697,0.9005232762105984,0.0,0.0,1.0,0.9005232762105984,0.429237165953548,0.06943887060586026,0.0
27,2.5,grain,0.3480865192309997,0.0,1e-08,0.0,paper,0.8109421709970697,0.9005232762105984,0.0,0.0,1.0,0.9005232762105984,0.429237165953548,0.06943887060586026,0.0
27,10.0,grain,0.3480865192309997,0.0,1e-08,0.0,paper,0.8109421709970697,0.9005232762105984,0.0,0.0,1.0,0.9005232762105984,0.429237165953548,0.06943887060586026,0.0
27,100.0,grain,0.3480865192309997,0.0,1e-08,0.0,paper,0.8109421709970697,0.9005232762105984,0.0,0.0,1.0,0.9005232762105984,0.429237165953548,0.06943887060586026,0.0
27,1000.0,grain,0.3480865192309997,0.0,1e-08,0.0,paper,0.8109421709970697,0.9005232762105984,0.0,0.0,1.0,0.9005232762105984,0.429237165953548,0.06943887060586026,0.0
27,10000.0,grain,0.3480865192309997,0.0,1e-08,0.0,paper,0.8109421709970697,0.9005232762105984,0.0,0.0,1.0,0.9005232762105984,0.429237165953548,0.06943887060586026,0.0
27,1.0,interface,0.3480865192309997,0.0,1e-08,0.0,paper,0.8109421709970697,0.9005232762105984,0.0,0.0,1.0,0.9005232762105984,0.429237165953548,0.06943887060586026,0.0
27,2.5,interface,0.3480865192309997,0.0,1e-08,0.0,paper,0.8109421709970697,0.9005232762105984,0.0,0.0,1.0,0.9005232762105984,0.429237165953548,0.06943887060586026,0.0
27,10.0,interface,0.3480865192309997,0.0,1e-08,0.0,paper,0.8109421709970697,0.9005232762105984,0.0,0.0,1.0,0.9005232762105984,0.429237165953548,0.06943887060586026,0.0
27,100.0,interface,0.3480865192309997,0.0,1e-08,0.0,paper,0.8109421709970697,0.9005232762105984,0.0,0.0,1.0,0.9005232762105984,0.429237165953548,0.06943887060586026,0.0
27,1000.0,interface,0.3480865192309997,0.0,1e-08,0.0,paper,0.8109421709970697,0.9005232762105984,0.0,0.0,1.0,0.9005232762105984,0.429237165953548,0.06943887060586026,0.0
27,10000.0,interface,0.3480865192309997,0.0,1e-08,0.0,paper,0.8109421709970697,0.9005232762105984,0.0,0.0,1.0,0.9005232762105984,0.429237165953548,0.06943887060586026,0.0
27,1.0,all,0.3480865192309997,4.448495197483147e-09,1e-08,4.726526147325844e-10,paper,0.8109421709970697,0.9005232762105984,0.0,0.0,1.0,0.9005232762105984,0.429237165953548,0.06943887060586026,0.0
27,2.5,all,0.3480865192309997,1.112123799370787e-08,1e-08,1.1816315368314611e-09,paper,0.8109421709970697,0.9005232762105984,0.0,0.0,1.0,0.9005232762105984,0.429237165953548,0.06943887060586026,0.0
27,10.0,all,0.3480865192309997,4.448495197483148e-08,1e-08,4.7265261473258444e-09,paper,0.8109421709970697,0.9005232762105984,0.0,0.0,1.0,0.9005232762105984,0.429237165953548,0.06943887060586026,0.0
27,100.0,all,0.3480865192309997,4.4484951974831477e-07,1e-08,4.7265261473258444e-08,paper,0.8109421709970697,0.9005232762105984,0.0,0.0,1.0,0.9005232762105984,0.429237165953548,0.06943887060586026,0.0
27,1000.0,all,0.3480865192309997,4.448495197483147e-06,1e-08,4.726526147325844e-07,paper,0.8109421709970697,0.9005232762105984,0.0,0.0,1.0,0.9005232762105984,0.429237165953548,0.06943887060586026,0.0
27,10000.0,all,0.3480865192309997,4.448495197483148e-05,1e-08,4.726526147325844e-06,paper,0.8109421709970697,0.9005232762105984,0.0,0.0,1.0,0.9005232762105984,0.429237165953548,0.06943887060586026,0.0
28,1.0,maxwell,0.35302342442122925,4.448495197483147e-09,1e-08,4.726526147325844e-10,paper,0.8023259645937029,0.895726501,0.0,0.0,1.0,0.895726501,0.44,0.0,0.0
28,2.5,maxwell,0.35302342442122925,1.112123799370787e-08,1e-08,1.1816315368314611e-09,paper,0.8023259645937029,0.895726501,0.0,0.0,1.0,0.895726501,0.44,0.0,0.0
28,10.0,maxwell,0.35302342442122925,4.448495197483148e-08,1e-08,4.7265261473258444e-09,paper,0.8023259645937029,0.895726501,0.0,0.0,1.0,0.895726501,0.44,0.0,0.0
28,100.0,maxwell,0.35302342442122925,4.4484951974831477e-07,1e-08,4.7265261473258444e-08,paper,0.8023259645937029,0.895726501,0.0,0.0,1.0,0.895726501,0.44,0.0,0.0
28,1000.0,maxwell,0.35302342442122925,4.448495197483147e-06,1e-08,4.726526147325844e-07,paper,0.8023259645937029,0.895726501,0.0,0.0,1.0,0.895726501,0.44,0.0,0.0
28,10000.0,maxwell,0.35302342442122925,4.448495197483148e-05,1e-08,4.726526147325844e-06,paper,0.8023259645937029,0.895726501,0.0,0.0,1.0,0.895726501,0.44,0.0,0.0
28,1.0,grain,0.35302342442122925,0.0,1e-08,0.0,paper,0.8023259645937029,0.895726501,0.0,0.0,1.0,0.895726501,0.44,0.0,0.0
28,2.5,grain,0.35302342442122925,0.0,1e-08,0.0,paper,0.8023259645937029,0.895726501,0.0,0.0,1.0,0.895726501,0.44,0.0,0.0
28,10.0,grain,0.35302342442122925,0.0,1e-08,0.0,paper,0.8023259645937029,0.895726501,0.0,0.0,1.0,0.895726501,0.44,0.0,0.0
28,100.0,grain,0.35302342442122925,0.0,1e-08,0.0,paper,0.8023259645937029,0.895726501,0.0,0.0,1.0,0.895726501,0.44,0.0,0.0
28,1000.0,grain,0.35302342442122925,0.0,1e-08,0.0,paper,0.8023259645937029,0.895726501,0.0,0.0,1.0,0.895726501,0.44,0.0,0.0
28,10000.0,grain,0.35302342442122925,0.0,1e-08,0.0,paper,0.8023259645937029,0.895726501,0.0,0.0,1.0,0.895726501,0.44,0.0,0.0
28,1.0,interface,0.35302342442122925,0.0,1e-08,0.0,paper,0.8023259645937029,0.895726501,0.0,0.0,1.0,0.895726501,0.44,0.0,0.0
28,2.5,interface,0.35302342442122925,0.0,1e-08,0.0,paper,0.8023259645937029,0.895726501,0.0,0.0,1.0,0.895726501,0.44,0.0,0.0
28,10.0,interface,0.35302342442122925,0.0,1e-08,0.0,paper,0.8023259645937029,0.895726501,0.0,0.0,1.0,0.895726501,0.44,0.0,0.0
28,100.0,interface,0.35302342442122925,0.0,1e-08,0.0,paper,0.8023259645937029,0.895726501,0.0,0.0,1.0,0.895726501,0.44,0.0,0.0
28,1000.0,interface,0.35302342442122925,0.0,1e-08,0.0,paper,0.8023259645937029,0.895726501,0.0,0.0,1.0,0.895726501,0.44,0.0,0.0
28,10000.0,interface,0.35302342442122925,0.0,1e-08,0.0,paper,0.8023259645937029,0.895726501,0.0,0.0,1.0,0.895726501,0.44,0.0,0.0
28,1.0,all,0.35302342442122925,4.448495197483147e-09,1e-08,4.726526147325844e-10,paper,0.8023259645937029,0.895726501,0.0,0.0,1.0,0.895726501,0.44,0.0,0.0
28,2.5,all,0.35302342442122925,1.112123799370787e-08,1e-08,1.1816315368314611e-09,paper,0.8023259645937029,0.895726501,0.0,0.0,1.0,0.895726501,0.44,0.0,0.0
28,10.0,all,0.35302342442122925,4.448495197483148e-08,1e-08,4.7265261473258444e-09,paper,0.8023259645937029,0.895726501,0.0,0.0,1.0,0.895726501,0.44,0.0,0.0
28,100.0,all,0.35302342442122925,4.4484951974831477e-07,1e-08,4.7265261473258444e-08,paper,0.8023259645937029,0.895726501,0.0,0.0,1.0,0.895726501,0.44,0.0,0.0
28,1000.0,all,0.35302342442122925,4.448495197483147e-06,1e-08,4.726526147325844e-07,paper,0.8023259645937029,0.895726501,0.0,0.0,1.0,0.895726501,0.44,0.0,0.0
28,10000.0,all,0.35302342442122925,4.448495197483148e-05,1e-08,4.726526147325844e-06,paper,0.8023259645937029,0.895726501,0.0,0.0,1.0,0.895726501,0.44,0.0,0.0
